asset_path,source_path,source_commit,source_blob_sha,source_file_sha256,asset_sha256,evidence_class,thesis_use,citation_allowed,derived_or_copied,derivation,caveat
PROVENANCE.json,docs/RCA_EVIDENCE_INDEX.md;docs/RCA_FINAL_SCIENTIFIC_FREEZE_V1.md,9342e06db91945be2e44703437229ba45b18bda8,5ba06319ee858c38271644c7cbfe3f48d1730ab8;ccd78dbb27f276e424c9671df63f4fd594edb585,76a8df55036bc741c64bdeda6651d6f8801f3805eea470bf82a6f33f043f5f43;d0a3782d1835d986a59bf8f23e120c8dc14944ad8bf10f3698917d50ae4468d0,d60f41ba8348d6e765bad46d4f3f91af155f8b320f2f5406847a7682298e9b85,CANONICAL,package provenance and source boundary,true,DERIVED,Deterministic package provenance bound to the frozen source and exporter commit.,No ambient timestamp is used.
README.md,docs/RCA_EVIDENCE_INDEX.md;docs/RCA_FINAL_SCIENTIFIC_FREEZE_V1.md;docs/RCA_THESIS_CLAIM_MATRIX.md;docs/RCA_THESIS_RESULTS_PACKAGE.md,9342e06db91945be2e44703437229ba45b18bda8,5ba06319ee858c38271644c7cbfe3f48d1730ab8;ccd78dbb27f276e424c9671df63f4fd594edb585;927d66130b2ab2fdd991a03979b43fe57ca6308f;cc3f68f5042e43f87e3ede86b504ecb8d05ff7e7,76a8df55036bc741c64bdeda6651d6f8801f3805eea470bf82a6f33f043f5f43;d0a3782d1835d986a59bf8f23e120c8dc14944ad8bf10f3698917d50ae4468d0;01ff974721b68ab370445856b87c0ba1d38c68a9c1a2882d01ea865f54df275e;73c7d2345353d8bfb35e751da5926688dc28f4f61cc4777b063d396433bb230c,f6a72e60051c856ea646865902f600cb8213f6a2e07aaef4103deef6e604c0fc,CANONICAL,single thesis asset entry point,true,DERIVED,Deterministic package guide generated from the canonical evidence boundary.,
data/ablation/p3_bootstrap.csv,artifacts/bootstrap/p3_g1_bootstrap.json,9342e06db91945be2e44703437229ba45b18bda8,bbfa1167d4cf5048ed61e5703a91f04446581476,77c7d974c088d94ef6e31082410c5775c1028d1e00058426e905ab41dd7c46cf,4b25b6bf599b2382feeb9f600f6826b37b94f82ceb635a43ad2a119883cf64f1,DEVELOPMENT,P3 paired bootstrap evidence,true,DERIVED,Flattened the committed fault-stratified paired bootstrap without changing its direction or estimator.,The Z3-vs-Z1 gate remains NO-GO; Z3-vs-shuffle is a narrow temporal-order comparison.
data/ablation/p3_representation_metrics.csv,artifacts/bootstrap/p3_g1_bootstrap.json;artifacts/runs/p3_a2_summary.json,9342e06db91945be2e44703437229ba45b18bda8,bbfa1167d4cf5048ed61e5703a91f04446581476;54b7d735ebabd2010e8ed12de30173a09a74a791,77c7d974c088d94ef6e31082410c5775c1028d1e00058426e905ab41dd7c46cf;fccc92d8d8deedce2153fdf4873de6238a71f0820696cac6c3bbd98b55f14138,2426fc340da40b3dc19c53df88f5410b3156bd20f34706f2b5eeda9cc5835632,DEVELOPMENT,P3 representation metrics; internal evidence only,true,DERIVED,Read overall metrics from the five committed P3 variant runs.,P3-G1 is NO-GO/CLOSED; this is not external confirmation.
data/ablation/p3_temporal_comparisons.csv,artifacts/bootstrap/p3_g1_bootstrap.json;docs/P3_G1_DECISION.md,9342e06db91945be2e44703437229ba45b18bda8,bbfa1167d4cf5048ed61e5703a91f04446581476;48046c6bb8b727fe4759a991c6c464bca110f04b,77c7d974c088d94ef6e31082410c5775c1028d1e00058426e905ab41dd7c46cf;38d2b2e50d9026140eaf3e1686f90a93fe907623058999906a415e8314f877bb,91e246e61f88bcccefe45dbf1bb3b32ee67fbb828e8e21e7bced7714a5b4030a,DEVELOPMENT,narrow temporal-alignment evidence,true,DERIVED,Selected only the predeclared Z3 versus deterministic Z3-SHUFFLE comparison.,This does not support universal full-trajectory superiority.
data/ablation/p4_a0_a1_a2_a3_metrics.csv,artifacts/p4_g0/metrics/summary.json;docs/P4_G0_RESULTS.md,9342e06db91945be2e44703437229ba45b18bda8,9fd0ff2506545521606a4fd83a6becdac0f75e02;5ffc9c7a6b1479361994b0cd1b76011eaeca777c,74f0b979e1473256d5822be0805e807012f663775bd4a87c8cf7d78e034ec596;0f47872a1d8f35d932e48c662ddb0155e4af64250cda6a3022a4899491cda876,b93f38f43bfdf396500cfce8f222ed3ee0dff54f53b5e1b0711cfdae95deca76,DEVELOPMENT,P4 matched ablation metrics,true,DERIVED,Flattened the four committed P4 variants and retained their exact definitions.,P4-G0 candidate-relative consistency gate is NO-GO/CLOSED.
data/ablation/p4_bootstrap.csv,artifacts/p4_g0/bootstrap/p4_g0_bootstrap.json,9342e06db91945be2e44703437229ba45b18bda8,2ca376b3aa773d2bed492f458d46a1f1ec2c8a2b,40c883e5f8781cb0298609df0e2935157c9bb936fd203b3213112c1d33afd1b3,827e01db2d372016dff83503bc29499c248e81c928dfef1543df09ce3f3a0deb,DEVELOPMENT,P4 paired bootstrap evidence,true,DERIVED,Flattened the committed P4 bootstrap with its original metric direction and estimator.,
data/ablation/p4_case_transitions.csv,artifacts/p4_g0/metrics/case_transitions.csv,9342e06db91945be2e44703437229ba45b18bda8,94b821b7d8afd154e661fea4154397c359f1ab66,921cd3092643556ef4e34431102d0415432a4cebbc8f9ea92d2fd6a14ef2dac2,921cd3092643556ef4e34431102d0415432a4cebbc8f9ea92d2fd6a14ef2dac2,DEVELOPMENT,P4 case-level transitions,true,COPIED,byte-identical copy of committed P4 transition evidence,P4 transitions are descriptive development evidence.
data/ablation/p4_interaction.csv,artifacts/p4_g0/metrics/summary.json;docs/P4_G0_RESULTS.md,9342e06db91945be2e44703437229ba45b18bda8,9fd0ff2506545521606a4fd83a6becdac0f75e02;5ffc9c7a6b1479361994b0cd1b76011eaeca777c,74f0b979e1473256d5822be0805e807012f663775bd4a87c8cf7d78e034ec596;0f47872a1d8f35d932e48c662ddb0155e4af64250cda6a3022a4899491cda876,b485db4aac868fd7d5fe48424629c9ef9bff8159f87f6fa18dd18af04b363071,DEVELOPMENT,P4 factorial interaction,true,DERIVED,Computed from the committed P4 effect definitions.,
data/ablation/p4_main_effects.csv,artifacts/p4_g0/metrics/summary.json;docs/P4_G0_DECISION.md,9342e06db91945be2e44703437229ba45b18bda8,9fd0ff2506545521606a4fd83a6becdac0f75e02;0b1a3e09a7c46e73a2b7a0b5babad0bdfb51ed25,74f0b979e1473256d5822be0805e807012f663775bd4a87c8cf7d78e034ec596;678c6779c62a91a7b6923b78387bb83ad869fea3511e4b3e5f06b522f60f4c33,c586f46595a3041be1b298b0adf6473b16ac064acecb2bced020ff6b32969575,DEVELOPMENT,P4 matched main effects,true,DERIVED,"Read the committed A1-A0, A2-A0, A3-A1, and A3-A2 effects.",
data/controls/control_absolute_metrics.csv,artifacts/final_audit/summary.json;docs/FINAL_RCA_CONTROL_AUDIT.md,9342e06db91945be2e44703437229ba45b18bda8,03d71623f1602899ed65ea998a887e54972f324c;e92e4c831a5a5b989f8bf0a99f1cbfd6d636e8db,61d48c6c9b505874ac0929452f5f8f5416b8c224057b04a90aecf92c4576de1f;aad3960b074463a2499bd46658ba122ffb0df0ad13ab0f2ba9639d1b6c299bf2,3d977aba40907b8400e76dd971cbf2b1f32bff7f33e050ceced66d02d295015f,SUPPORTING,final method and falsification-control metrics,true,DERIVED,Flattened absolute metrics from the committed final-audit summary; S3 is kept separate as a service-identity diagnostic.,
data/controls/control_bootstrap.csv,artifacts/final_audit/control_comparisons.json;docs/FINAL_RCA_CONTROL_AUDIT.md,9342e06db91945be2e44703437229ba45b18bda8,081547b6dfb8b0ee118b8cd1e0a7894f67fd8a61;e92e4c831a5a5b989f8bf0a99f1cbfd6d636e8db,864f018f8196f4cfac233ad089b54eabf587d59ab3b4b655b609d3c33063a971;aad3960b074463a2499bd46658ba122ffb0df0ad13ab0f2ba9639d1b6c299bf2,87e0c3ea88208d5ee743c2d77dd3cab4b7f83c918b6119f542fbbd432943e440,SUPPORTING,final-versus-control paired bootstrap,true,DERIVED,"Flattened the committed 10,000-resample control comparisons.",
data/controls/final_minus_controls.csv,artifacts/final_audit/summary.json,9342e06db91945be2e44703437229ba45b18bda8,03d71623f1602899ed65ea998a887e54972f324c,61d48c6c9b505874ac0929452f5f8f5416b8c224057b04a90aecf92c4576de1f,b2738817e9c6501aa36697a936019230587daee8795ebe9d83d157f92f096b3f,SUPPORTING,final-minus-control effect sizes,true,DERIVED,Derived by subtracting each control's committed absolute metric from FINAL-Z2.,
data/controls/service_identity_diagnostic.csv,artifacts/final_audit/s3_service_identity/summary.json;docs/S3_SERVICE_IDENTITY_PROBE.md,9342e06db91945be2e44703437229ba45b18bda8,aa2e88adde1dd6b47238752dfc404c1db0d92505;3a5fd6656e86233a6f2621060b778c27a3ea2b1a,3a7d75b0ced5a3128a6597aee7ae7902a57b3daaa6110990e8912a340f61cc39;12ed8bb8d085c4ac07cd9e4647e0fe419522b9a066f0ce34d42639c02cde0210,01d18675783044fe48a5ea600bb7dc0ac13525caf5670245ec4d4556704a8da3,DIAGNOSTIC,service identity and fingerprint diagnostic,true,DERIVED,Flattened the committed S3 diagnostic summary without treating it as an RCA baseline.,"S3 is a diagnostic control, not an RCA baseline or causal result."
data/diagnostics/anchor_feasibility_summary.csv,artifacts/final_audit/anchor_feasibility.json;docs/ANCHOR_FEASIBILITY_AUDIT.md,9342e06db91945be2e44703437229ba45b18bda8,4e193c9330414e064544e184dca72c8994261b59;acce7c8ad626379a95acb82dcda7793b98a43d20,1fdf6fdae57dd4048d9d5fa50d06521bce13cc16b53f144a1017fe4e6702938e;bf59643e1367edfb572171e884599104cd9e521650697fda7e9b842b6bdf677c,63bd94af158c346970427238235b6dc69c984a6ce1044554fc9b55d2b5a4a4f1,DIAGNOSTIC,anchor feasibility limitation,true,DERIVED,Exported only compact status/count fields from the complete feasibility audit; the 77-row report remains indexed.,No shifted-anchor performance exists under the frozen pipeline.
data/diagnostics/coverage_summary.csv,artifacts/postmortem/coverage_analysis.json;docs/P3_POSTMORTEM.md,9342e06db91945be2e44703437229ba45b18bda8,de2cc1f109e05deebfecac2b21aeaefd81d2ab13;200b31aa4709a34d434b625a2cee527af7633413,19ab2e4978457dc9f62ab169e51d8c25a2017aff194753ed44945abd36e3f20f;8e1b251e95ddca622fc8a923ae2b37f6c7f155f07149067e1eaf98e1f1a14a71,fbd8b056f12a1278e2428454e25eb078585e321bd64c51a0ac691f5e4d35ba47,DIAGNOSTIC,coverage/rank-gain diagnostic,true,DERIVED,Flattened committed descriptive coverage analysis.,
data/diagnostics/failure_case_summary.csv,artifacts/final_method/re2ob/predictions.jsonl;artifacts/final_method/re2tt/predictions.jsonl;artifacts/source/re2ob/labels.jsonl;artifacts/source/re2tt/labels.jsonl,9342e06db91945be2e44703437229ba45b18bda8,6e77ba9133cbd94d564ef07c9500ef4a76c26164;bc1833b5235899be63eab71165f0f1594ab4432d;13456fbdb3e064a0521b8243ccd34f695a753f26;bbc2b3e906eab2555de3f45ecb64e018092466cb,1d3bbc30869062c30569bd7b752cc2520d8e1337b8861bf11e55bbd69eaf5ff5;e937897d182735651959ad9449a7d6837ac71b029bec0fe90e143395009dd57d;f3dd164e03d9207af4d4e432a1848c2100ec7a65c125b420c80642a56be3dba7;950885c2d89872f670d8cb06121a0d8d4c3e9fbd6be5e97a29af89a6013481ca,e3ccfd957c5021245f2891bf7466e1c840fed7bf693a87630f791934e4ba4514,DIAGNOSTIC,worst-case root-rank diagnostic,true,DERIVED,Selected the ten largest reconstructed root ranks per dataset; this is descriptive and not a new metric.,
data/diagnostics/magnitude_inversion_summary.csv,artifacts/audits/magnitude_inversion.json;docs/MAGNITUDE_INVERSION_AUDIT.md,9342e06db91945be2e44703437229ba45b18bda8,485d6d106359db8480d23b4a24135a31f2e27ee7;30318b016b11d46e8f02ec5c195c7f1152435b65,ca8f96d600223e6694e95710d1360bef4514c6037936f1ea2b75a0bc84d3de52;addf67e28f58b48f89c0f70f73fac8754ac8dc9b03399480889bd3a89e97a36b,632a8077355ab35cfbd8cb277a2ca8b3b4a2d00d771dbb98ee4975155da07e69,DIAGNOSTIC,magnitude inversion diagnostic,true,DERIVED,Flattened the committed label-free magnitude inversion summary.,
data/diagnostics/postmortem_subgroup_summary.csv,artifacts/p4_g0/metrics/subgroup_diagnostics.json;artifacts/postmortem/coverage_analysis.json;artifacts/postmortem/fault_root_fold_analysis.json;artifacts/postmortem/mi_subset_analysis.json;artifacts/postmortem/z2_vs_z1_bootstrap.json;docs/P3_POSTMORTEM.md;docs/P4_G0_FAILURE_ANALYSIS.md,9342e06db91945be2e44703437229ba45b18bda8,871edcc38589f52c39facb9e5bab75c4a5c68e32;de2cc1f109e05deebfecac2b21aeaefd81d2ab13;11b6c0690c1c323715ad70bd99004ca4443137be;859edf23451e8c50e37cf47647527f94ea21c888;d906f41bf18816cc0a6f6ad29164e9d5c3ab0405;200b31aa4709a34d434b625a2cee527af7633413;3c538cc2a092c5cbb5dff671a82b14f0c56ebd7f,31a6dd02f354754bc184c3bd1d3f16dff8bfb4ad4ff733d714d4c78879bb8bd7;19ab2e4978457dc9f62ab169e51d8c25a2017aff194753ed44945abd36e3f20f;d2c753c04f3406de970adc3c4d5dd50b6034b371eb0d9e02d511ea877a2f58a1;6fabccc2af9c504bfbd341a07ccc4f2a94d5a15b44c93ad1482ce902a4dc2539;f9e5a8a97bc0719e132bce698cdd3479b28f56ba27835922d9f1ba418bb4fd21;8e1b251e95ddca622fc8a923ae2b37f6c7f155f07149067e1eaf98e1f1a14a71;9d3708e53cd8d68e4f8ab233b84b53a61750f6b77b6e4f9cc3201dfc04148b0c,ee2ce82fb6eadfe2d41b3cf45fdac871ca3145373839a284565cba4d13bca038,DIAGNOSTIC,post-hoc subgroup and postmortem diagnostics,true,DERIVED,Flattened committed postmortem/subgroup summaries without re-running telemetry or fitting models.,
data/diagnostics/service_fingerprint_summary.csv,artifacts/final_audit/s3_service_identity/summary.json;docs/FINAL_RCA_CONTROL_AUDIT.md,9342e06db91945be2e44703437229ba45b18bda8,aa2e88adde1dd6b47238752dfc404c1db0d92505;e92e4c831a5a5b989f8bf0a99f1cbfd6d636e8db,3a7d75b0ced5a3128a6597aee7ae7902a57b3daaa6110990e8912a340f61cc39;aad3960b074463a2499bd46658ba122ffb0df0ad13ab0f2ba9639d1b6c299bf2,17873d77ad97ee26dd5f575acd39f368264978c96c02da69f6d9b8c64f3e9589,DIAGNOSTIC,service/telemetry fingerprint risk,true,DERIVED,Selected high-level S3 diagnostic statistics; no explicit-leakage result is promoted to absolute no-leakage.,
data/final/candidate_universe_summary.csv,artifacts/source/re2ob/service_registry.json;artifacts/source/re2tt/service_registry.json,9342e06db91945be2e44703437229ba45b18bda8,6666ce39ee6451fe639f56254ad44bf0175bc1e9;cc22c894c15c33b28992d88f3f7c0750979460d8,9eae7e79662ade83e0f6034073ab5c424bbf93be5765bd4bc5ea51d90c0efd19;67ad834a58be40802d9a8071ae849b7812ee390b87b08b5d82567596a39d236a,c5e0d5a34e80925fb670692cdfc18e7ec42fc061321f43f589fceceea1379ceb,CANONICAL,candidate universe semantics,true,DERIVED,Read the frozen legal candidate registries and case counts.,
data/final/case_level_metrics.csv,artifacts/final_method/re2ob/predictions.jsonl;artifacts/final_method/re2tt/predictions.jsonl;artifacts/source/re2ob/labels.jsonl;artifacts/source/re2tt/labels.jsonl;artifacts/splits/re2ob/assignments.json;artifacts/splits/re2tt/assignments.json,9342e06db91945be2e44703437229ba45b18bda8,6e77ba9133cbd94d564ef07c9500ef4a76c26164;bc1833b5235899be63eab71165f0f1594ab4432d;13456fbdb3e064a0521b8243ccd34f695a753f26;bbc2b3e906eab2555de3f45ecb64e018092466cb;2ce15415da59005219eb4c522443ee38895e485b;9f55c3e93d4bf17bcea561143d08f8e3d857e89f,1d3bbc30869062c30569bd7b752cc2520d8e1337b8861bf11e55bbd69eaf5ff5;e937897d182735651959ad9449a7d6837ac71b029bec0fe90e143395009dd57d;f3dd164e03d9207af4d4e432a1848c2100ec7a65c125b420c80642a56be3dba7;950885c2d89872f670d8cb06121a0d8d4c3e9fbd6be5e97a29af89a6013481ca;ca576819554ebe3d1cddd8f261bb661e7111896ff7b7dd6258e9f5daafad5195;88b4615ed3c950569ed7e4c4e9c66a302e8f88adf1715a8457540e00390b68e7,2b1176d60033948c3c799ecee5b366f3fd6dcc2cafdf35c48b4ca180f1279246,CANONICAL,case-level final metrics,true,DERIVED,Same independently reconstructed case rows exposed as a case-metric table.,
data/final/case_root_ranks.csv,artifacts/final_method/re2ob/predictions.jsonl;artifacts/final_method/re2tt/predictions.jsonl;artifacts/source/re2ob/labels.jsonl;artifacts/source/re2tt/labels.jsonl;artifacts/splits/re2ob/assignments.json;artifacts/splits/re2tt/assignments.json,9342e06db91945be2e44703437229ba45b18bda8,6e77ba9133cbd94d564ef07c9500ef4a76c26164;bc1833b5235899be63eab71165f0f1594ab4432d;13456fbdb3e064a0521b8243ccd34f695a753f26;bbc2b3e906eab2555de3f45ecb64e018092466cb;2ce15415da59005219eb4c522443ee38895e485b;9f55c3e93d4bf17bcea561143d08f8e3d857e89f,1d3bbc30869062c30569bd7b752cc2520d8e1337b8861bf11e55bbd69eaf5ff5;e937897d182735651959ad9449a7d6837ac71b029bec0fe90e143395009dd57d;f3dd164e03d9207af4d4e432a1848c2100ec7a65c125b420c80642a56be3dba7;950885c2d89872f670d8cb06121a0d8d4c3e9fbd6be5e97a29af89a6013481ca;ca576819554ebe3d1cddd8f261bb661e7111896ff7b7dd6258e9f5daafad5195;88b4615ed3c950569ed7e4c4e9c66a302e8f88adf1715a8457540e00390b68e7,2b1176d60033948c3c799ecee5b366f3fd6dcc2cafdf35c48b4ca180f1279246,CANONICAL,independently reconstructed case-level root ranks,true,DERIVED,"Joined prediction rankings to frozen label sidecars and fold assignments, then applied the frozen one-indexed rank formulas.",This is a pure statistical reconstruction; it does not regenerate predictions.
data/final/fault_level_metrics.csv,artifacts/final_method/re2ob/predictions.jsonl;artifacts/final_method/re2tt/predictions.jsonl;artifacts/source/re2ob/labels.jsonl;artifacts/source/re2tt/labels.jsonl;artifacts/splits/re2ob/assignments.json;artifacts/splits/re2tt/assignments.json,9342e06db91945be2e44703437229ba45b18bda8,6e77ba9133cbd94d564ef07c9500ef4a76c26164;bc1833b5235899be63eab71165f0f1594ab4432d;13456fbdb3e064a0521b8243ccd34f695a753f26;bbc2b3e906eab2555de3f45ecb64e018092466cb;2ce15415da59005219eb4c522443ee38895e485b;9f55c3e93d4bf17bcea561143d08f8e3d857e89f,1d3bbc30869062c30569bd7b752cc2520d8e1337b8861bf11e55bbd69eaf5ff5;e937897d182735651959ad9449a7d6837ac71b029bec0fe90e143395009dd57d;f3dd164e03d9207af4d4e432a1848c2100ec7a65c125b420c80642a56be3dba7;950885c2d89872f670d8cb06121a0d8d4c3e9fbd6be5e97a29af89a6013481ca;ca576819554ebe3d1cddd8f261bb661e7111896ff7b7dd6258e9f5daafad5195;88b4615ed3c950569ed7e4c4e9c66a302e8f88adf1715a8457540e00390b68e7,c6204183cb6a01ef65e23d1cb599f56af0708651f3cbcbcfd776dafaedf78e02,CANONICAL,fault-level final metrics,true,DERIVED,Aggregated reconstructed case root ranks by the six frozen fault types.,
data/final/fold_level_metrics.csv,artifacts/final_method/re2ob/predictions.jsonl;artifacts/final_method/re2tt/predictions.jsonl;artifacts/source/re2ob/labels.jsonl;artifacts/source/re2tt/labels.jsonl;artifacts/splits/re2ob/assignments.json;artifacts/splits/re2tt/assignments.json,9342e06db91945be2e44703437229ba45b18bda8,6e77ba9133cbd94d564ef07c9500ef4a76c26164;bc1833b5235899be63eab71165f0f1594ab4432d;13456fbdb3e064a0521b8243ccd34f695a753f26;bbc2b3e906eab2555de3f45ecb64e018092466cb;2ce15415da59005219eb4c522443ee38895e485b;9f55c3e93d4bf17bcea561143d08f8e3d857e89f,1d3bbc30869062c30569bd7b752cc2520d8e1337b8861bf11e55bbd69eaf5ff5;e937897d182735651959ad9449a7d6837ac71b029bec0fe90e143395009dd57d;f3dd164e03d9207af4d4e432a1848c2100ec7a65c125b420c80642a56be3dba7;950885c2d89872f670d8cb06121a0d8d4c3e9fbd6be5e97a29af89a6013481ca;ca576819554ebe3d1cddd8f261bb661e7111896ff7b7dd6258e9f5daafad5195;88b4615ed3c950569ed7e4c4e9c66a302e8f88adf1715a8457540e00390b68e7,9f84922ff16b30177fc4e526565c550905baa3f66b40c871ee854096797ca73d,CANONICAL,fold-level final metrics,true,DERIVED,Aggregated reconstructed case root ranks by frozen outer fold.,
data/final/model_fit_diagnostics.csv,artifacts/final_method/re2ob/model_state_manifest.json;artifacts/final_method/re2tt/model_state_manifest.json,9342e06db91945be2e44703437229ba45b18bda8,2887f1b40778350940c824d5a60ffc6d896d543e;a1acddc98d4ee86189346ea91a90bc9c0e15ae3d,cdd1ed0a94418b9d1d61fafee87fda5624ea9a7adbbb01f4509b5300572b11fc;f617759a7531f73c927d1a63f3158874685154590b025975a1a0edc0e39fa793,6c2985899d91c6aa522f8512cda7f349fbdbf29d5b2a3cc5bc4d53842e9edd41,CANONICAL,final model-fit numerical integrity,true,DERIVED,Same persisted-state diagnostic exposed next to final performance tables; no model was refit.,
data/final/overall_metrics.csv,artifacts/evidence_closure/metric_reconstruction_v1_1.json;artifacts/final_method/re2ob/predictions.jsonl;artifacts/final_method/re2tt/predictions.jsonl;artifacts/source/re2ob/labels.jsonl;artifacts/source/re2tt/labels.jsonl;artifacts/splits/re2ob/assignments.json;artifacts/splits/re2tt/assignments.json,9342e06db91945be2e44703437229ba45b18bda8,6efb80e1c0e91a49dd3a724bd8870da78814d9ff;6e77ba9133cbd94d564ef07c9500ef4a76c26164;bc1833b5235899be63eab71165f0f1594ab4432d;13456fbdb3e064a0521b8243ccd34f695a753f26;bbc2b3e906eab2555de3f45ecb64e018092466cb;2ce15415da59005219eb4c522443ee38895e485b;9f55c3e93d4bf17bcea561143d08f8e3d857e89f,0cfc89c2bf48abeabb931a668522a80ba7cf7121f30fed3344fae866202e78c3;1d3bbc30869062c30569bd7b752cc2520d8e1337b8861bf11e55bbd69eaf5ff5;e937897d182735651959ad9449a7d6837ac71b029bec0fe90e143395009dd57d;f3dd164e03d9207af4d4e432a1848c2100ec7a65c125b420c80642a56be3dba7;950885c2d89872f670d8cb06121a0d8d4c3e9fbd6be5e97a29af89a6013481ca;ca576819554ebe3d1cddd8f261bb661e7111896ff7b7dd6258e9f5daafad5195;88b4615ed3c950569ed7e4c4e9c66a302e8f88adf1715a8457540e00390b68e7,ef52301376d3e89af39df9e9403707d3f22cc01bc65cd1ab8ee42a8d323dc4af,CANONICAL,final overall metrics,true,DERIVED,Aggregated independently reconstructed case root ranks and checked equality against canonical metrics.,
data/final/root_level_metrics.csv,artifacts/final_method/re2ob/predictions.jsonl;artifacts/final_method/re2tt/predictions.jsonl;artifacts/source/re2ob/labels.jsonl;artifacts/source/re2tt/labels.jsonl;artifacts/splits/re2ob/assignments.json;artifacts/splits/re2tt/assignments.json,9342e06db91945be2e44703437229ba45b18bda8,6e77ba9133cbd94d564ef07c9500ef4a76c26164;bc1833b5235899be63eab71165f0f1594ab4432d;13456fbdb3e064a0521b8243ccd34f695a753f26;bbc2b3e906eab2555de3f45ecb64e018092466cb;2ce15415da59005219eb4c522443ee38895e485b;9f55c3e93d4bf17bcea561143d08f8e3d857e89f,1d3bbc30869062c30569bd7b752cc2520d8e1337b8861bf11e55bbd69eaf5ff5;e937897d182735651959ad9449a7d6837ac71b029bec0fe90e143395009dd57d;f3dd164e03d9207af4d4e432a1848c2100ec7a65c125b420c80642a56be3dba7;950885c2d89872f670d8cb06121a0d8d4c3e9fbd6be5e97a29af89a6013481ca;ca576819554ebe3d1cddd8f261bb661e7111896ff7b7dd6258e9f5daafad5195;88b4615ed3c950569ed7e4c4e9c66a302e8f88adf1715a8457540e00390b68e7,de1fe37676d41078938c93d9c18bb6d5c8998252ebb2416b7025bf5858251092,CANONICAL,root-level final metrics,true,DERIVED,Aggregated reconstructed case root ranks by true root service.,
data/final/root_rank_distribution.csv,artifacts/final_method/re2ob/predictions.jsonl;artifacts/final_method/re2tt/predictions.jsonl;artifacts/source/re2ob/labels.jsonl;artifacts/source/re2tt/labels.jsonl;artifacts/splits/re2ob/assignments.json;artifacts/splits/re2tt/assignments.json,9342e06db91945be2e44703437229ba45b18bda8,6e77ba9133cbd94d564ef07c9500ef4a76c26164;bc1833b5235899be63eab71165f0f1594ab4432d;13456fbdb3e064a0521b8243ccd34f695a753f26;bbc2b3e906eab2555de3f45ecb64e018092466cb;2ce15415da59005219eb4c522443ee38895e485b;9f55c3e93d4bf17bcea561143d08f8e3d857e89f,1d3bbc30869062c30569bd7b752cc2520d8e1337b8861bf11e55bbd69eaf5ff5;e937897d182735651959ad9449a7d6837ac71b029bec0fe90e143395009dd57d;f3dd164e03d9207af4d4e432a1848c2100ec7a65c125b420c80642a56be3dba7;950885c2d89872f670d8cb06121a0d8d4c3e9fbd6be5e97a29af89a6013481ca;ca576819554ebe3d1cddd8f261bb661e7111896ff7b7dd6258e9f5daafad5195;88b4615ed3c950569ed7e4c4e9c66a302e8f88adf1715a8457540e00390b68e7,768d8273ca0711a98856756361f1e2e66167155c5ca3c1b2803509a29385d4a6,DESCRIPTIVE,descriptive root-rank distribution,true,DERIVED,Counted independently reconstructed one-indexed root ranks; this does not replace headline metrics.,
data/optimization/corrected_optimization_bootstrap.csv,artifacts/evidence_closure/bootstrap_corrected_v1_1.json;docs/BOOTSTRAP_FORENSIC_AUDIT.md,9342e06db91945be2e44703437229ba45b18bda8,bd308db31aa92e79d65870ea986fd13810a11e40;fa13039401471c70cbebbf992310d6358eb6d305,172ea8c2e2d2103a1e50635ed9681e6a35e4c763e630ae0a7a192555169caaf2;a1f722b12a45a46600e8e752643469df80067596d6a658a87bdddaa5711c3322,25273ae6db2268882d29fe106ed97aa96a1235771c0bec9f3aa90c5fdfa2b529,CANONICAL,corrected optimization uncertainty evidence,true,DERIVED,Flattened only the canonical Candidate-minus-V1 bootstrap artifact; legacy intervals are excluded.,Intervals are conditional on fixed frozen root ranks and do not establish a consistent optimization gain.
data/optimization/global_opt_metrics.csv,artifacts/evidence_closure/metric_reconstruction_v1_1.json;artifacts/opt/final/GLOBAL-OPT/re2ob/metrics.json;artifacts/opt/final/GLOBAL-OPT/re2tt/metrics.json,9342e06db91945be2e44703437229ba45b18bda8,6efb80e1c0e91a49dd3a724bd8870da78814d9ff;0283f6bd6145d2423624d7446d262ee38e944d40;4e4ac01621dc4d635a3ce3a11020cbc59385bf68,0cfc89c2bf48abeabb931a668522a80ba7cf7121f30fed3344fae866202e78c3;080a4035753de2d9c8eeb15e9f4d18d43be34116ee9a3b7e0954ed797f5a43d1;7dfcafc271420df860877e11c87778fba32a75793a3006a5ab48d3fad4f5ef5c,9b1f2c4aa7071e1cca5e2b5a92871d25a73eb91b2c4a88c073df244ac48361c6,SUPPORTING,GLOBAL-OPT or PER-DATASET-OPT post-study metrics,true,DERIVED,Read committed post-study metrics and canonical evidence-level semantics.,PER-DATASET complete candidate rankings remain NOT_AUDITABLE.
data/optimization/lambda_grid.csv,artifacts/opt/o4_nested/re2ob/config.json;docs/OPT_SEARCH_SPACE_FREEZE_V1.md,9342e06db91945be2e44703437229ba45b18bda8,e92f1b3f81f5c1083c8dfd998e83b56da0525577;8c782fc2c022c29ef26596e2b2ad9f2b888dc688,a275eebe8449b94a025abc5fb60df75b886be3cb137ad02270ed7f6a1813a4dc;b1737ff725ac65dcab0c97295cef2e73a7ecc0c8ce14a298393707b0b4100d2f,76f94980e0e45d15ecbaa43dc097d937f24989c2b4d4858e8b808ea220d7baf6,SUPPORTING,frozen ranker and lambda grid,true,DERIVED,Read the executed Conditional-Logit grid and preserve unavailable-ranker statuses.,Unavailable XGBoost/LightGBM is not a negative performance result.
data/optimization/nested_selection_summary.csv,artifacts/opt/o4_nested/re2ob/selection_trace.json;artifacts/opt/o4_nested/re2tt/selection_trace.json;docs/OPT_NESTED_SELECTION_RESULTS.md,9342e06db91945be2e44703437229ba45b18bda8,241370086a0f16f8c0665815787edff030afde1b;d3eebe93800eb0b6b0ca9f37275be1ef45efa49c;44ca6a2e5e68aaa53ca2c8176ff9f1844435cbf4,5094e8abf88673dea07678df569d7abac9a3b804ad7c729277633cff35f3319a;f94c1c1b82b47daaf78f8d3baac6808928bb6ee100c7ec981c480b9e1576e2b0;02d3fe7c15f8c0b405347d4b7cc804e210e4c1ae4b9188ce7fcf66682f66092e,be1bc418874e2bf2faa364e280fbebfb35e07a11426ce3267d553cdf01ee4160,DEVELOPMENT,nested selection and ranker availability,true,DERIVED,Flattened the six frozen outer-fold selection records; unavailable rankers remain explicit.,
data/optimization/per_dataset_opt_metrics.csv,artifacts/evidence_closure/metric_reconstruction_v1_1.json;artifacts/opt/final/PER-DATASET-OPT/re2ob/metrics.json;artifacts/opt/final/PER-DATASET-OPT/re2tt/metrics.json,9342e06db91945be2e44703437229ba45b18bda8,6efb80e1c0e91a49dd3a724bd8870da78814d9ff;b071cd99c13c846592d71cfd06c556aa87a89ada;cab7c1956a4b47a0a43aac848405fa514cc30ae4,0cfc89c2bf48abeabb931a668522a80ba7cf7121f30fed3344fae866202e78c3;f11cea33636487eae7706f78ca71f6b6ac39d149e3bb6fce5f7acb5de43c5d87;5d691c9ebdd7c27d0183384704f50c7da3628d4cf91c9727a6d45dc2e101205e,ea0962332b2f8859bc6853bb7939a7563c723a82027b919296c0f4a2b5c8409c,DEVELOPMENT,GLOBAL-OPT or PER-DATASET-OPT post-study metrics,true,DERIVED,Read committed post-study metrics and canonical evidence-level semantics.,PER-DATASET complete candidate rankings remain NOT_AUDITABLE.
data/optimization/representation_search_space.csv,artifacts/opt/o3_search_space/README.md;artifacts/opt/o4_nested/re2ob/feature_names.json;docs/OPT_SEARCH_SPACE_FREEZE_V1.md,9342e06db91945be2e44703437229ba45b18bda8,8c782fc2c022c29ef26596e2b2ad9f2b888dc688;f17ac08a73c8e8099e43fd7ebffe9d65dade1b76;8c782fc2c022c29ef26596e2b2ad9f2b888dc688,b1737ff725ac65dcab0c97295cef2e73a7ecc0c8ce14a298393707b0b4100d2f;c0e6b9ebb5d2a323bae2983fc039be5ede64073dc63650090edc12c07a18c2a5;b1737ff725ac65dcab0c97295cef2e73a7ecc0c8ce14a298393707b0b4100d2f,2c708ea37e9a949c15c8f80db0e4064311aab43e3d22c1afc2e5a4dd910da80f,SUPPORTING,configuration robustness search space,true,DERIVED,Read the six representation keys and dimensions from the frozen O4 feature-name manifest.,"This is a frozen post-study search space, not a comprehensive sensitivity analysis."
data/reproducibility/feature_schema_68d.csv,src/rca/features.py;src/rca/final_method.py,9342e06db91945be2e44703437229ba45b18bda8,f965379d7c61aacfaa007c537c4a9f5cf3824068;3c7f684e8481bbd257ba457586f8efbf31241abd,91d452cc17bb2bdc51712a65e13cd079057f1d112016ef94836bbc13445e0a11;8587e9790d6a1d0d73ce9ae3b3149baea6a8e61153475f48f0cdc7143b6dbed7,527a2bf08c464fbdd1851207a12383ff908451e836e54051ca96c34b87f159e1,CANONICAL,dynamic frozen Z2 feature schema,true,DERIVED,Read field constants from the frozen implementation and computed the feature-order digest.,
data/reproducibility/frozen_configuration.csv,artifacts/final_method/re2ob/config.json;artifacts/final_method/re2tt/config.json;docs/RCA_FINAL_SCIENTIFIC_FREEZE_V1.md;src/rca/features.py;src/rca/final_method.py,9342e06db91945be2e44703437229ba45b18bda8,4acd42e43527e9274aa12029effbab509136475c;4acd42e43527e9274aa12029effbab509136475c;ccd78dbb27f276e424c9671df63f4fd594edb585;f965379d7c61aacfaa007c537c4a9f5cf3824068;3c7f684e8481bbd257ba457586f8efbf31241abd,7c05c384d20e9538da30a4fd6d4ab9467053396b250c1d1051db0236ce1aadcf;7c05c384d20e9538da30a4fd6d4ab9467053396b250c1d1051db0236ce1aadcf;d0a3782d1835d986a59bf8f23e120c8dc14944ad8bf10f3698917d50ae4468d0;91d452cc17bb2bdc51712a65e13cd079057f1d112016ef94836bbc13445e0a11;8587e9790d6a1d0d73ce9ae3b3149baea6a8e61153475f48f0cdc7143b6dbed7,5dc06334d91843fc19f19b39f95f575d71657afce55f05b56e97259e733a7670,CANONICAL,frozen method configuration,true,DERIVED,Same frozen configuration exposed as a thesis-friendly fact table.,
data/reproducibility/frozen_configuration.json,artifacts/final_method/re2ob/config.json;artifacts/final_method/re2tt/config.json;docs/RCA_FINAL_SCIENTIFIC_FREEZE_V1.md;src/rca/features.py;src/rca/final_method.py,9342e06db91945be2e44703437229ba45b18bda8,4acd42e43527e9274aa12029effbab509136475c;4acd42e43527e9274aa12029effbab509136475c;ccd78dbb27f276e424c9671df63f4fd594edb585;f965379d7c61aacfaa007c537c4a9f5cf3824068;3c7f684e8481bbd257ba457586f8efbf31241abd,7c05c384d20e9538da30a4fd6d4ab9467053396b250c1d1051db0236ce1aadcf;7c05c384d20e9538da30a4fd6d4ab9467053396b250c1d1051db0236ce1aadcf;d0a3782d1835d986a59bf8f23e120c8dc14944ad8bf10f3698917d50ae4468d0;91d452cc17bb2bdc51712a65e13cd079057f1d112016ef94836bbc13445e0a11;8587e9790d6a1d0d73ce9ae3b3149baea6a8e61153475f48f0cdc7143b6dbed7,3f649e30c036218d4dfde9aaa56bd80d802d8c5d1a20f7e162d84ebf1eae0f63,CANONICAL,frozen method configuration,true,DERIVED,"Cross-checked code constants, final configs, and canonical freeze wording.",
data/reproducibility/model_fit_diagnostics.csv,artifacts/final_method/re2ob/model_state_manifest.json;artifacts/final_method/re2tt/model_state_manifest.json,9342e06db91945be2e44703437229ba45b18bda8,2887f1b40778350940c824d5a60ffc6d896d543e;a1acddc98d4ee86189346ea91a90bc9c0e15ae3d,cdd1ed0a94418b9d1d61fafee87fda5624ea9a7adbbb01f4509b5300572b11fc;f617759a7531f73c927d1a63f3158874685154590b025975a1a0edc0e39fa793,6c2985899d91c6aa522f8512cda7f349fbdbf29d5b2a3cc5bc4d53842e9edd41,CANONICAL,persisted model-fit numerical integrity,true,DERIVED,Read-only flattening of persisted fold-state manifests; no model was refit.,
data/reproducibility/replay_integrity.csv,artifacts/final_method/re2ob/replay_audit.json;artifacts/final_method/re2tt/replay_audit.json,9342e06db91945be2e44703437229ba45b18bda8,5242fc19b2761d227a309f9dbdf81a11f39a6ee4;46f91a3e6fc61f6a1ba372ab012b47ea8b6cb1ee,53da9cb191a47a064aecb7e32393df74ab56960bcf0aab068d54cd52deb85537;a2f88ee2a9d643ba432a88422548e591d1b4a59ebfa40d88752069bf103b343f,6db895f17a99d0e90cac3d651b15a39659e7ecf8abdd04550922fede9e400a8c,CANONICAL,frozen replay integrity,true,DERIVED,Read-only flattening of persisted-state replay audits.,
data/telemetry/modality_information_funnel.csv,artifacts/evidence_closure/telemetry_information_loss_v1_1.json;docs/TELEMETRY_INFORMATION_LOSS_AUDIT_V1_1.md,9342e06db91945be2e44703437229ba45b18bda8,ecce29f1643e14e7b24cf9b5cbab4937c6e4d8e2;3463fdb5c4464cbc672d1ef9bec8b82d0861040b,5c553845b3527247649bffa40c7685278a23a0467895103c2f11b4c569f42898;87cf8f58f2213693b0c569bb67b125b858fcde5a648357e5a723ee63d2e28c47,c25e1bcfee21e9444d23448e433cedd946a0806e130f7cf09433bc449916df2d,CANONICAL,candidate-case modality information funnel,true,DERIVED,Flattened candidate-case counts and eligible-denominator rates from canonical Gate 3 evidence.,
data/telemetry/trace_error_information_loss.csv,artifacts/evidence_closure/telemetry_information_loss_v1_1.json;docs/TELEMETRY_INFORMATION_LOSS_AUDIT_V1_1.md,9342e06db91945be2e44703437229ba45b18bda8,ecce29f1643e14e7b24cf9b5cbab4937c6e4d8e2;3463fdb5c4464cbc672d1ef9bec8b82d0861040b,5c553845b3527247649bffa40c7685278a23a0467895103c2f11b4c569f42898;87cf8f58f2213693b0c569bb67b125b858fcde5a648357e5a723ee63d2e28c47,f9f1016926d87745b62b6916eed582f1c778e73e719ec8bef9cabc5de9811da7,CANONICAL,Trace Error information-loss mechanism,true,DERIVED,Flattened canonical Trace Error funnel diagnostics; no sparse replacement was run.,"This records robust-scale information loss, not a claim that raw Trace Error has no information."
data/telemetry/trace_error_representation_invariant.csv,artifacts/evidence_closure/trace_error_representation_invariant.json;docs/TRACE_ERROR_REPRESENTATION_INVARIANT.md,9342e06db91945be2e44703437229ba45b18bda8,cdecd9fdb09b2745eeaff171bda4fe7cdc3db43a;e547fced51108775f5ad0838d9fe517f05a7c9f1,f191b068fb1a38d72f85e847db2e65bb5739aba72f3b01b586b89acfc950f8b6;5a74abffa0bb25f97be87bfa211292b5ac7e39c078cc444bfd2cfe59b355fe2c,fc6acd7e6985d5f8ad667ceb7841aff06ca71c2f9284001a8ff1a6545c689f8e,CANONICAL,frozen 17D Trace Error representation invariant,true,DERIVED,Read-only flattening of the canonical 17D invariant; no feature removal or model scoring was performed.,"The official frozen representation remains four-channel 68D Z2, not 51D."
docs/canonical/BOOTSTRAP_FORENSIC_AUDIT.md,docs/BOOTSTRAP_FORENSIC_AUDIT.md,9342e06db91945be2e44703437229ba45b18bda8,fa13039401471c70cbebbf992310d6358eb6d305,a1f722b12a45a46600e8e752643469df80067596d6a658a87bdddaa5711c3322,a1f722b12a45a46600e8e752643469df80067596d6a658a87bdddaa5711c3322,CANONICAL,direct thesis evidence or authoritative interpretation,true,COPIED,byte-identical copy of committed frozen evidence,
docs/canonical/EVIDENCE_ERRATA.md,docs/EVIDENCE_ERRATA.md,9342e06db91945be2e44703437229ba45b18bda8,3ad78a4f0407b51a959105413a49e6f8f561cac7,96f456acbc9cb5909f5310a8904b9f8702e525d91a34ad7509bfbe11095dc599,96f456acbc9cb5909f5310a8904b9f8702e525d91a34ad7509bfbe11095dc599,CANONICAL,direct thesis evidence or authoritative interpretation,true,COPIED,byte-identical copy of committed frozen evidence,
docs/canonical/EVIDENCE_LEVEL_SEMANTIC_CORRECTION.md,docs/EVIDENCE_LEVEL_SEMANTIC_CORRECTION.md,9342e06db91945be2e44703437229ba45b18bda8,fc9e145c531fc674c05d412b1ee80c2740f3af50,5869e313966d1555eb73838120eaf7d713a6809b6df22cd41bc278b8d796631e,5869e313966d1555eb73838120eaf7d713a6809b6df22cd41bc278b8d796631e,CANONICAL,direct thesis evidence or authoritative interpretation,true,COPIED,byte-identical copy of committed frozen evidence,
docs/canonical/FINAL_METHOD_REPLAY_AUDIT.md,docs/FINAL_METHOD_REPLAY_AUDIT.md,9342e06db91945be2e44703437229ba45b18bda8,da803c0fb50089fd609c2c36c82105d8e4519b70,fc5d25a7f496f64b5ac3720cea88338705c1d861c121459b24f8c826254fd5b6,fc5d25a7f496f64b5ac3720cea88338705c1d861c121459b24f8c826254fd5b6,CANONICAL,direct thesis evidence or authoritative interpretation,true,COPIED,byte-identical copy of committed frozen evidence,
docs/canonical/INDEPENDENT_METRIC_RECONSTRUCTION_V1_1.md,docs/INDEPENDENT_METRIC_RECONSTRUCTION_V1_1.md,9342e06db91945be2e44703437229ba45b18bda8,f296abcc5b413686bfc1bd15ff5bd9c9ad3e5e80,e6851c2cab44ae4f928e990b7c1687b863032eb4e19f6ee49191ae50e75719ee,e6851c2cab44ae4f928e990b7c1687b863032eb4e19f6ee49191ae50e75719ee,CANONICAL,direct thesis evidence or authoritative interpretation,true,COPIED,byte-identical copy of committed frozen evidence,
docs/canonical/RCA_EVIDENCE_CLOSURE_PROTOCOL.md,docs/RCA_EVIDENCE_CLOSURE_PROTOCOL.md,9342e06db91945be2e44703437229ba45b18bda8,e68b71aa355c46ee25b45676592858632aff12d2,2ef11cd48cfd16d020944cbe4ba61ae881f07b1160c133cb0a7c18720a94cc10,2ef11cd48cfd16d020944cbe4ba61ae881f07b1160c133cb0a7c18720a94cc10,CANONICAL,direct thesis evidence or authoritative interpretation,true,COPIED,byte-identical copy of committed frozen evidence,
docs/canonical/RCA_EVIDENCE_CLOSURE_PROTOCOL_AMENDMENT_V1_1.md,docs/RCA_EVIDENCE_CLOSURE_PROTOCOL_AMENDMENT_V1_1.md,9342e06db91945be2e44703437229ba45b18bda8,92078af71e5f7aa52cec75fc9e02ae7dd6644199,859105507862cc05605909abd962845823078e8337aeafa01b60cac7c661c04c,859105507862cc05605909abd962845823078e8337aeafa01b60cac7c661c04c,CANONICAL,direct thesis evidence or authoritative interpretation,true,COPIED,byte-identical copy of committed frozen evidence,
docs/canonical/RCA_EVIDENCE_INDEX.md,docs/RCA_EVIDENCE_INDEX.md,9342e06db91945be2e44703437229ba45b18bda8,5ba06319ee858c38271644c7cbfe3f48d1730ab8,76a8df55036bc741c64bdeda6651d6f8801f3805eea470bf82a6f33f043f5f43,76a8df55036bc741c64bdeda6651d6f8801f3805eea470bf82a6f33f043f5f43,CANONICAL,direct thesis evidence or authoritative interpretation,true,COPIED,byte-identical copy of committed frozen evidence,
docs/canonical/RCA_FINAL_SCIENTIFIC_FREEZE_V1.md,docs/RCA_FINAL_SCIENTIFIC_FREEZE_V1.md,9342e06db91945be2e44703437229ba45b18bda8,ccd78dbb27f276e424c9671df63f4fd594edb585,d0a3782d1835d986a59bf8f23e120c8dc14944ad8bf10f3698917d50ae4468d0,d0a3782d1835d986a59bf8f23e120c8dc14944ad8bf10f3698917d50ae4468d0,CANONICAL,direct thesis evidence or authoritative interpretation,true,COPIED,byte-identical copy of committed frozen evidence,
docs/canonical/RCA_THESIS_CLAIM_MATRIX.md,docs/RCA_THESIS_CLAIM_MATRIX.md,9342e06db91945be2e44703437229ba45b18bda8,927d66130b2ab2fdd991a03979b43fe57ca6308f,01ff974721b68ab370445856b87c0ba1d38c68a9c1a2882d01ea865f54df275e,01ff974721b68ab370445856b87c0ba1d38c68a9c1a2882d01ea865f54df275e,CANONICAL,direct thesis evidence or authoritative interpretation,true,COPIED,byte-identical copy of committed frozen evidence,
docs/canonical/RCA_THESIS_RESULTS_PACKAGE.md,docs/RCA_THESIS_RESULTS_PACKAGE.md,9342e06db91945be2e44703437229ba45b18bda8,cc3f68f5042e43f87e3ede86b504ecb8d05ff7e7,73c7d2345353d8bfb35e751da5926688dc28f4f61cc4777b063d396433bb230c,73c7d2345353d8bfb35e751da5926688dc28f4f61cc4777b063d396433bb230c,CANONICAL,direct thesis evidence or authoritative interpretation,true,COPIED,byte-identical copy of committed frozen evidence,
docs/canonical/TELEMETRY_INFORMATION_LOSS_AUDIT_V1_1.md,docs/TELEMETRY_INFORMATION_LOSS_AUDIT_V1_1.md,9342e06db91945be2e44703437229ba45b18bda8,3463fdb5c4464cbc672d1ef9bec8b82d0861040b,87cf8f58f2213693b0c569bb67b125b858fcde5a648357e5a723ee63d2e28c47,87cf8f58f2213693b0c569bb67b125b858fcde5a648357e5a723ee63d2e28c47,CANONICAL,direct thesis evidence or authoritative interpretation,true,COPIED,byte-identical copy of committed frozen evidence,
docs/canonical/TRACE_ERROR_REPRESENTATION_INVARIANT.md,docs/TRACE_ERROR_REPRESENTATION_INVARIANT.md,9342e06db91945be2e44703437229ba45b18bda8,e547fced51108775f5ad0838d9fe517f05a7c9f1,5a74abffa0bb25f97be87bfa211292b5ac7e39c078cc444bfd2cfe59b355fe2c,5a74abffa0bb25f97be87bfa211292b5ac7e39c078cc444bfd2cfe59b355fe2c,CANONICAL,direct thesis evidence or authoritative interpretation,true,COPIED,byte-identical copy of committed frozen evidence,
docs/historical_superseded/LEGACY_ASSET_MAP.md,docs/LEGACY_ASSET_MAP.md,9342e06db91945be2e44703437229ba45b18bda8,c957176aa6c1feb2d51882894ce9f6b36db404e3,e553ca6bd21de539dc22120cc6086d255de069679212d24279248ed9c761abd6,e553ca6bd21de539dc22120cc6086d255de069679212d24279248ed9c761abd6,HISTORICAL_SUPERSEDED,historical context only; not canonical metrics,true,COPIED,byte-identical copy of committed frozen evidence,Historical or development documents are retained with their class and use boundary.
docs/historical_superseded/OPT_FINAL_EVIDENCE_SUMMARY.md,docs/OPT_FINAL_EVIDENCE_SUMMARY.md,9342e06db91945be2e44703437229ba45b18bda8,820bb3e4fc76e53c32b8caf65b28c75b58d37e8a,4a48c6b39b31bcd7531979a786c042d803e35be5fcac4240ae518e64c5470fd2,4a48c6b39b31bcd7531979a786c042d803e35be5fcac4240ae518e64c5470fd2,HISTORICAL_SUPERSEDED,historical context only; not canonical metrics,true,COPIED,byte-identical copy of committed frozen evidence,Historical or development documents are retained with their class and use boundary.
docs/historical_superseded/OPT_HISTORICAL_COMPATIBILITY_AUDIT.md,docs/OPT_HISTORICAL_COMPATIBILITY_AUDIT.md,9342e06db91945be2e44703437229ba45b18bda8,d5f2989341ae0630df1cf2dcec1ce99b0c3bc635,d112211d484377feebde993d0c25fefb7d460c813f170089b9f5ceea56de403e,d112211d484377feebde993d0c25fefb7d460c813f170089b9f5ceea56de403e,HISTORICAL_SUPERSEDED,historical context only; not canonical metrics,true,COPIED,byte-identical copy of committed frozen evidence,Historical or development documents are retained with their class and use boundary.
docs/historical_superseded/OPT_HISTORICAL_MODEL_INVENTORY.md,docs/OPT_HISTORICAL_MODEL_INVENTORY.md,9342e06db91945be2e44703437229ba45b18bda8,6738b1642b1a498c94954f44f9c5731c499e4d6c,9f9060fdf0065ae7f52ed514a7442a42f3eaeb19270d47cda90475284c4a495d,9f9060fdf0065ae7f52ed514a7442a42f3eaeb19270d47cda90475284c4a495d,HISTORICAL_SUPERSEDED,historical context only; not canonical metrics,true,COPIED,byte-identical copy of committed frozen evidence,Historical or development documents are retained with their class and use boundary.
docs/historical_superseded/OPT_HISTORICAL_REPLAY_RESULTS.md,docs/OPT_HISTORICAL_REPLAY_RESULTS.md,9342e06db91945be2e44703437229ba45b18bda8,dcc04f27119728a77b55da80753bdccc72b5c19d,7b03d005f3dd6bd0ff86e4a1dcc4b0deef6c91011858c2445af4044c333b54cd,7b03d005f3dd6bd0ff86e4a1dcc4b0deef6c91011858c2445af4044c333b54cd,HISTORICAL_SUPERSEDED,historical context only; not canonical metrics,true,COPIED,byte-identical copy of committed frozen evidence,Historical or development documents are retained with their class and use boundary.
docs/historical_superseded/OPT_TELEMETRY_INFORMATION_LOSS_AUDIT.md,docs/OPT_TELEMETRY_INFORMATION_LOSS_AUDIT.md,9342e06db91945be2e44703437229ba45b18bda8,cf0d226efb47cb1608bf92ef10a7fa9cdec8ff91,78300adf86ceaf439453e57d74fd26b3a83a286f24fb4571f65cd5966af57dd4,78300adf86ceaf439453e57d74fd26b3a83a286f24fb4571f65cd5966af57dd4,HISTORICAL_SUPERSEDED,historical context only; not canonical metrics,true,COPIED,byte-identical copy of committed frozen evidence,Historical or development documents are retained with their class and use boundary.
docs/historical_superseded/RCA_EVIDENCE_CLOSURE_FAILURE.md,docs/RCA_EVIDENCE_CLOSURE_FAILURE.md,9342e06db91945be2e44703437229ba45b18bda8,eda947691ae78a97308c751674a1f09f9552106e,1752c2ca9663ac0bc6dc8ba8e13ee0fa96e3c1d22f8e8ec08db20b66b45dfd93,1752c2ca9663ac0bc6dc8ba8e13ee0fa96e3c1d22f8e8ec08db20b66b45dfd93,HISTORICAL_SUPERSEDED,historical context only; not canonical metrics,true,COPIED,byte-identical copy of committed frozen evidence,Historical or development documents are retained with their class and use boundary.
docs/supporting/ANCHOR_FEASIBILITY_AUDIT.md,docs/ANCHOR_FEASIBILITY_AUDIT.md,9342e06db91945be2e44703437229ba45b18bda8,acce7c8ad626379a95acb82dcda7793b98a43d20,bf59643e1367edfb572171e884599104cd9e521650697fda7e9b842b6bdf677c,bf59643e1367edfb572171e884599104cd9e521650697fda7e9b842b6bdf677c,DIAGNOSTIC,limitation or post-hoc diagnostic; not confirmatory,true,COPIED,byte-identical copy of committed frozen evidence,Historical or development documents are retained with their class and use boundary.
docs/supporting/DATASET_AUDIT_RE2.md,docs/DATASET_AUDIT_RE2.md,9342e06db91945be2e44703437229ba45b18bda8,e5645fc3d7824ecb59aa39b9f02f6cea1015c911,1a4de60c11bfce889a6dd44b3c956f4891bff00be3fd6f4413f7b2658a82e6ba,1a4de60c11bfce889a6dd44b3c956f4891bff00be3fd6f4413f7b2658a82e6ba,SUPPORTING,"method, protocol, audit, or provenance context",true,COPIED,byte-identical copy of committed frozen evidence,
docs/supporting/EVALUATION_PROTOCOL.md,docs/EVALUATION_PROTOCOL.md,9342e06db91945be2e44703437229ba45b18bda8,738578f0254aea50aeb10e2af428cacd5fb4c160,a20bff16a0f8462531489a2d079c74ad1dd61fc066d64e4df7b2c645517876ec,a20bff16a0f8462531489a2d079c74ad1dd61fc066d64e4df7b2c645517876ec,SUPPORTING,"method, protocol, audit, or provenance context",true,COPIED,byte-identical copy of committed frozen evidence,
docs/supporting/FINAL_AUDIT_PROTOCOL_DEVIATIONS.md,docs/FINAL_AUDIT_PROTOCOL_DEVIATIONS.md,9342e06db91945be2e44703437229ba45b18bda8,333e9b2893340c0e8de52bb821ed741d4bcb8a62,88695491cb804109effc3c014efa3d9f9af3066fbb46b8b24256a34d68facf29,88695491cb804109effc3c014efa3d9f9af3066fbb46b8b24256a34d68facf29,SUPPORTING,"method, protocol, audit, or provenance context",true,COPIED,byte-identical copy of committed frozen evidence,
docs/supporting/FINAL_EVIDENCE_SUMMARY.md,docs/FINAL_EVIDENCE_SUMMARY.md,9342e06db91945be2e44703437229ba45b18bda8,4d87dfdeccd3ca16735d3c8b8cb6ea56e6be4962,ce12dbe6995168cc71ed6debfa56dd702cbf6fd40aad21390d179898b8c1cc7b,ce12dbe6995168cc71ed6debfa56dd702cbf6fd40aad21390d179898b8c1cc7b,SUPPORTING,"method, protocol, audit, or provenance context",true,COPIED,byte-identical copy of committed frozen evidence,
docs/supporting/FINAL_METHOD_DECISION.md,docs/FINAL_METHOD_DECISION.md,9342e06db91945be2e44703437229ba45b18bda8,6ad10877223127a476c0e81fce24b67fc7b19692,d19adc909b6951c4049b6175242240b3737d150164ea943e4319d56421b0d8db,d19adc909b6951c4049b6175242240b3737d150164ea943e4319d56421b0d8db,SUPPORTING,"method, protocol, audit, or provenance context",true,COPIED,byte-identical copy of committed frozen evidence,
docs/supporting/FINAL_RCA_CONTROL_AUDIT.md,docs/FINAL_RCA_CONTROL_AUDIT.md,9342e06db91945be2e44703437229ba45b18bda8,e92e4c831a5a5b989f8bf0a99f1cbfd6d636e8db,aad3960b074463a2499bd46658ba122ffb0df0ad13ab0f2ba9639d1b6c299bf2,aad3960b074463a2499bd46658ba122ffb0df0ad13ab0f2ba9639d1b6c299bf2,SUPPORTING,"method, protocol, audit, or provenance context",true,COPIED,byte-identical copy of committed frozen evidence,
docs/supporting/LEAKAGE_AUDIT.md,docs/LEAKAGE_AUDIT.md,9342e06db91945be2e44703437229ba45b18bda8,5aa689b9f5dd78b0e86bff851e2e8f9c93b1ffc8,df4453cfe254304fd21a20529c66ef13eab382d635e7501f80cdee9637859d4b,df4453cfe254304fd21a20529c66ef13eab382d635e7501f80cdee9637859d4b,SUPPORTING,"method, protocol, audit, or provenance context",true,COPIED,byte-identical copy of committed frozen evidence,
docs/supporting/MAGNITUDE_INVERSION_AUDIT.md,docs/MAGNITUDE_INVERSION_AUDIT.md,9342e06db91945be2e44703437229ba45b18bda8,30318b016b11d46e8f02ec5c195c7f1152435b65,addf67e28f58b48f89c0f70f73fac8754ac8dc9b03399480889bd3a89e97a36b,addf67e28f58b48f89c0f70f73fac8754ac8dc9b03399480889bd3a89e97a36b,DIAGNOSTIC,limitation or post-hoc diagnostic; not confirmatory,true,COPIED,byte-identical copy of committed frozen evidence,Historical or development documents are retained with their class and use boundary.
docs/supporting/OPT_DATASET_SPECIFIC_RESULTS.md,docs/OPT_DATASET_SPECIFIC_RESULTS.md,9342e06db91945be2e44703437229ba45b18bda8,3da6fbe11d76d0ec44abc91dc32a933e89783f94,3256d83ea49b03ee0d795010e863472ced12ac0b44bae7967b41116efac5287c,3256d83ea49b03ee0d795010e863472ced12ac0b44bae7967b41116efac5287c,DEVELOPMENT,internal P3/P4/optimization evidence; bounded use only,true,COPIED,byte-identical copy of committed frozen evidence,Historical or development documents are retained with their class and use boundary.
docs/supporting/OPT_FINAL_DECISION.md,docs/OPT_FINAL_DECISION.md,9342e06db91945be2e44703437229ba45b18bda8,25cbe679ddf0a37aa17beafbe66c3af652d99323,9d404778326de210b41fbd95878416d186822b29f703f4acfb125ce241fa4ec2,9d404778326de210b41fbd95878416d186822b29f703f4acfb125ce241fa4ec2,DEVELOPMENT,internal P3/P4/optimization evidence; bounded use only,true,COPIED,byte-identical copy of committed frozen evidence,Historical or development documents are retained with their class and use boundary.
docs/supporting/OPT_GLOBAL_CONFIGURATION_RESULTS.md,docs/OPT_GLOBAL_CONFIGURATION_RESULTS.md,9342e06db91945be2e44703437229ba45b18bda8,c051e751ef1e16556c0641b8e363330809f2b2c8,194c4f00528735943b53b24da80699c08879b2290719f718b38c40365ac90264,194c4f00528735943b53b24da80699c08879b2290719f718b38c40365ac90264,DEVELOPMENT,internal P3/P4/optimization evidence; bounded use only,true,COPIED,byte-identical copy of committed frozen evidence,Historical or development documents are retained with their class and use boundary.
docs/supporting/OPT_NESTED_SELECTION_RESULTS.md,docs/OPT_NESTED_SELECTION_RESULTS.md,9342e06db91945be2e44703437229ba45b18bda8,44ca6a2e5e68aaa53ca2c8176ff9f1844435cbf4,02d3fe7c15f8c0b405347d4b7cc804e210e4c1ae4b9188ce7fcf66682f66092e,02d3fe7c15f8c0b405347d4b7cc804e210e4c1ae4b9188ce7fcf66682f66092e,DEVELOPMENT,internal P3/P4/optimization evidence; bounded use only,true,COPIED,byte-identical copy of committed frozen evidence,Historical or development documents are retained with their class and use boundary.
docs/supporting/OPT_O0_BASELINE_INTEGRITY.md,docs/OPT_O0_BASELINE_INTEGRITY.md,9342e06db91945be2e44703437229ba45b18bda8,a5239bb469f5ceb8d1f50da9c7b7a672aff0dc07,26770f9cdfc56f364467efe22d78450969144ba9fc3ed4d654085213386e464d,26770f9cdfc56f364467efe22d78450969144ba9fc3ed4d654085213386e464d,SUPPORTING,"method, protocol, audit, or provenance context",true,COPIED,byte-identical copy of committed frozen evidence,
docs/supporting/OPT_RESEARCH_PROTOCOL_V2.md,docs/OPT_RESEARCH_PROTOCOL_V2.md,9342e06db91945be2e44703437229ba45b18bda8,03291a9c7d300847feb706f53ad80611da06376e,f81a2cd0ef5116f5602b936be1624b3cd39a9610569b31dc07cb359340d82bf7,f81a2cd0ef5116f5602b936be1624b3cd39a9610569b31dc07cb359340d82bf7,SUPPORTING,"method, protocol, audit, or provenance context",true,COPIED,byte-identical copy of committed frozen evidence,
docs/supporting/OPT_SEARCH_SPACE_FREEZE_V1.md,docs/OPT_SEARCH_SPACE_FREEZE_V1.md,9342e06db91945be2e44703437229ba45b18bda8,8c782fc2c022c29ef26596e2b2ad9f2b888dc688,b1737ff725ac65dcab0c97295cef2e73a7ecc0c8ce14a298393707b0b4100d2f,b1737ff725ac65dcab0c97295cef2e73a7ecc0c8ce14a298393707b0b4100d2f,SUPPORTING,"method, protocol, audit, or provenance context",true,COPIED,byte-identical copy of committed frozen evidence,
docs/supporting/P3_G1_DECISION.md,docs/P3_G1_DECISION.md,9342e06db91945be2e44703437229ba45b18bda8,48046c6bb8b727fe4759a991c6c464bca110f04b,38d2b2e50d9026140eaf3e1686f90a93fe907623058999906a415e8314f877bb,38d2b2e50d9026140eaf3e1686f90a93fe907623058999906a415e8314f877bb,DEVELOPMENT,internal P3/P4/optimization evidence; bounded use only,true,COPIED,byte-identical copy of committed frozen evidence,Historical or development documents are retained with their class and use boundary.
docs/supporting/P3_POSTMORTEM.md,docs/P3_POSTMORTEM.md,9342e06db91945be2e44703437229ba45b18bda8,200b31aa4709a34d434b625a2cee527af7633413,8e1b251e95ddca622fc8a923ae2b37f6c7f155f07149067e1eaf98e1f1a14a71,8e1b251e95ddca622fc8a923ae2b37f6c7f155f07149067e1eaf98e1f1a14a71,DIAGNOSTIC,limitation or post-hoc diagnostic; not confirmatory,true,COPIED,byte-identical copy of committed frozen evidence,Historical or development documents are retained with their class and use boundary.
docs/supporting/P4_CONTEXT_DIAGNOSTIC_LIMITATION.md,docs/P4_CONTEXT_DIAGNOSTIC_LIMITATION.md,9342e06db91945be2e44703437229ba45b18bda8,29e5812d71ac5ff845ab176c7fd3f139c6e3eb1a,6f56dd920699ee636c09fda9f6c0400cec81624ae815b1d8c992ae7162062c2c,6f56dd920699ee636c09fda9f6c0400cec81624ae815b1d8c992ae7162062c2c,DIAGNOSTIC,limitation or post-hoc diagnostic; not confirmatory,true,COPIED,byte-identical copy of committed frozen evidence,Historical or development documents are retained with their class and use boundary.
docs/supporting/P4_G0_DECISION.md,docs/P4_G0_DECISION.md,9342e06db91945be2e44703437229ba45b18bda8,0b1a3e09a7c46e73a2b7a0b5babad0bdfb51ed25,678c6779c62a91a7b6923b78387bb83ad869fea3511e4b3e5f06b522f60f4c33,678c6779c62a91a7b6923b78387bb83ad869fea3511e4b3e5f06b522f60f4c33,DEVELOPMENT,internal P3/P4/optimization evidence; bounded use only,true,COPIED,byte-identical copy of committed frozen evidence,Historical or development documents are retained with their class and use boundary.
docs/supporting/P4_G0_FAILURE_ANALYSIS.md,docs/P4_G0_FAILURE_ANALYSIS.md,9342e06db91945be2e44703437229ba45b18bda8,3c538cc2a092c5cbb5dff671a82b14f0c56ebd7f,9d3708e53cd8d68e4f8ab233b84b53a61750f6b77b6e4f9cc3201dfc04148b0c,9d3708e53cd8d68e4f8ab233b84b53a61750f6b77b6e4f9cc3201dfc04148b0c,DEVELOPMENT,internal P3/P4/optimization evidence; bounded use only,true,COPIED,byte-identical copy of committed frozen evidence,Historical or development documents are retained with their class and use boundary.
docs/supporting/P4_G0_IMPLEMENTATION_AUDIT.md,docs/P4_G0_IMPLEMENTATION_AUDIT.md,9342e06db91945be2e44703437229ba45b18bda8,37b9a365f22816c67ba6421fb07d6509ee25eda1,2c9cdcbce3a84783254266b9c65c4e84ede39cd7fff8ad605c6292ccdd3a772a,2c9cdcbce3a84783254266b9c65c4e84ede39cd7fff8ad605c6292ccdd3a772a,DEVELOPMENT,internal P3/P4/optimization evidence; bounded use only,true,COPIED,byte-identical copy of committed frozen evidence,Historical or development documents are retained with their class and use boundary.
docs/supporting/P4_G0_RESULTS.md,docs/P4_G0_RESULTS.md,9342e06db91945be2e44703437229ba45b18bda8,5ffc9c7a6b1479361994b0cd1b76011eaeca777c,0f47872a1d8f35d932e48c662ddb0155e4af64250cda6a3022a4899491cda876,0f47872a1d8f35d932e48c662ddb0155e4af64250cda6a3022a4899491cda876,DEVELOPMENT,internal P3/P4/optimization evidence; bounded use only,true,COPIED,byte-identical copy of committed frozen evidence,Historical or development documents are retained with their class and use boundary.
docs/supporting/P4_PROTOCOL_DEVIATIONS.md,docs/P4_PROTOCOL_DEVIATIONS.md,9342e06db91945be2e44703437229ba45b18bda8,d9c6ea0e83a3333c557863337a9f026458853d9b,439b01129ff6f8357c2499e6b7031b93eb019de04e89e62c74d0422d7d325b7a,439b01129ff6f8357c2499e6b7031b93eb019de04e89e62c74d0422d7d325b7a,DEVELOPMENT,internal P3/P4/optimization evidence; bounded use only,true,COPIED,byte-identical copy of committed frozen evidence,Historical or development documents are retained with their class and use boundary.
docs/supporting/RCA_FINAL_METHOD_FREEZE_V1.0.md,docs/RCA_FINAL_METHOD_FREEZE_V1.0.md,9342e06db91945be2e44703437229ba45b18bda8,d72509f950c014ca03a708283dc2fbb9bd8fac0e,f4b2d7ebcca898a8f346ad2332c0a1aa29aed1a869447181d02bc2bea1246a10,f4b2d7ebcca898a8f346ad2332c0a1aa29aed1a869447181d02bc2bea1246a10,SUPPORTING,"method, protocol, audit, or provenance context",true,COPIED,byte-identical copy of committed frozen evidence,
docs/supporting/RCA_P3_Research_Execution_Protocol_V0.6_min.md,docs/RCA_P3_Research_Execution_Protocol_V0.6_min.md,9342e06db91945be2e44703437229ba45b18bda8,7434580e726d9fc89a51c93bcc382d4a0f8da0af,3739351008eff3ff8f2388c4b5f5580b9ebd117dba3e5ec28d1ec3fdb99de43d,3739351008eff3ff8f2388c4b5f5580b9ebd117dba3e5ec28d1ec3fdb99de43d,DEVELOPMENT,internal P3/P4/optimization evidence; bounded use only,true,COPIED,byte-identical copy of committed frozen evidence,Historical or development documents are retained with their class and use boundary.
docs/supporting/RCA_P4_G0_MINIMAL_COMPARATIVE_PROTOCOL_V0.7.md,docs/RCA_P4_G0_MINIMAL_COMPARATIVE_PROTOCOL_V0.7.md,9342e06db91945be2e44703437229ba45b18bda8,0cfcc35a630d5d33bf5e5beab24b562b7f961d57,8bbd9d9dc69778f3c2a677dbcaf38273421a2c005bae91233d72faa71f3c8fb7,8bbd9d9dc69778f3c2a677dbcaf38273421a2c005bae91233d72faa71f3c8fb7,DEVELOPMENT,internal P3/P4/optimization evidence; bounded use only,true,COPIED,byte-identical copy of committed frozen evidence,Historical or development documents are retained with their class and use boundary.
docs/supporting/README.md,docs/README.md,9342e06db91945be2e44703437229ba45b18bda8,0a3ab808f0456a5bd4d34e177225d30ba087228d,138d26a824640edd676968dc1f4b99e9a4cf4c386584cbe4687a829c5b15746b,138d26a824640edd676968dc1f4b99e9a4cf4c386584cbe4687a829c5b15746b,SUPPORTING,"method, protocol, audit, or provenance context",true,COPIED,byte-identical copy of committed frozen evidence,
docs/supporting/REPRESENTATION_FREEZE.md,docs/REPRESENTATION_FREEZE.md,9342e06db91945be2e44703437229ba45b18bda8,088adf54424a01f3128963f1df98f51151b9df91,df5952dfe2a3978e0d83739f157fe1b028461f89223b69bfcb631a8348eb9637,df5952dfe2a3978e0d83739f157fe1b028461f89223b69bfcb631a8348eb9637,SUPPORTING,"method, protocol, audit, or provenance context",true,COPIED,byte-identical copy of committed frozen evidence,
docs/supporting/RESEARCH_STATUS.md,docs/RESEARCH_STATUS.md,9342e06db91945be2e44703437229ba45b18bda8,87b69dab616e4e90463e186fd7f6518f3ee6bef4,a7ce3fdeef7932c36a80c15baf7ef102204266bd87d789a83a901684d20de4f4,a7ce3fdeef7932c36a80c15baf7ef102204266bd87d789a83a901684d20de4f4,SUPPORTING,"method, protocol, audit, or provenance context",true,COPIED,byte-identical copy of committed frozen evidence,
docs/supporting/S3_SERVICE_IDENTITY_PROBE.md,docs/S3_SERVICE_IDENTITY_PROBE.md,9342e06db91945be2e44703437229ba45b18bda8,3a5fd6656e86233a6f2621060b778c27a3ea2b1a,12ed8bb8d085c4ac07cd9e4647e0fe419522b9a066f0ce34d42639c02cde0210,12ed8bb8d085c4ac07cd9e4647e0fe419522b9a066f0ce34d42639c02cde0210,DIAGNOSTIC,limitation or post-hoc diagnostic; not confirmatory,true,COPIED,byte-identical copy of committed frozen evidence,Historical or development documents are retained with their class and use boundary.
docs/supporting/SPLIT_PROTOCOL.md,docs/SPLIT_PROTOCOL.md,9342e06db91945be2e44703437229ba45b18bda8,577f1f3ec0f1e05dc7c86a800c23d7b67fcca144,97be8f71a73428df99797fa6e3a8f5939ed6d6d95c076166bf399d14f49c2e9e,97be8f71a73428df99797fa6e3a8f5939ed6d6d95c076166bf399d14f49c2e9e,SUPPORTING,"method, protocol, audit, or provenance context",true,COPIED,byte-identical copy of committed frozen evidence,
docs/supporting/ZERO_MODEL_AUDIT.md,docs/ZERO_MODEL_AUDIT.md,9342e06db91945be2e44703437229ba45b18bda8,f257cdbf17f7774f284410ab51a6815eda23e7bb,7ab879f663dafa0d8d9bd76f9c8a3a7c6e7cb42a28110187ec9da9239278e371,7ab879f663dafa0d8d9bd76f9c8a3a7c6e7cb42a28110187ec9da9239278e371,DEVELOPMENT,internal P3/P4/optimization evidence; bounded use only,true,COPIED,byte-identical copy of committed frozen evidence,Historical or development documents are retained with their class and use boundary.
raw/controls/checksums.json,artifacts/final_audit/checksums.json,9342e06db91945be2e44703437229ba45b18bda8,7b695f3e93e4e8d45e93652f4c2c4a7a3f52595d,459bddf1ebb5f0c8ed269c32c53e26243fc3d289d2b302e035b525d3b0adf467,459bddf1ebb5f0c8ed269c32c53e26243fc3d289d2b302e035b525d3b0adf467,SUPPORTING,final falsification controls and audit evidence,true,COPIED,byte-identical copy of committed frozen evidence,
raw/controls/control_comparisons.json,artifacts/final_audit/control_comparisons.json,9342e06db91945be2e44703437229ba45b18bda8,081547b6dfb8b0ee118b8cd1e0a7894f67fd8a61,864f018f8196f4cfac233ad089b54eabf587d59ab3b4b655b609d3c33063a971,864f018f8196f4cfac233ad089b54eabf587d59ab3b4b655b609d3c33063a971,SUPPORTING,final falsification controls and audit evidence,true,COPIED,byte-identical copy of committed frozen evidence,
raw/controls/controls/re2ob/s0_deterministic_metrics.json,artifacts/final_audit/controls/re2ob/s0_deterministic_metrics.json,9342e06db91945be2e44703437229ba45b18bda8,82dc005dc4d611d71a5897a7dc8f67eb383ba5e9,ae4a6bc7a78efdd0106936c268a2b13204a0fe144d9da4319c34631dbd023172,ae4a6bc7a78efdd0106936c268a2b13204a0fe144d9da4319c34631dbd023172,SUPPORTING,final falsification controls and audit evidence,true,COPIED,byte-identical copy of committed frozen evidence,
raw/controls/controls/re2ob/s0_deterministic_predictions.jsonl,artifacts/final_audit/controls/re2ob/s0_deterministic_predictions.jsonl,9342e06db91945be2e44703437229ba45b18bda8,f8eb4f63f1b072c9260c8d1827d585751e819b47,bc9b53ff1fb8afb40be17b0f88af4e8d7358e8fb47a6fe1c8577ee06c4d0693a,bc9b53ff1fb8afb40be17b0f88af4e8d7358e8fb47a6fe1c8577ee06c4d0693a,SUPPORTING,final falsification controls and audit evidence,true,COPIED,byte-identical copy of committed frozen evidence,
raw/controls/controls/re2ob/s0_seen_roots.json,artifacts/final_audit/controls/re2ob/s0_seen_roots.json,9342e06db91945be2e44703437229ba45b18bda8,96219d1a1dbd5f68fa0d9ac5d5c3afb01e3f9b91,b2fe7607ba8b0e9998c0536a85c4675b6f72236aca0b0eb6dd63ef49726b6c73,b2fe7607ba8b0e9998c0536a85c4675b6f72236aca0b0eb6dd63ef49726b6c73,SUPPORTING,final falsification controls and audit evidence,true,COPIED,byte-identical copy of committed frozen evidence,
raw/controls/controls/re2ob/s0_tie_neutral_metrics.json,artifacts/final_audit/controls/re2ob/s0_tie_neutral_metrics.json,9342e06db91945be2e44703437229ba45b18bda8,04c17828b87498409e561ba5cfb0cdf7fd158e6b,5d38b50d12affc61fb8e7ab55f0d67645ea7b59e126a86202275f41b8314feef,5d38b50d12affc61fb8e7ab55f0d67645ea7b59e126a86202275f41b8314feef,SUPPORTING,final falsification controls and audit evidence,true,COPIED,byte-identical copy of committed frozen evidence,
raw/controls/controls/re2ob/s1_metrics.json,artifacts/final_audit/controls/re2ob/s1_metrics.json,9342e06db91945be2e44703437229ba45b18bda8,4d64a6c5e0dca7cca7d480333e6bb774f199dc2a,9466ab90c234b1ac3406e38899531e59a601799826bdfc1d2e950ab395085e13,9466ab90c234b1ac3406e38899531e59a601799826bdfc1d2e950ab395085e13,SUPPORTING,final falsification controls and audit evidence,true,COPIED,byte-identical copy of committed frozen evidence,
raw/controls/controls/re2ob/s1_model_state/manifest.json,artifacts/final_audit/controls/re2ob/s1_model_state/manifest.json,9342e06db91945be2e44703437229ba45b18bda8,388a526861831c809d431688b85b201f8ded9704,110a3f8db859dc7147b30751d2ef6dcab9433146d0c81c58420d510c11682e16,110a3f8db859dc7147b30751d2ef6dcab9433146d0c81c58420d510c11682e16,SUPPORTING,final falsification controls and audit evidence,true,COPIED,byte-identical copy of committed frozen evidence,
raw/controls/controls/re2ob/s1_predictions.jsonl,artifacts/final_audit/controls/re2ob/s1_predictions.jsonl,9342e06db91945be2e44703437229ba45b18bda8,34388c56aec1835f0e6f79b3cb5faf2e3c330132,76fe5992983b56ba1d2e1a6bdf5c82b5eae09320fbf5d6c6f20e9c3f4d7aa39b,76fe5992983b56ba1d2e1a6bdf5c82b5eae09320fbf5d6c6f20e9c3f4d7aa39b,SUPPORTING,final falsification controls and audit evidence,true,COPIED,byte-identical copy of committed frozen evidence,
raw/controls/controls/re2ob/s2_metrics.json,artifacts/final_audit/controls/re2ob/s2_metrics.json,9342e06db91945be2e44703437229ba45b18bda8,01d895cc0848ae6c14ae18effe1b2a734a5e302e,5a77c3f6e6dea88909caa83140d8453effbcf693633d53aae17449b6fb8c98e3,5a77c3f6e6dea88909caa83140d8453effbcf693633d53aae17449b6fb8c98e3,SUPPORTING,final falsification controls and audit evidence,true,COPIED,byte-identical copy of committed frozen evidence,
raw/controls/controls/re2ob/s2_model_state/manifest.json,artifacts/final_audit/controls/re2ob/s2_model_state/manifest.json,9342e06db91945be2e44703437229ba45b18bda8,b584025ad62f7c3e92bef41d85512487010569c0,71fd7355e8945e465f483a7adc620d4044469fab757f930f47819df21f12947b,71fd7355e8945e465f483a7adc620d4044469fab757f930f47819df21f12947b,SUPPORTING,final falsification controls and audit evidence,true,COPIED,byte-identical copy of committed frozen evidence,
raw/controls/controls/re2ob/s2_predictions.jsonl,artifacts/final_audit/controls/re2ob/s2_predictions.jsonl,9342e06db91945be2e44703437229ba45b18bda8,3f5a680bf959ca8354cb938eb7d956d495091996,19281fb2055abadac061c17ef8a35593f748136253c10148f160896fb919eba9,19281fb2055abadac061c17ef8a35593f748136253c10148f160896fb919eba9,SUPPORTING,final falsification controls and audit evidence,true,COPIED,byte-identical copy of committed frozen evidence,
raw/controls/controls/re2tt/s0_deterministic_metrics.json,artifacts/final_audit/controls/re2tt/s0_deterministic_metrics.json,9342e06db91945be2e44703437229ba45b18bda8,e9bf696a473ed0776366aec9173de3dce3418941,bcbce718865bce61c00445005b4b093cc6307067907b0bea954925a02b465221,bcbce718865bce61c00445005b4b093cc6307067907b0bea954925a02b465221,SUPPORTING,final falsification controls and audit evidence,true,COPIED,byte-identical copy of committed frozen evidence,
raw/controls/controls/re2tt/s0_deterministic_predictions.jsonl,artifacts/final_audit/controls/re2tt/s0_deterministic_predictions.jsonl,9342e06db91945be2e44703437229ba45b18bda8,8fcb999d64e66efdf70aae7e54d9816cc0efcac6,ceaa413688e3e69d2dfc2b44f1ff274db6c6176e5738a77582f57495e8867e6d,ceaa413688e3e69d2dfc2b44f1ff274db6c6176e5738a77582f57495e8867e6d,SUPPORTING,final falsification controls and audit evidence,true,COPIED,byte-identical copy of committed frozen evidence,
raw/controls/controls/re2tt/s0_seen_roots.json,artifacts/final_audit/controls/re2tt/s0_seen_roots.json,9342e06db91945be2e44703437229ba45b18bda8,3763e1ce68b8b05c0930941995d6f53b5ab04f32,21480e561c296cc6b337df7e19dc1564e1f4688fd250712fda3bf1c3cebd76d7,21480e561c296cc6b337df7e19dc1564e1f4688fd250712fda3bf1c3cebd76d7,SUPPORTING,final falsification controls and audit evidence,true,COPIED,byte-identical copy of committed frozen evidence,
raw/controls/controls/re2tt/s0_tie_neutral_metrics.json,artifacts/final_audit/controls/re2tt/s0_tie_neutral_metrics.json,9342e06db91945be2e44703437229ba45b18bda8,cf178fae133cd3d1f5a22ad21b5044f58577f8b1,4f484f41ae94d11e55366048f84b72fa0a4b8b93a3a606bb7c82e19ed46fbdf0,4f484f41ae94d11e55366048f84b72fa0a4b8b93a3a606bb7c82e19ed46fbdf0,SUPPORTING,final falsification controls and audit evidence,true,COPIED,byte-identical copy of committed frozen evidence,
raw/controls/controls/re2tt/s1_metrics.json,artifacts/final_audit/controls/re2tt/s1_metrics.json,9342e06db91945be2e44703437229ba45b18bda8,eaaf1f3143a78b9a7b0e63f6f97f9ea812ecbbe8,175cd95c09f5249d874c8f4667a59a687e4acb23dc70b97804f83eddee329453,175cd95c09f5249d874c8f4667a59a687e4acb23dc70b97804f83eddee329453,SUPPORTING,final falsification controls and audit evidence,true,COPIED,byte-identical copy of committed frozen evidence,
raw/controls/controls/re2tt/s1_model_state/manifest.json,artifacts/final_audit/controls/re2tt/s1_model_state/manifest.json,9342e06db91945be2e44703437229ba45b18bda8,0fc361da9ccca476a28537c68acfc8aa400603af,e5e40cbe385c866de52f4fb96e1f19c29fe9b6ce50584dd5c3c8e9b77b4a5f40,e5e40cbe385c866de52f4fb96e1f19c29fe9b6ce50584dd5c3c8e9b77b4a5f40,SUPPORTING,final falsification controls and audit evidence,true,COPIED,byte-identical copy of committed frozen evidence,
raw/controls/controls/re2tt/s1_predictions.jsonl,artifacts/final_audit/controls/re2tt/s1_predictions.jsonl,9342e06db91945be2e44703437229ba45b18bda8,932d5e63ec1b72159c13e0f0052fe1eb397b54e8,7cca12ead87c8ab14ded2039eb9266a60579f9ed3a40c9a60f793d88f38ce481,7cca12ead87c8ab14ded2039eb9266a60579f9ed3a40c9a60f793d88f38ce481,SUPPORTING,final falsification controls and audit evidence,true,COPIED,byte-identical copy of committed frozen evidence,
raw/controls/controls/re2tt/s2_metrics.json,artifacts/final_audit/controls/re2tt/s2_metrics.json,9342e06db91945be2e44703437229ba45b18bda8,85a3b7780930a3470257cacedcb82f71d2c68ab6,d80130e61516ff8ccb2c60bf7c0c7a8ce79dba116fc33df1a11519d12fa30138,d80130e61516ff8ccb2c60bf7c0c7a8ce79dba116fc33df1a11519d12fa30138,SUPPORTING,final falsification controls and audit evidence,true,COPIED,byte-identical copy of committed frozen evidence,
raw/controls/controls/re2tt/s2_model_state/manifest.json,artifacts/final_audit/controls/re2tt/s2_model_state/manifest.json,9342e06db91945be2e44703437229ba45b18bda8,6dfe12156633dcc3e16e773c6e23e71f5231d13d,2e2bfa096c4b134cd4444a52d29d0491edae2be00c53a00896fbce662cbee9cb,2e2bfa096c4b134cd4444a52d29d0491edae2be00c53a00896fbce662cbee9cb,SUPPORTING,final falsification controls and audit evidence,true,COPIED,byte-identical copy of committed frozen evidence,
raw/controls/controls/re2tt/s2_predictions.jsonl,artifacts/final_audit/controls/re2tt/s2_predictions.jsonl,9342e06db91945be2e44703437229ba45b18bda8,acb506a82272c7a479bfd34002cb1bcff555b412,d921461143c8b80f235947dc398a108d6be97b2c07a6273d8dfc84e462ea2627,d921461143c8b80f235947dc398a108d6be97b2c07a6273d8dfc84e462ea2627,SUPPORTING,final falsification controls and audit evidence,true,COPIED,byte-identical copy of committed frozen evidence,
raw/controls/environment.json,artifacts/final_audit/environment.json,9342e06db91945be2e44703437229ba45b18bda8,e5c137b3f414143b2022ffa332692fb3eb5d944c,37cf8c8c8e79e7dc9bf036fbe29c3a9b97d3de61274ccf57553bdcc2ebe7d0c9,37cf8c8c8e79e7dc9bf036fbe29c3a9b97d3de61274ccf57553bdcc2ebe7d0c9,SUPPORTING,final falsification controls and audit evidence,true,COPIED,byte-identical copy of committed frozen evidence,
raw/controls/postmortem/case_rank_transitions.csv,artifacts/postmortem/case_rank_transitions.csv,9342e06db91945be2e44703437229ba45b18bda8,f613677f1e3eb9ea92a1397e82f442e8c7d35283,238ec10e7824504feaeefe955a118c7f7c7cc3388b03a11372feb7dcd7410297,238ec10e7824504feaeefe955a118c7f7c7cc3388b03a11372feb7dcd7410297,DIAGNOSTIC,post-hoc diagnostic evidence,true,COPIED,byte-identical copy of committed frozen evidence,
raw/controls/postmortem/coverage_analysis.json,artifacts/postmortem/coverage_analysis.json,9342e06db91945be2e44703437229ba45b18bda8,de2cc1f109e05deebfecac2b21aeaefd81d2ab13,19ab2e4978457dc9f62ab169e51d8c25a2017aff194753ed44945abd36e3f20f,19ab2e4978457dc9f62ab169e51d8c25a2017aff194753ed44945abd36e3f20f,DIAGNOSTIC,post-hoc diagnostic evidence,true,COPIED,byte-identical copy of committed frozen evidence,
raw/controls/postmortem/fault_root_fold_analysis.json,artifacts/postmortem/fault_root_fold_analysis.json,9342e06db91945be2e44703437229ba45b18bda8,11b6c0690c1c323715ad70bd99004ca4443137be,d2c753c04f3406de970adc3c4d5dd50b6034b371eb0d9e02d511ea877a2f58a1,d2c753c04f3406de970adc3c4d5dd50b6034b371eb0d9e02d511ea877a2f58a1,DIAGNOSTIC,post-hoc diagnostic evidence,true,COPIED,byte-identical copy of committed frozen evidence,
raw/controls/postmortem/magnitude_inversion.json,artifacts/audits/magnitude_inversion.json,9342e06db91945be2e44703437229ba45b18bda8,485d6d106359db8480d23b4a24135a31f2e27ee7,ca8f96d600223e6694e95710d1360bef4514c6037936f1ea2b75a0bc84d3de52,ca8f96d600223e6694e95710d1360bef4514c6037936f1ea2b75a0bc84d3de52,DIAGNOSTIC,post-hoc magnitude inversion diagnostic,true,COPIED,byte-identical copy of committed frozen evidence,
raw/controls/postmortem/mi_subset_analysis.json,artifacts/postmortem/mi_subset_analysis.json,9342e06db91945be2e44703437229ba45b18bda8,859edf23451e8c50e37cf47647527f94ea21c888,6fabccc2af9c504bfbd341a07ccc4f2a94d5a15b44c93ad1482ce902a4dc2539,6fabccc2af9c504bfbd341a07ccc4f2a94d5a15b44c93ad1482ce902a4dc2539,DIAGNOSTIC,post-hoc diagnostic evidence,true,COPIED,byte-identical copy of committed frozen evidence,
raw/controls/postmortem/z2_vs_z1_bootstrap.json,artifacts/postmortem/z2_vs_z1_bootstrap.json,9342e06db91945be2e44703437229ba45b18bda8,d906f41bf18816cc0a6f6ad29164e9d5c3ab0405,f9e5a8a97bc0719e132bce698cdd3479b28f56ba27835922d9f1ba418bb4fd21,f9e5a8a97bc0719e132bce698cdd3479b28f56ba27835922d9f1ba418bb4fd21,DIAGNOSTIC,post-hoc diagnostic evidence,true,COPIED,byte-identical copy of committed frozen evidence,
raw/controls/pre_event_features/re2ob/manifest.json,artifacts/final_audit/pre_event_features/re2ob/manifest.json,9342e06db91945be2e44703437229ba45b18bda8,061bf081ff2d830a4fc56ed9462cd748689c3ece,99c814dbf462078d79474d4db0fda6270bf6acdd5fac5cc002ec3adc49b03bcf,99c814dbf462078d79474d4db0fda6270bf6acdd5fac5cc002ec3adc49b03bcf,SUPPORTING,final falsification controls and audit evidence,true,COPIED,byte-identical copy of committed frozen evidence,
raw/controls/pre_event_features/re2tt/manifest.json,artifacts/final_audit/pre_event_features/re2tt/manifest.json,9342e06db91945be2e44703437229ba45b18bda8,5edf12c03c5c6a41296b470235b1db6cb1df8912,fbb8ced192d81a69d5e10e82087a0548f7d50ce199138db251b5958979af7c99,fbb8ced192d81a69d5e10e82087a0548f7d50ce199138db251b5958979af7c99,SUPPORTING,final falsification controls and audit evidence,true,COPIED,byte-identical copy of committed frozen evidence,
raw/controls/provenance.json,artifacts/final_audit/provenance.json,9342e06db91945be2e44703437229ba45b18bda8,8e1765a160034618c6771a046cf74e6f7443d927,d10457cfc2340361f5ed6dd4d4890c82c47e41d76a90e88d907821f24c18f7fe,d10457cfc2340361f5ed6dd4d4890c82c47e41d76a90e88d907821f24c18f7fe,SUPPORTING,final falsification controls and audit evidence,true,COPIED,byte-identical copy of committed frozen evidence,
raw/controls/runtime.json,artifacts/final_audit/runtime.json,9342e06db91945be2e44703437229ba45b18bda8,792604ebccc642a293f1923aedf584a7aaf674d9,89c4d25cc4ced52e0e86ede953bb2a92b6b0dcf993a2f5da0b148778a8367adb,89c4d25cc4ced52e0e86ede953bb2a92b6b0dcf993a2f5da0b148778a8367adb,SUPPORTING,final falsification controls and audit evidence,true,COPIED,byte-identical copy of committed frozen evidence,
raw/controls/s3_service_identity/checksums.json,artifacts/final_audit/s3_service_identity/checksums.json,9342e06db91945be2e44703437229ba45b18bda8,d5c30782eec0edebfa45a199527a09f974a52241,e74431dbe79215144081677cde25dbcbe915e22316da127a03e4c9e46f2fd7fc,e74431dbe79215144081677cde25dbcbe915e22316da127a03e4c9e46f2fd7fc,SUPPORTING,final falsification controls and audit evidence,true,COPIED,byte-identical copy of committed frozen evidence,
raw/controls/s3_service_identity/provenance.json,artifacts/final_audit/s3_service_identity/provenance.json,9342e06db91945be2e44703437229ba45b18bda8,dfcdeb9acc5a5be8bdd2d09591433cda3443320e,df1760644a17a026c00c05d81611873c4a470305e10b3869a68ec997bfd874d3,df1760644a17a026c00c05d81611873c4a470305e10b3869a68ec997bfd874d3,SUPPORTING,final falsification controls and audit evidence,true,COPIED,byte-identical copy of committed frozen evidence,
raw/controls/s3_service_identity/re2ob.json,artifacts/final_audit/s3_service_identity/re2ob.json,9342e06db91945be2e44703437229ba45b18bda8,c7867ebe04c3ed6521b6d3380dea76665268252a,6da767f62c62ac8c66dd0e4425bdd70afa3c720492112379f89634204a3c2bc5,6da767f62c62ac8c66dd0e4425bdd70afa3c720492112379f89634204a3c2bc5,SUPPORTING,final falsification controls and audit evidence,true,COPIED,byte-identical copy of committed frozen evidence,
raw/controls/s3_service_identity/re2tt.json,artifacts/final_audit/s3_service_identity/re2tt.json,9342e06db91945be2e44703437229ba45b18bda8,f06ec2132381af1b85fa084fd35d221ecb0e467c,12e31175902dd9b1b772b373f8a182ba1d30f8abdab38307cba2e3ecc42bca59,12e31175902dd9b1b772b373f8a182ba1d30f8abdab38307cba2e3ecc42bca59,SUPPORTING,final falsification controls and audit evidence,true,COPIED,byte-identical copy of committed frozen evidence,
raw/controls/s3_service_identity/summary.json,artifacts/final_audit/s3_service_identity/summary.json,9342e06db91945be2e44703437229ba45b18bda8,aa2e88adde1dd6b47238752dfc404c1db0d92505,3a7d75b0ced5a3128a6597aee7ae7902a57b3daaa6110990e8912a340f61cc39,3a7d75b0ced5a3128a6597aee7ae7902a57b3daaa6110990e8912a340f61cc39,SUPPORTING,final falsification controls and audit evidence,true,COPIED,byte-identical copy of committed frozen evidence,
raw/controls/summary.json,artifacts/final_audit/summary.json,9342e06db91945be2e44703437229ba45b18bda8,03d71623f1602899ed65ea998a887e54972f324c,61d48c6c9b505874ac0929452f5f8f5416b8c224057b04a90aecf92c4576de1f,61d48c6c9b505874ac0929452f5f8f5416b8c224057b04a90aecf92c4576de1f,SUPPORTING,final falsification controls and audit evidence,true,COPIED,byte-identical copy of committed frozen evidence,
raw/evidence_closure/bootstrap_corrected_v1_1.json,artifacts/evidence_closure/bootstrap_corrected_v1_1.json,9342e06db91945be2e44703437229ba45b18bda8,bd308db31aa92e79d65870ea986fd13810a11e40,172ea8c2e2d2103a1e50635ed9681e6a35e4c763e630ae0a7a192555169caaf2,172ea8c2e2d2103a1e50635ed9681e6a35e4c763e630ae0a7a192555169caaf2,CANONICAL,canonical Evidence Closure machine-readable evidence,true,COPIED,byte-identical copy of committed frozen evidence,This is the canonical machine-readable layer; legacy summaries remain historical.
raw/evidence_closure/evidence_semantic_correction_v1_1.json,artifacts/evidence_closure/evidence_semantic_correction_v1_1.json,9342e06db91945be2e44703437229ba45b18bda8,a530a98b9d1d89bb3c1a8462616a8a7e8f1edc1e,2fe3811996508a3bd79dd7cbd620da54a10e04c7a570d39b9d8303e06cf52419,2fe3811996508a3bd79dd7cbd620da54a10e04c7a570d39b9d8303e06cf52419,CANONICAL,canonical Evidence Closure machine-readable evidence,true,COPIED,byte-identical copy of committed frozen evidence,This is the canonical machine-readable layer; legacy summaries remain historical.
raw/evidence_closure/final_decision_v1_1.json,artifacts/evidence_closure/final_decision_v1_1.json,9342e06db91945be2e44703437229ba45b18bda8,165262018f00fde0db444a9f579f63d3028917ca,2eb5b567a16b5b4f24c17fa9814509185d9de30167914dabd421d05afe8869de,2eb5b567a16b5b4f24c17fa9814509185d9de30167914dabd421d05afe8869de,CANONICAL,canonical Evidence Closure machine-readable evidence,true,COPIED,byte-identical copy of committed frozen evidence,This is the canonical machine-readable layer; legacy summaries remain historical.
raw/evidence_closure/input_manifest.json,artifacts/evidence_closure/input_manifest.json,9342e06db91945be2e44703437229ba45b18bda8,20d7f56333c16ee8d324a3a1fde917b60d026fcb,3727b5e6d1c86f793b5b0e5a75a5ba94213474594b10fe3c845c5e40d232669d,3727b5e6d1c86f793b5b0e5a75a5ba94213474594b10fe3c845c5e40d232669d,CANONICAL,canonical Evidence Closure machine-readable evidence,true,COPIED,byte-identical copy of committed frozen evidence,This is the canonical machine-readable layer; legacy summaries remain historical.
raw/evidence_closure/metric_reconstruction_v1_1.json,artifacts/evidence_closure/metric_reconstruction_v1_1.json,9342e06db91945be2e44703437229ba45b18bda8,6efb80e1c0e91a49dd3a724bd8870da78814d9ff,0cfc89c2bf48abeabb931a668522a80ba7cf7121f30fed3344fae866202e78c3,0cfc89c2bf48abeabb931a668522a80ba7cf7121f30fed3344fae866202e78c3,CANONICAL,canonical Evidence Closure machine-readable evidence,true,COPIED,byte-identical copy of committed frozen evidence,This is the canonical machine-readable layer; legacy summaries remain historical.
raw/evidence_closure/provenance_normalization_v1_1.json,artifacts/evidence_closure/provenance_normalization_v1_1.json,9342e06db91945be2e44703437229ba45b18bda8,2caba916dc969a26c6d80544159dea3d2d03286f,c4e33556ee4fb271b79c27ce626123f59eb54da41adacac5f1940dcc51d418bb,c4e33556ee4fb271b79c27ce626123f59eb54da41adacac5f1940dcc51d418bb,CANONICAL,canonical Evidence Closure machine-readable evidence,true,COPIED,byte-identical copy of committed frozen evidence,This is the canonical machine-readable layer; legacy summaries remain historical.
raw/evidence_closure/telemetry_information_loss_v1_1.json,artifacts/evidence_closure/telemetry_information_loss_v1_1.json,9342e06db91945be2e44703437229ba45b18bda8,ecce29f1643e14e7b24cf9b5cbab4937c6e4d8e2,5c553845b3527247649bffa40c7685278a23a0467895103c2f11b4c569f42898,5c553845b3527247649bffa40c7685278a23a0467895103c2f11b4c569f42898,CANONICAL,canonical Evidence Closure machine-readable evidence,true,COPIED,byte-identical copy of committed frozen evidence,This is the canonical machine-readable layer; legacy summaries remain historical.
raw/evidence_closure/trace_error_representation_invariant.json,artifacts/evidence_closure/trace_error_representation_invariant.json,9342e06db91945be2e44703437229ba45b18bda8,cdecd9fdb09b2745eeaff171bda4fe7cdc3db43a,f191b068fb1a38d72f85e847db2e65bb5739aba72f3b01b586b89acfc950f8b6,f191b068fb1a38d72f85e847db2e65bb5739aba72f3b01b586b89acfc950f8b6,CANONICAL,canonical Evidence Closure machine-readable evidence,true,COPIED,byte-identical copy of committed frozen evidence,This is the canonical machine-readable layer; legacy summaries remain historical.
raw/final_method/re2ob/checksums.json,artifacts/final_method/re2ob/checksums.json,9342e06db91945be2e44703437229ba45b18bda8,ec0472f03cec8d554f97fbaeba2dda6766b199a8,d7027e190d776a9091f84f81f3dc293973c4cb3e7abcc45932c0a9ebd90d624f,d7027e190d776a9091f84f81f3dc293973c4cb3e7abcc45932c0a9ebd90d624f,CANONICAL,frozen final-method raw evidence,true,COPIED,byte-identical copy of committed frozen evidence,Final persisted state manifests are copied; large model arrays are indexed only.
raw/final_method/re2ob/config.json,artifacts/final_method/re2ob/config.json,9342e06db91945be2e44703437229ba45b18bda8,4acd42e43527e9274aa12029effbab509136475c,7c05c384d20e9538da30a4fd6d4ab9467053396b250c1d1051db0236ce1aadcf,7c05c384d20e9538da30a4fd6d4ab9467053396b250c1d1051db0236ce1aadcf,CANONICAL,frozen final-method raw evidence,true,COPIED,byte-identical copy of committed frozen evidence,Final persisted state manifests are copied; large model arrays are indexed only.
raw/final_method/re2ob/environment.json,artifacts/final_method/re2ob/environment.json,9342e06db91945be2e44703437229ba45b18bda8,e5c137b3f414143b2022ffa332692fb3eb5d944c,37cf8c8c8e79e7dc9bf036fbe29c3a9b97d3de61274ccf57553bdcc2ebe7d0c9,37cf8c8c8e79e7dc9bf036fbe29c3a9b97d3de61274ccf57553bdcc2ebe7d0c9,CANONICAL,frozen final-method raw evidence,true,COPIED,byte-identical copy of committed frozen evidence,Final persisted state manifests are copied; large model arrays are indexed only.
raw/final_method/re2ob/metrics.json,artifacts/final_method/re2ob/metrics.json,9342e06db91945be2e44703437229ba45b18bda8,0283f6bd6145d2423624d7446d262ee38e944d40,080a4035753de2d9c8eeb15e9f4d18d43be34116ee9a3b7e0954ed797f5a43d1,080a4035753de2d9c8eeb15e9f4d18d43be34116ee9a3b7e0954ed797f5a43d1,CANONICAL,frozen final-method raw evidence,true,COPIED,byte-identical copy of committed frozen evidence,Final persisted state manifests are copied; large model arrays are indexed only.
raw/final_method/re2ob/model_state_manifest.json,artifacts/final_method/re2ob/model_state_manifest.json,9342e06db91945be2e44703437229ba45b18bda8,2887f1b40778350940c824d5a60ffc6d896d543e,cdd1ed0a94418b9d1d61fafee87fda5624ea9a7adbbb01f4509b5300572b11fc,cdd1ed0a94418b9d1d61fafee87fda5624ea9a7adbbb01f4509b5300572b11fc,CANONICAL,frozen final-method raw evidence,true,COPIED,byte-identical copy of committed frozen evidence,Final persisted state manifests are copied; large model arrays are indexed only.
raw/final_method/re2ob/predictions.jsonl,artifacts/final_method/re2ob/predictions.jsonl,9342e06db91945be2e44703437229ba45b18bda8,6e77ba9133cbd94d564ef07c9500ef4a76c26164,1d3bbc30869062c30569bd7b752cc2520d8e1337b8861bf11e55bbd69eaf5ff5,1d3bbc30869062c30569bd7b752cc2520d8e1337b8861bf11e55bbd69eaf5ff5,CANONICAL,frozen final-method raw evidence,true,COPIED,byte-identical copy of committed frozen evidence,Final persisted state manifests are copied; large model arrays are indexed only.
raw/final_method/re2ob/provenance.json,artifacts/final_method/re2ob/provenance.json,9342e06db91945be2e44703437229ba45b18bda8,1ebf9a8d19f0953147aafa7178a36ac81405994f,34c0628c090b8fedaa6da3d6544d591cf541f3904bbed809ed06c21922ef3232,34c0628c090b8fedaa6da3d6544d591cf541f3904bbed809ed06c21922ef3232,CANONICAL,frozen final-method raw evidence,true,COPIED,byte-identical copy of committed frozen evidence,Final persisted state manifests are copied; large model arrays are indexed only.
raw/final_method/re2ob/replay_audit.json,artifacts/final_method/re2ob/replay_audit.json,9342e06db91945be2e44703437229ba45b18bda8,5242fc19b2761d227a309f9dbdf81a11f39a6ee4,53da9cb191a47a064aecb7e32393df74ab56960bcf0aab068d54cd52deb85537,53da9cb191a47a064aecb7e32393df74ab56960bcf0aab068d54cd52deb85537,CANONICAL,frozen final-method raw evidence,true,COPIED,byte-identical copy of committed frozen evidence,Final persisted state manifests are copied; large model arrays are indexed only.
raw/final_method/re2ob/runtime.json,artifacts/final_method/re2ob/runtime.json,9342e06db91945be2e44703437229ba45b18bda8,a35ae20a426b7d8be0ccdc2ecaebf34b48616d72,6eb3159371e835b68950982453c0b79d6ea0ca6b590217cc7350a6f6282ff757,6eb3159371e835b68950982453c0b79d6ea0ca6b590217cc7350a6f6282ff757,CANONICAL,frozen final-method raw evidence,true,COPIED,byte-identical copy of committed frozen evidence,Final persisted state manifests are copied; large model arrays are indexed only.
raw/final_method/re2tt/checksums.json,artifacts/final_method/re2tt/checksums.json,9342e06db91945be2e44703437229ba45b18bda8,5b3c74644a2ae8029e605d7be258b0ab8615412f,d831a32eaf7599e90513fe850ad7fcd8575646261f7afb0276d375a3569c467e,d831a32eaf7599e90513fe850ad7fcd8575646261f7afb0276d375a3569c467e,CANONICAL,frozen final-method raw evidence,true,COPIED,byte-identical copy of committed frozen evidence,Final persisted state manifests are copied; large model arrays are indexed only.
raw/final_method/re2tt/config.json,artifacts/final_method/re2tt/config.json,9342e06db91945be2e44703437229ba45b18bda8,4acd42e43527e9274aa12029effbab509136475c,7c05c384d20e9538da30a4fd6d4ab9467053396b250c1d1051db0236ce1aadcf,7c05c384d20e9538da30a4fd6d4ab9467053396b250c1d1051db0236ce1aadcf,CANONICAL,frozen final-method raw evidence,true,COPIED,byte-identical copy of committed frozen evidence,Final persisted state manifests are copied; large model arrays are indexed only.
raw/final_method/re2tt/environment.json,artifacts/final_method/re2tt/environment.json,9342e06db91945be2e44703437229ba45b18bda8,e5c137b3f414143b2022ffa332692fb3eb5d944c,37cf8c8c8e79e7dc9bf036fbe29c3a9b97d3de61274ccf57553bdcc2ebe7d0c9,37cf8c8c8e79e7dc9bf036fbe29c3a9b97d3de61274ccf57553bdcc2ebe7d0c9,CANONICAL,frozen final-method raw evidence,true,COPIED,byte-identical copy of committed frozen evidence,Final persisted state manifests are copied; large model arrays are indexed only.
raw/final_method/re2tt/metrics.json,artifacts/final_method/re2tt/metrics.json,9342e06db91945be2e44703437229ba45b18bda8,4e4ac01621dc4d635a3ce3a11020cbc59385bf68,7dfcafc271420df860877e11c87778fba32a75793a3006a5ab48d3fad4f5ef5c,7dfcafc271420df860877e11c87778fba32a75793a3006a5ab48d3fad4f5ef5c,CANONICAL,frozen final-method raw evidence,true,COPIED,byte-identical copy of committed frozen evidence,Final persisted state manifests are copied; large model arrays are indexed only.
raw/final_method/re2tt/model_state_manifest.json,artifacts/final_method/re2tt/model_state_manifest.json,9342e06db91945be2e44703437229ba45b18bda8,a1acddc98d4ee86189346ea91a90bc9c0e15ae3d,f617759a7531f73c927d1a63f3158874685154590b025975a1a0edc0e39fa793,f617759a7531f73c927d1a63f3158874685154590b025975a1a0edc0e39fa793,CANONICAL,frozen final-method raw evidence,true,COPIED,byte-identical copy of committed frozen evidence,Final persisted state manifests are copied; large model arrays are indexed only.
raw/final_method/re2tt/predictions.jsonl,artifacts/final_method/re2tt/predictions.jsonl,9342e06db91945be2e44703437229ba45b18bda8,bc1833b5235899be63eab71165f0f1594ab4432d,e937897d182735651959ad9449a7d6837ac71b029bec0fe90e143395009dd57d,e937897d182735651959ad9449a7d6837ac71b029bec0fe90e143395009dd57d,CANONICAL,frozen final-method raw evidence,true,COPIED,byte-identical copy of committed frozen evidence,Final persisted state manifests are copied; large model arrays are indexed only.
raw/final_method/re2tt/provenance.json,artifacts/final_method/re2tt/provenance.json,9342e06db91945be2e44703437229ba45b18bda8,903e689c8ff2a6edd796f09f5f3da7191839739a,24c25d1cb6fe1a3f76b878ba6a396cfa310072a4e52ec1b669447afc5dbaaa3b,24c25d1cb6fe1a3f76b878ba6a396cfa310072a4e52ec1b669447afc5dbaaa3b,CANONICAL,frozen final-method raw evidence,true,COPIED,byte-identical copy of committed frozen evidence,Final persisted state manifests are copied; large model arrays are indexed only.
raw/final_method/re2tt/replay_audit.json,artifacts/final_method/re2tt/replay_audit.json,9342e06db91945be2e44703437229ba45b18bda8,46f91a3e6fc61f6a1ba372ab012b47ea8b6cb1ee,a2f88ee2a9d643ba432a88422548e591d1b4a59ebfa40d88752069bf103b343f,a2f88ee2a9d643ba432a88422548e591d1b4a59ebfa40d88752069bf103b343f,CANONICAL,frozen final-method raw evidence,true,COPIED,byte-identical copy of committed frozen evidence,Final persisted state manifests are copied; large model arrays are indexed only.
raw/final_method/re2tt/runtime.json,artifacts/final_method/re2tt/runtime.json,9342e06db91945be2e44703437229ba45b18bda8,7bde22b9ae42d8ae25a467fa5935581c7a66de82,eba2ff25779810ed84830dd7268eeceee5d553d220972adf0516f3ebb90255fd,eba2ff25779810ed84830dd7268eeceee5d553d220972adf0516f3ebb90255fd,CANONICAL,frozen final-method raw evidence,true,COPIED,byte-identical copy of committed frozen evidence,Final persisted state manifests are copied; large model arrays are indexed only.
raw/optimization/diagnostics/shortcut_audit.json,artifacts/opt/diagnostics/shortcut_audit.json,9342e06db91945be2e44703437229ba45b18bda8,66f99314feccab4a9ac60bd67cbd6a39f30614bc,35bf8e4497fa451daee1c7fcdc0d9796801fc39c66711992a1064e43fa2d8ad8,35bf8e4497fa451daee1c7fcdc0d9796801fc39c66711992a1064e43fa2d8ad8,SUPPORTING,bounded label-firewall and shortcut audit,true,COPIED,byte-identical copy of committed frozen evidence,
raw/optimization/final/GLOBAL-OPT/re2ob/config.json,artifacts/opt/final/GLOBAL-OPT/re2ob/config.json,9342e06db91945be2e44703437229ba45b18bda8,98e9b973a5c60ca4ece41a583039bf19c503e1d2,7bc0dc7fb57f453bcbd48630a24e6477a91c486ce980ed6c213d6ad3b86324e9,7bc0dc7fb57f453bcbd48630a24e6477a91c486ce980ed6c213d6ad3b86324e9,DEVELOPMENT,configuration robustness and frozen optimization post-study,true,COPIED,byte-identical copy of committed frozen evidence,
raw/optimization/final/GLOBAL-OPT/re2ob/metrics.json,artifacts/opt/final/GLOBAL-OPT/re2ob/metrics.json,9342e06db91945be2e44703437229ba45b18bda8,0283f6bd6145d2423624d7446d262ee38e944d40,080a4035753de2d9c8eeb15e9f4d18d43be34116ee9a3b7e0954ed797f5a43d1,080a4035753de2d9c8eeb15e9f4d18d43be34116ee9a3b7e0954ed797f5a43d1,DEVELOPMENT,configuration robustness and frozen optimization post-study,true,COPIED,byte-identical copy of committed frozen evidence,
raw/optimization/final/GLOBAL-OPT/re2ob/predictions.jsonl,artifacts/opt/final/GLOBAL-OPT/re2ob/predictions.jsonl,9342e06db91945be2e44703437229ba45b18bda8,6e77ba9133cbd94d564ef07c9500ef4a76c26164,1d3bbc30869062c30569bd7b752cc2520d8e1337b8861bf11e55bbd69eaf5ff5,1d3bbc30869062c30569bd7b752cc2520d8e1337b8861bf11e55bbd69eaf5ff5,DEVELOPMENT,configuration robustness and frozen optimization post-study,true,COPIED,byte-identical copy of committed frozen evidence,
raw/optimization/final/GLOBAL-OPT/re2tt/config.json,artifacts/opt/final/GLOBAL-OPT/re2tt/config.json,9342e06db91945be2e44703437229ba45b18bda8,98e9b973a5c60ca4ece41a583039bf19c503e1d2,7bc0dc7fb57f453bcbd48630a24e6477a91c486ce980ed6c213d6ad3b86324e9,7bc0dc7fb57f453bcbd48630a24e6477a91c486ce980ed6c213d6ad3b86324e9,DEVELOPMENT,configuration robustness and frozen optimization post-study,true,COPIED,byte-identical copy of committed frozen evidence,
raw/optimization/final/GLOBAL-OPT/re2tt/metrics.json,artifacts/opt/final/GLOBAL-OPT/re2tt/metrics.json,9342e06db91945be2e44703437229ba45b18bda8,4e4ac01621dc4d635a3ce3a11020cbc59385bf68,7dfcafc271420df860877e11c87778fba32a75793a3006a5ab48d3fad4f5ef5c,7dfcafc271420df860877e11c87778fba32a75793a3006a5ab48d3fad4f5ef5c,DEVELOPMENT,configuration robustness and frozen optimization post-study,true,COPIED,byte-identical copy of committed frozen evidence,
raw/optimization/final/GLOBAL-OPT/re2tt/predictions.jsonl,artifacts/opt/final/GLOBAL-OPT/re2tt/predictions.jsonl,9342e06db91945be2e44703437229ba45b18bda8,bc1833b5235899be63eab71165f0f1594ab4432d,e937897d182735651959ad9449a7d6837ac71b029bec0fe90e143395009dd57d,e937897d182735651959ad9449a7d6837ac71b029bec0fe90e143395009dd57d,DEVELOPMENT,configuration robustness and frozen optimization post-study,true,COPIED,byte-identical copy of committed frozen evidence,
raw/optimization/final/PER-DATASET-OPT/re2ob/case_ranks.csv,artifacts/opt/final/PER-DATASET-OPT/re2ob/case_ranks.csv,9342e06db91945be2e44703437229ba45b18bda8,a0587c29ab671a8ee9bf73b67d066161d9a0668b,dd1d6ec06e96e627320f8978f4c2c9deb19c4c7a5b9226e624cb0349accaf7c7,dd1d6ec06e96e627320f8978f4c2c9deb19c4c7a5b9226e624cb0349accaf7c7,DEVELOPMENT,configuration robustness and frozen optimization post-study,true,COPIED,byte-identical copy of committed frozen evidence,
raw/optimization/final/PER-DATASET-OPT/re2ob/config.json,artifacts/opt/final/PER-DATASET-OPT/re2ob/config.json,9342e06db91945be2e44703437229ba45b18bda8,ea648f75573cc27a849517d0c931ee627eaf98ae,6260ce93c177e2c4aa8c8d7b1382c5bb60a3bde0120c658187a10f30eae7c1ca,6260ce93c177e2c4aa8c8d7b1382c5bb60a3bde0120c658187a10f30eae7c1ca,DEVELOPMENT,configuration robustness and frozen optimization post-study,true,COPIED,byte-identical copy of committed frozen evidence,
raw/optimization/final/PER-DATASET-OPT/re2ob/feature_names.json,artifacts/opt/final/PER-DATASET-OPT/re2ob/feature_names.json,9342e06db91945be2e44703437229ba45b18bda8,f17ac08a73c8e8099e43fd7ebffe9d65dade1b76,c0e6b9ebb5d2a323bae2983fc039be5ede64073dc63650090edc12c07a18c2a5,c0e6b9ebb5d2a323bae2983fc039be5ede64073dc63650090edc12c07a18c2a5,DEVELOPMENT,configuration robustness and frozen optimization post-study,true,COPIED,byte-identical copy of committed frozen evidence,
raw/optimization/final/PER-DATASET-OPT/re2ob/metrics.json,artifacts/opt/final/PER-DATASET-OPT/re2ob/metrics.json,9342e06db91945be2e44703437229ba45b18bda8,b071cd99c13c846592d71cfd06c556aa87a89ada,f11cea33636487eae7706f78ca71f6b6ac39d149e3bb6fce5f7acb5de43c5d87,f11cea33636487eae7706f78ca71f6b6ac39d149e3bb6fce5f7acb5de43c5d87,DEVELOPMENT,configuration robustness and frozen optimization post-study,true,COPIED,byte-identical copy of committed frozen evidence,
raw/optimization/final/PER-DATASET-OPT/re2ob/outer_predictions.csv,artifacts/opt/final/PER-DATASET-OPT/re2ob/outer_predictions.csv,9342e06db91945be2e44703437229ba45b18bda8,a0587c29ab671a8ee9bf73b67d066161d9a0668b,dd1d6ec06e96e627320f8978f4c2c9deb19c4c7a5b9226e624cb0349accaf7c7,dd1d6ec06e96e627320f8978f4c2c9deb19c4c7a5b9226e624cb0349accaf7c7,DEVELOPMENT,configuration robustness and frozen optimization post-study,true,COPIED,byte-identical copy of committed frozen evidence,
raw/optimization/final/PER-DATASET-OPT/re2ob/selection_trace.json,artifacts/opt/final/PER-DATASET-OPT/re2ob/selection_trace.json,9342e06db91945be2e44703437229ba45b18bda8,241370086a0f16f8c0665815787edff030afde1b,5094e8abf88673dea07678df569d7abac9a3b804ad7c729277633cff35f3319a,5094e8abf88673dea07678df569d7abac9a3b804ad7c729277633cff35f3319a,DEVELOPMENT,configuration robustness and frozen optimization post-study,true,COPIED,byte-identical copy of committed frozen evidence,
raw/optimization/final/PER-DATASET-OPT/re2tt/case_ranks.csv,artifacts/opt/final/PER-DATASET-OPT/re2tt/case_ranks.csv,9342e06db91945be2e44703437229ba45b18bda8,1021e23e2df568c2754d9be3296e54f24ec7259f,8758769c66809804faf168b2a5e0a4601f0a40990b2c183dcff314780b52b700,8758769c66809804faf168b2a5e0a4601f0a40990b2c183dcff314780b52b700,DEVELOPMENT,configuration robustness and frozen optimization post-study,true,COPIED,byte-identical copy of committed frozen evidence,
raw/optimization/final/PER-DATASET-OPT/re2tt/config.json,artifacts/opt/final/PER-DATASET-OPT/re2tt/config.json,9342e06db91945be2e44703437229ba45b18bda8,516b9221a542d8f93dbf1958f5088e004020e808,4c98d49704c859b37ab3ef52a9f30656a466eda5f19e3c63a773eb73ce8f5d94,4c98d49704c859b37ab3ef52a9f30656a466eda5f19e3c63a773eb73ce8f5d94,DEVELOPMENT,configuration robustness and frozen optimization post-study,true,COPIED,byte-identical copy of committed frozen evidence,
raw/optimization/final/PER-DATASET-OPT/re2tt/feature_names.json,artifacts/opt/final/PER-DATASET-OPT/re2tt/feature_names.json,9342e06db91945be2e44703437229ba45b18bda8,f17ac08a73c8e8099e43fd7ebffe9d65dade1b76,c0e6b9ebb5d2a323bae2983fc039be5ede64073dc63650090edc12c07a18c2a5,c0e6b9ebb5d2a323bae2983fc039be5ede64073dc63650090edc12c07a18c2a5,DEVELOPMENT,configuration robustness and frozen optimization post-study,true,COPIED,byte-identical copy of committed frozen evidence,
raw/optimization/final/PER-DATASET-OPT/re2tt/metrics.json,artifacts/opt/final/PER-DATASET-OPT/re2tt/metrics.json,9342e06db91945be2e44703437229ba45b18bda8,cab7c1956a4b47a0a43aac848405fa514cc30ae4,5d691c9ebdd7c27d0183384704f50c7da3628d4cf91c9727a6d45dc2e101205e,5d691c9ebdd7c27d0183384704f50c7da3628d4cf91c9727a6d45dc2e101205e,DEVELOPMENT,configuration robustness and frozen optimization post-study,true,COPIED,byte-identical copy of committed frozen evidence,
raw/optimization/final/PER-DATASET-OPT/re2tt/outer_predictions.csv,artifacts/opt/final/PER-DATASET-OPT/re2tt/outer_predictions.csv,9342e06db91945be2e44703437229ba45b18bda8,1021e23e2df568c2754d9be3296e54f24ec7259f,8758769c66809804faf168b2a5e0a4601f0a40990b2c183dcff314780b52b700,8758769c66809804faf168b2a5e0a4601f0a40990b2c183dcff314780b52b700,DEVELOPMENT,configuration robustness and frozen optimization post-study,true,COPIED,byte-identical copy of committed frozen evidence,
raw/optimization/final/PER-DATASET-OPT/re2tt/selection_trace.json,artifacts/opt/final/PER-DATASET-OPT/re2tt/selection_trace.json,9342e06db91945be2e44703437229ba45b18bda8,d3eebe93800eb0b6b0ca9f37275be1ef45efa49c,f94c1c1b82b47daaf78f8d3baac6808928bb6ee100c7ec981c480b9e1576e2b0,f94c1c1b82b47daaf78f8d3baac6808928bb6ee100c7ec981c480b9e1576e2b0,DEVELOPMENT,configuration robustness and frozen optimization post-study,true,COPIED,byte-identical copy of committed frozen evidence,
raw/optimization/o3_search_space/README.md,artifacts/opt/o3_search_space/README.md,9342e06db91945be2e44703437229ba45b18bda8,8c782fc2c022c29ef26596e2b2ad9f2b888dc688,b1737ff725ac65dcab0c97295cef2e73a7ecc0c8ce14a298393707b0b4100d2f,b1737ff725ac65dcab0c97295cef2e73a7ecc0c8ce14a298393707b0b4100d2f,DEVELOPMENT,configuration robustness and frozen optimization post-study,true,COPIED,byte-identical copy of committed frozen evidence,
raw/optimization/o4_nested/re2ob/case_ranks.csv,artifacts/opt/o4_nested/re2ob/case_ranks.csv,9342e06db91945be2e44703437229ba45b18bda8,a0587c29ab671a8ee9bf73b67d066161d9a0668b,dd1d6ec06e96e627320f8978f4c2c9deb19c4c7a5b9226e624cb0349accaf7c7,dd1d6ec06e96e627320f8978f4c2c9deb19c4c7a5b9226e624cb0349accaf7c7,DEVELOPMENT,configuration robustness and frozen optimization post-study,true,COPIED,byte-identical copy of committed frozen evidence,
raw/optimization/o4_nested/re2ob/config.json,artifacts/opt/o4_nested/re2ob/config.json,9342e06db91945be2e44703437229ba45b18bda8,e92f1b3f81f5c1083c8dfd998e83b56da0525577,a275eebe8449b94a025abc5fb60df75b886be3cb137ad02270ed7f6a1813a4dc,a275eebe8449b94a025abc5fb60df75b886be3cb137ad02270ed7f6a1813a4dc,DEVELOPMENT,configuration robustness and frozen optimization post-study,true,COPIED,byte-identical copy of committed frozen evidence,
raw/optimization/o4_nested/re2ob/feature_names.json,artifacts/opt/o4_nested/re2ob/feature_names.json,9342e06db91945be2e44703437229ba45b18bda8,f17ac08a73c8e8099e43fd7ebffe9d65dade1b76,c0e6b9ebb5d2a323bae2983fc039be5ede64073dc63650090edc12c07a18c2a5,c0e6b9ebb5d2a323bae2983fc039be5ede64073dc63650090edc12c07a18c2a5,DEVELOPMENT,configuration robustness and frozen optimization post-study,true,COPIED,byte-identical copy of committed frozen evidence,
raw/optimization/o4_nested/re2ob/metrics.json,artifacts/opt/o4_nested/re2ob/metrics.json,9342e06db91945be2e44703437229ba45b18bda8,b071cd99c13c846592d71cfd06c556aa87a89ada,f11cea33636487eae7706f78ca71f6b6ac39d149e3bb6fce5f7acb5de43c5d87,f11cea33636487eae7706f78ca71f6b6ac39d149e3bb6fce5f7acb5de43c5d87,DEVELOPMENT,configuration robustness and frozen optimization post-study,true,COPIED,byte-identical copy of committed frozen evidence,
raw/optimization/o4_nested/re2ob/outer_predictions.csv,artifacts/opt/o4_nested/re2ob/outer_predictions.csv,9342e06db91945be2e44703437229ba45b18bda8,a0587c29ab671a8ee9bf73b67d066161d9a0668b,dd1d6ec06e96e627320f8978f4c2c9deb19c4c7a5b9226e624cb0349accaf7c7,dd1d6ec06e96e627320f8978f4c2c9deb19c4c7a5b9226e624cb0349accaf7c7,DEVELOPMENT,configuration robustness and frozen optimization post-study,true,COPIED,byte-identical copy of committed frozen evidence,
raw/optimization/o4_nested/re2ob/selection_trace.json,artifacts/opt/o4_nested/re2ob/selection_trace.json,9342e06db91945be2e44703437229ba45b18bda8,241370086a0f16f8c0665815787edff030afde1b,5094e8abf88673dea07678df569d7abac9a3b804ad7c729277633cff35f3319a,5094e8abf88673dea07678df569d7abac9a3b804ad7c729277633cff35f3319a,DEVELOPMENT,configuration robustness and frozen optimization post-study,true,COPIED,byte-identical copy of committed frozen evidence,
raw/optimization/o4_nested/re2ob/versions.json,artifacts/opt/o4_nested/re2ob/versions.json,9342e06db91945be2e44703437229ba45b18bda8,092ea17904bea7a10cca04ad0d13092a90128464,d514eb1abeb6e16b346d1778f86f86e89e7e7cbe9ad188d52ebb8691f0851175,d514eb1abeb6e16b346d1778f86f86e89e7e7cbe9ad188d52ebb8691f0851175,DEVELOPMENT,configuration robustness and frozen optimization post-study,true,COPIED,byte-identical copy of committed frozen evidence,
raw/optimization/o4_nested/re2tt/case_ranks.csv,artifacts/opt/o4_nested/re2tt/case_ranks.csv,9342e06db91945be2e44703437229ba45b18bda8,1021e23e2df568c2754d9be3296e54f24ec7259f,8758769c66809804faf168b2a5e0a4601f0a40990b2c183dcff314780b52b700,8758769c66809804faf168b2a5e0a4601f0a40990b2c183dcff314780b52b700,DEVELOPMENT,configuration robustness and frozen optimization post-study,true,COPIED,byte-identical copy of committed frozen evidence,
raw/optimization/o4_nested/re2tt/config.json,artifacts/opt/o4_nested/re2tt/config.json,9342e06db91945be2e44703437229ba45b18bda8,76f5b44ca057b381493132312e139473987dd7f2,02ab2f5222b98f0c5a26d5873a99228b0592cebfccac5ec510cba5217205c7c2,02ab2f5222b98f0c5a26d5873a99228b0592cebfccac5ec510cba5217205c7c2,DEVELOPMENT,configuration robustness and frozen optimization post-study,true,COPIED,byte-identical copy of committed frozen evidence,
raw/optimization/o4_nested/re2tt/feature_names.json,artifacts/opt/o4_nested/re2tt/feature_names.json,9342e06db91945be2e44703437229ba45b18bda8,f17ac08a73c8e8099e43fd7ebffe9d65dade1b76,c0e6b9ebb5d2a323bae2983fc039be5ede64073dc63650090edc12c07a18c2a5,c0e6b9ebb5d2a323bae2983fc039be5ede64073dc63650090edc12c07a18c2a5,DEVELOPMENT,configuration robustness and frozen optimization post-study,true,COPIED,byte-identical copy of committed frozen evidence,
raw/optimization/o4_nested/re2tt/metrics.json,artifacts/opt/o4_nested/re2tt/metrics.json,9342e06db91945be2e44703437229ba45b18bda8,cab7c1956a4b47a0a43aac848405fa514cc30ae4,5d691c9ebdd7c27d0183384704f50c7da3628d4cf91c9727a6d45dc2e101205e,5d691c9ebdd7c27d0183384704f50c7da3628d4cf91c9727a6d45dc2e101205e,DEVELOPMENT,configuration robustness and frozen optimization post-study,true,COPIED,byte-identical copy of committed frozen evidence,
raw/optimization/o4_nested/re2tt/outer_predictions.csv,artifacts/opt/o4_nested/re2tt/outer_predictions.csv,9342e06db91945be2e44703437229ba45b18bda8,1021e23e2df568c2754d9be3296e54f24ec7259f,8758769c66809804faf168b2a5e0a4601f0a40990b2c183dcff314780b52b700,8758769c66809804faf168b2a5e0a4601f0a40990b2c183dcff314780b52b700,DEVELOPMENT,configuration robustness and frozen optimization post-study,true,COPIED,byte-identical copy of committed frozen evidence,
raw/optimization/o4_nested/re2tt/selection_trace.json,artifacts/opt/o4_nested/re2tt/selection_trace.json,9342e06db91945be2e44703437229ba45b18bda8,d3eebe93800eb0b6b0ca9f37275be1ef45efa49c,f94c1c1b82b47daaf78f8d3baac6808928bb6ee100c7ec981c480b9e1576e2b0,f94c1c1b82b47daaf78f8d3baac6808928bb6ee100c7ec981c480b9e1576e2b0,DEVELOPMENT,configuration robustness and frozen optimization post-study,true,COPIED,byte-identical copy of committed frozen evidence,
raw/optimization/o4_nested/re2tt/versions.json,artifacts/opt/o4_nested/re2tt/versions.json,9342e06db91945be2e44703437229ba45b18bda8,092ea17904bea7a10cca04ad0d13092a90128464,d514eb1abeb6e16b346d1778f86f86e89e7e7cbe9ad188d52ebb8691f0851175,d514eb1abeb6e16b346d1778f86f86e89e7e7cbe9ad188d52ebb8691f0851175,DEVELOPMENT,configuration robustness and frozen optimization post-study,true,COPIED,byte-identical copy of committed frozen evidence,
raw/p3/p3_a2_summary.json,artifacts/runs/p3_a2_summary.json,9342e06db91945be2e44703437229ba45b18bda8,54b7d735ebabd2010e8ed12de30173a09a74a791,fccc92d8d8deedce2153fdf4873de6238a71f0820696cac6c3bbd98b55f14138,fccc92d8d8deedce2153fdf4873de6238a71f0820696cac6c3bbd98b55f14138,DEVELOPMENT,P3 internal OOF evidence,true,COPIED,byte-identical copy of committed frozen evidence,
raw/p3/p3_g1_bootstrap.json,artifacts/bootstrap/p3_g1_bootstrap.json,9342e06db91945be2e44703437229ba45b18bda8,bbfa1167d4cf5048ed61e5703a91f04446581476,77c7d974c088d94ef6e31082410c5775c1028d1e00058426e905ab41dd7c46cf,77c7d974c088d94ef6e31082410c5775c1028d1e00058426e905ab41dd7c46cf,DEVELOPMENT,P3 paired bootstrap and NO-GO decision evidence,true,COPIED,byte-identical copy of committed frozen evidence,P3 is development/internal evidence and P3-G1 is NO-GO/CLOSED.
raw/p3/z0/re2ob/checksums.json,artifacts/runs/z0/re2ob/checksums.json,9342e06db91945be2e44703437229ba45b18bda8,687d4a3e49bedf752a7493f7d6cca65039b00d78,d993b1cde1f2525b643a9a8a78553e86a999737cb643b9aa48741ab73c590c70,d993b1cde1f2525b643a9a8a78553e86a999737cb643b9aa48741ab73c590c70,DEVELOPMENT,P3 internal OOF evidence,true,COPIED,byte-identical copy of committed frozen evidence,
raw/p3/z0/re2ob/config.json,artifacts/runs/z0/re2ob/config.json,9342e06db91945be2e44703437229ba45b18bda8,869d7718cc4ed20d1fa3964ef539d5d853555656,7f8b6f15a28192a6e6bc5c5d47852588bcceeac15cffd4d95e7602bf70636a3e,7f8b6f15a28192a6e6bc5c5d47852588bcceeac15cffd4d95e7602bf70636a3e,DEVELOPMENT,P3 internal OOF evidence,true,COPIED,byte-identical copy of committed frozen evidence,
raw/p3/z0/re2ob/environment.json,artifacts/runs/z0/re2ob/environment.json,9342e06db91945be2e44703437229ba45b18bda8,d39635301ce7780d01a680b7e2f0e6cdf08c22ed,2c8791528d621e17dd45c962d49b659e7b1e338b61d8b4d3f32f6176569d7cef,2c8791528d621e17dd45c962d49b659e7b1e338b61d8b4d3f32f6176569d7cef,DEVELOPMENT,P3 internal OOF evidence,true,COPIED,byte-identical copy of committed frozen evidence,
raw/p3/z0/re2ob/manifest.json,artifacts/runs/z0/re2ob/manifest.json,9342e06db91945be2e44703437229ba45b18bda8,47536ede8e754510ba46d947455f9c1255d88c2f,dbf06faf468f52ebf18b03304bc25357dc307d8d05315893f35d8fdfe55fd243,dbf06faf468f52ebf18b03304bc25357dc307d8d05315893f35d8fdfe55fd243,DEVELOPMENT,P3 internal OOF evidence,true,COPIED,byte-identical copy of committed frozen evidence,
raw/p3/z0/re2ob/metrics.json,artifacts/runs/z0/re2ob/metrics.json,9342e06db91945be2e44703437229ba45b18bda8,bf96f94053942da6b34ff273c9ee931de9526c7d,e32b0ce4310f197fe811a414c02d34c5236428e0695b6a21e196d8f724ef58ff,e32b0ce4310f197fe811a414c02d34c5236428e0695b6a21e196d8f724ef58ff,DEVELOPMENT,P3 internal OOF evidence,true,COPIED,byte-identical copy of committed frozen evidence,
raw/p3/z0/re2ob/predictions.jsonl,artifacts/runs/z0/re2ob/predictions.jsonl,9342e06db91945be2e44703437229ba45b18bda8,874fc124aec1d005f3f485ff901b01af3a73bf40,dd4ad7ead990544b1afb278e0ef2058273932238e229a436a487c7a819da0496,dd4ad7ead990544b1afb278e0ef2058273932238e229a436a487c7a819da0496,DEVELOPMENT,P3 internal OOF evidence,true,COPIED,byte-identical copy of committed frozen evidence,
raw/p3/z0/re2ob/runtime.json,artifacts/runs/z0/re2ob/runtime.json,9342e06db91945be2e44703437229ba45b18bda8,a29c732d3bd17937eda0746e0e661d3906af65bf,3e0628d985dd009af903ef6ddade41ded99dd782aa9634f2f541118a3bdc78a4,3e0628d985dd009af903ef6ddade41ded99dd782aa9634f2f541118a3bdc78a4,DEVELOPMENT,P3 internal OOF evidence,true,COPIED,byte-identical copy of committed frozen evidence,
raw/p3/z0/re2tt/checksums.json,artifacts/runs/z0/re2tt/checksums.json,9342e06db91945be2e44703437229ba45b18bda8,6d05b1049154ae0f87af3f392a2efbbf7b0f8a5e,8e38fc0dab04eba2de2e8c1429734c147eb048a27f2b186e3c6b90d66fe55241,8e38fc0dab04eba2de2e8c1429734c147eb048a27f2b186e3c6b90d66fe55241,DEVELOPMENT,P3 internal OOF evidence,true,COPIED,byte-identical copy of committed frozen evidence,
raw/p3/z0/re2tt/config.json,artifacts/runs/z0/re2tt/config.json,9342e06db91945be2e44703437229ba45b18bda8,869d7718cc4ed20d1fa3964ef539d5d853555656,7f8b6f15a28192a6e6bc5c5d47852588bcceeac15cffd4d95e7602bf70636a3e,7f8b6f15a28192a6e6bc5c5d47852588bcceeac15cffd4d95e7602bf70636a3e,DEVELOPMENT,P3 internal OOF evidence,true,COPIED,byte-identical copy of committed frozen evidence,
raw/p3/z0/re2tt/environment.json,artifacts/runs/z0/re2tt/environment.json,9342e06db91945be2e44703437229ba45b18bda8,d39635301ce7780d01a680b7e2f0e6cdf08c22ed,2c8791528d621e17dd45c962d49b659e7b1e338b61d8b4d3f32f6176569d7cef,2c8791528d621e17dd45c962d49b659e7b1e338b61d8b4d3f32f6176569d7cef,DEVELOPMENT,P3 internal OOF evidence,true,COPIED,byte-identical copy of committed frozen evidence,
raw/p3/z0/re2tt/manifest.json,artifacts/runs/z0/re2tt/manifest.json,9342e06db91945be2e44703437229ba45b18bda8,ec51c7d863030fd8e5fbeebfa3fab3cff3852540,b7db7790840045d44691ccec321fcdd3e2599d6970eedf196177ce77bdf0029e,b7db7790840045d44691ccec321fcdd3e2599d6970eedf196177ce77bdf0029e,DEVELOPMENT,P3 internal OOF evidence,true,COPIED,byte-identical copy of committed frozen evidence,
raw/p3/z0/re2tt/metrics.json,artifacts/runs/z0/re2tt/metrics.json,9342e06db91945be2e44703437229ba45b18bda8,c789cb1cdba70ebce0b0ad602f149ab4530cd72b,f3c57914035588e4ae5b5e55f20f53767c499c7786562894798fe3bb4db9f32c,f3c57914035588e4ae5b5e55f20f53767c499c7786562894798fe3bb4db9f32c,DEVELOPMENT,P3 internal OOF evidence,true,COPIED,byte-identical copy of committed frozen evidence,
raw/p3/z0/re2tt/predictions.jsonl,artifacts/runs/z0/re2tt/predictions.jsonl,9342e06db91945be2e44703437229ba45b18bda8,8fd85b0a2883f1e6a7c390c750d69c0eb434be08,933963d4c4ab8a8ed5e088ba3476cc4352ba482344aefe373a4dd288d5e82a6e,933963d4c4ab8a8ed5e088ba3476cc4352ba482344aefe373a4dd288d5e82a6e,DEVELOPMENT,P3 internal OOF evidence,true,COPIED,byte-identical copy of committed frozen evidence,
raw/p3/z0/re2tt/runtime.json,artifacts/runs/z0/re2tt/runtime.json,9342e06db91945be2e44703437229ba45b18bda8,d6727bc4089cd9f2e16e552e7a0639e686b50172,55cd1174eba5d8cee1869640c6cc5e9f7ed42b8005842120cb3329db1f373471,55cd1174eba5d8cee1869640c6cc5e9f7ed42b8005842120cb3329db1f373471,DEVELOPMENT,P3 internal OOF evidence,true,COPIED,byte-identical copy of committed frozen evidence,
raw/p3/z1/re2ob/checksums.json,artifacts/runs/z1/re2ob/checksums.json,9342e06db91945be2e44703437229ba45b18bda8,f72fe1ffd22002b660bb61c1ca7795e866795d96,f9680c11805616db0933f81deb9bdcc6b1474823f9aed6cc80329c97754e3a81,f9680c11805616db0933f81deb9bdcc6b1474823f9aed6cc80329c97754e3a81,DEVELOPMENT,P3 internal OOF evidence,true,COPIED,byte-identical copy of committed frozen evidence,
raw/p3/z1/re2ob/config.json,artifacts/runs/z1/re2ob/config.json,9342e06db91945be2e44703437229ba45b18bda8,9fd8d86925abccbd8c41afe0e5c44c8bdab39f5c,79d24f8d544962887473be18d9538a7adf9f62e700a69bb7944ac8ffa4943798,79d24f8d544962887473be18d9538a7adf9f62e700a69bb7944ac8ffa4943798,DEVELOPMENT,P3 internal OOF evidence,true,COPIED,byte-identical copy of committed frozen evidence,
raw/p3/z1/re2ob/environment.json,artifacts/runs/z1/re2ob/environment.json,9342e06db91945be2e44703437229ba45b18bda8,d39635301ce7780d01a680b7e2f0e6cdf08c22ed,2c8791528d621e17dd45c962d49b659e7b1e338b61d8b4d3f32f6176569d7cef,2c8791528d621e17dd45c962d49b659e7b1e338b61d8b4d3f32f6176569d7cef,DEVELOPMENT,P3 internal OOF evidence,true,COPIED,byte-identical copy of committed frozen evidence,
raw/p3/z1/re2ob/manifest.json,artifacts/runs/z1/re2ob/manifest.json,9342e06db91945be2e44703437229ba45b18bda8,698f3e1473aff736998dc2a89a7a73bda0e8d799,75d6cc062bd17d34648bacc1c3ea10dc6b65b74ee4a36bbb7726f5057b08f102,75d6cc062bd17d34648bacc1c3ea10dc6b65b74ee4a36bbb7726f5057b08f102,DEVELOPMENT,P3 internal OOF evidence,true,COPIED,byte-identical copy of committed frozen evidence,
raw/p3/z1/re2ob/metrics.json,artifacts/runs/z1/re2ob/metrics.json,9342e06db91945be2e44703437229ba45b18bda8,a848fa92aad08f706a27e9e3c542e1f4afc0f6e2,453f31d49dda3d2a050f685b26bf2acd4133fff20bb0bdacf562d3ceb2dc2e62,453f31d49dda3d2a050f685b26bf2acd4133fff20bb0bdacf562d3ceb2dc2e62,DEVELOPMENT,P3 internal OOF evidence,true,COPIED,byte-identical copy of committed frozen evidence,
raw/p3/z1/re2ob/predictions.jsonl,artifacts/runs/z1/re2ob/predictions.jsonl,9342e06db91945be2e44703437229ba45b18bda8,1dea19f8e7bf7cb40c30ee796c523ee6affa5d81,f60e5c5566d01da0ce64187ebf2285813666edd69f24085c6fb60795b93b7e7e,f60e5c5566d01da0ce64187ebf2285813666edd69f24085c6fb60795b93b7e7e,DEVELOPMENT,P3 internal OOF evidence,true,COPIED,byte-identical copy of committed frozen evidence,
raw/p3/z1/re2ob/runtime.json,artifacts/runs/z1/re2ob/runtime.json,9342e06db91945be2e44703437229ba45b18bda8,ce498e083833564cf248bc206195aad7480f53a6,0f57d9cf43649e8bc1360d01226ae720f225be216cb7f605bb65692e49d0d806,0f57d9cf43649e8bc1360d01226ae720f225be216cb7f605bb65692e49d0d806,DEVELOPMENT,P3 internal OOF evidence,true,COPIED,byte-identical copy of committed frozen evidence,
raw/p3/z1/re2tt/checksums.json,artifacts/runs/z1/re2tt/checksums.json,9342e06db91945be2e44703437229ba45b18bda8,87ec169436e2477e1ad559cca9cc7cc5a2b48c9a,5808903ff3fbb39f43913f23f8f7851fca2d1bf9a603846a92816e4cf20dad6e,5808903ff3fbb39f43913f23f8f7851fca2d1bf9a603846a92816e4cf20dad6e,DEVELOPMENT,P3 internal OOF evidence,true,COPIED,byte-identical copy of committed frozen evidence,
raw/p3/z1/re2tt/config.json,artifacts/runs/z1/re2tt/config.json,9342e06db91945be2e44703437229ba45b18bda8,9fd8d86925abccbd8c41afe0e5c44c8bdab39f5c,79d24f8d544962887473be18d9538a7adf9f62e700a69bb7944ac8ffa4943798,79d24f8d544962887473be18d9538a7adf9f62e700a69bb7944ac8ffa4943798,DEVELOPMENT,P3 internal OOF evidence,true,COPIED,byte-identical copy of committed frozen evidence,
raw/p3/z1/re2tt/environment.json,artifacts/runs/z1/re2tt/environment.json,9342e06db91945be2e44703437229ba45b18bda8,d39635301ce7780d01a680b7e2f0e6cdf08c22ed,2c8791528d621e17dd45c962d49b659e7b1e338b61d8b4d3f32f6176569d7cef,2c8791528d621e17dd45c962d49b659e7b1e338b61d8b4d3f32f6176569d7cef,DEVELOPMENT,P3 internal OOF evidence,true,COPIED,byte-identical copy of committed frozen evidence,
raw/p3/z1/re2tt/manifest.json,artifacts/runs/z1/re2tt/manifest.json,9342e06db91945be2e44703437229ba45b18bda8,9db26e5f7e2c09ce9f5b8e0f2a02b9e3e1c904b3,4aae813ffcbe74ae6da669179fcac4179fb2a5dbf55f450e12c18a0763b73359,4aae813ffcbe74ae6da669179fcac4179fb2a5dbf55f450e12c18a0763b73359,DEVELOPMENT,P3 internal OOF evidence,true,COPIED,byte-identical copy of committed frozen evidence,
raw/p3/z1/re2tt/metrics.json,artifacts/runs/z1/re2tt/metrics.json,9342e06db91945be2e44703437229ba45b18bda8,3e21d1814e47ebf3b75465a787719dfdec1872c9,6f5c03aff6769c5e7b8f7437df9f676723830f4272fdbbd5150a06727d21a4d8,6f5c03aff6769c5e7b8f7437df9f676723830f4272fdbbd5150a06727d21a4d8,DEVELOPMENT,P3 internal OOF evidence,true,COPIED,byte-identical copy of committed frozen evidence,
raw/p3/z1/re2tt/predictions.jsonl,artifacts/runs/z1/re2tt/predictions.jsonl,9342e06db91945be2e44703437229ba45b18bda8,895e763ef132f4210db06c87e781e73fd98a4f9c,2ed3c3055954f534377e94bf7bd03996c7ee08677e21782d43cd80f406d12ce9,2ed3c3055954f534377e94bf7bd03996c7ee08677e21782d43cd80f406d12ce9,DEVELOPMENT,P3 internal OOF evidence,true,COPIED,byte-identical copy of committed frozen evidence,
raw/p3/z1/re2tt/runtime.json,artifacts/runs/z1/re2tt/runtime.json,9342e06db91945be2e44703437229ba45b18bda8,d745f85d07cc6f9186edb82243b4315fc1a6c7a9,30e9dcd8109ba181a23ce87854e6c75565a96f5002459e0191ae88d48b0d052b,30e9dcd8109ba181a23ce87854e6c75565a96f5002459e0191ae88d48b0d052b,DEVELOPMENT,P3 internal OOF evidence,true,COPIED,byte-identical copy of committed frozen evidence,
raw/p3/z2/re2ob/checksums.json,artifacts/runs/z2/re2ob/checksums.json,9342e06db91945be2e44703437229ba45b18bda8,6e3f63ded2bb4504082ef47ca85f3251500ad4c2,4bcfc36f3e14faabcd81e2527b9d6314e92ea8bb247a659959f55cf2bba536e4,4bcfc36f3e14faabcd81e2527b9d6314e92ea8bb247a659959f55cf2bba536e4,DEVELOPMENT,P3 internal OOF evidence,true,COPIED,byte-identical copy of committed frozen evidence,
raw/p3/z2/re2ob/config.json,artifacts/runs/z2/re2ob/config.json,9342e06db91945be2e44703437229ba45b18bda8,999e8e61685b417fef4c5acc1b24d3f1a95da198,4638468ece8a552457c0c36add875ac80968b210d24f8a337cc1920d356d9534,4638468ece8a552457c0c36add875ac80968b210d24f8a337cc1920d356d9534,DEVELOPMENT,P3 internal OOF evidence,true,COPIED,byte-identical copy of committed frozen evidence,
raw/p3/z2/re2ob/environment.json,artifacts/runs/z2/re2ob/environment.json,9342e06db91945be2e44703437229ba45b18bda8,d39635301ce7780d01a680b7e2f0e6cdf08c22ed,2c8791528d621e17dd45c962d49b659e7b1e338b61d8b4d3f32f6176569d7cef,2c8791528d621e17dd45c962d49b659e7b1e338b61d8b4d3f32f6176569d7cef,DEVELOPMENT,P3 internal OOF evidence,true,COPIED,byte-identical copy of committed frozen evidence,
raw/p3/z2/re2ob/manifest.json,artifacts/runs/z2/re2ob/manifest.json,9342e06db91945be2e44703437229ba45b18bda8,fd556674555602c461e6a885bb28c7a9716c7bf4,e264441318622e7748684fdc80ba459b16030993cf6168cc68b6e7a5376eded5,e264441318622e7748684fdc80ba459b16030993cf6168cc68b6e7a5376eded5,DEVELOPMENT,P3 internal OOF evidence,true,COPIED,byte-identical copy of committed frozen evidence,
raw/p3/z2/re2ob/metrics.json,artifacts/runs/z2/re2ob/metrics.json,9342e06db91945be2e44703437229ba45b18bda8,35443db0d9359edf55578b87a302f787603dc847,9e831241097f2cce883ec63c658e78267cb0af01c27c3c37499b3126c556b356,9e831241097f2cce883ec63c658e78267cb0af01c27c3c37499b3126c556b356,DEVELOPMENT,P3 internal OOF evidence,true,COPIED,byte-identical copy of committed frozen evidence,
raw/p3/z2/re2ob/predictions.jsonl,artifacts/runs/z2/re2ob/predictions.jsonl,9342e06db91945be2e44703437229ba45b18bda8,fc20b0647606ebde4997256df3016481a1969494,1f481fe4067c398d02e0be0227e2cf7266e403ed78568dfdb40e10bcf5669b1b,1f481fe4067c398d02e0be0227e2cf7266e403ed78568dfdb40e10bcf5669b1b,DEVELOPMENT,P3 internal OOF evidence,true,COPIED,byte-identical copy of committed frozen evidence,
raw/p3/z2/re2ob/runtime.json,artifacts/runs/z2/re2ob/runtime.json,9342e06db91945be2e44703437229ba45b18bda8,ca6be36d576dc327e8a15750f39716f56d225deb,312c53821463d22faf6f8afe767b58b1b199b5cd4472a594a2d5f099ab12fd0a,312c53821463d22faf6f8afe767b58b1b199b5cd4472a594a2d5f099ab12fd0a,DEVELOPMENT,P3 internal OOF evidence,true,COPIED,byte-identical copy of committed frozen evidence,
raw/p3/z2/re2tt/checksums.json,artifacts/runs/z2/re2tt/checksums.json,9342e06db91945be2e44703437229ba45b18bda8,f96de3a5ba778e512160691a1c8b5cc0f75053c4,26887f9fa0dd20d49f46a47ea3d2cfc2619088ba9201f0fd250c91dca856beee,26887f9fa0dd20d49f46a47ea3d2cfc2619088ba9201f0fd250c91dca856beee,DEVELOPMENT,P3 internal OOF evidence,true,COPIED,byte-identical copy of committed frozen evidence,
raw/p3/z2/re2tt/config.json,artifacts/runs/z2/re2tt/config.json,9342e06db91945be2e44703437229ba45b18bda8,999e8e61685b417fef4c5acc1b24d3f1a95da198,4638468ece8a552457c0c36add875ac80968b210d24f8a337cc1920d356d9534,4638468ece8a552457c0c36add875ac80968b210d24f8a337cc1920d356d9534,DEVELOPMENT,P3 internal OOF evidence,true,COPIED,byte-identical copy of committed frozen evidence,
raw/p3/z2/re2tt/environment.json,artifacts/runs/z2/re2tt/environment.json,9342e06db91945be2e44703437229ba45b18bda8,d39635301ce7780d01a680b7e2f0e6cdf08c22ed,2c8791528d621e17dd45c962d49b659e7b1e338b61d8b4d3f32f6176569d7cef,2c8791528d621e17dd45c962d49b659e7b1e338b61d8b4d3f32f6176569d7cef,DEVELOPMENT,P3 internal OOF evidence,true,COPIED,byte-identical copy of committed frozen evidence,
raw/p3/z2/re2tt/manifest.json,artifacts/runs/z2/re2tt/manifest.json,9342e06db91945be2e44703437229ba45b18bda8,bbb84505da0a0f81a458f990cae2f12c0f22ff89,5a96a2d7b433712db8b44a8c2704766df810eae09878df3ae65a2ac97018f475,5a96a2d7b433712db8b44a8c2704766df810eae09878df3ae65a2ac97018f475,DEVELOPMENT,P3 internal OOF evidence,true,COPIED,byte-identical copy of committed frozen evidence,
raw/p3/z2/re2tt/metrics.json,artifacts/runs/z2/re2tt/metrics.json,9342e06db91945be2e44703437229ba45b18bda8,9747151c395f7f06f4ec599a23b2cc15cb97f5d6,da3917ce35e32a7cfea7d0a5d8710b1e5acd97e0c710050d7084864c60d7f2e2,da3917ce35e32a7cfea7d0a5d8710b1e5acd97e0c710050d7084864c60d7f2e2,DEVELOPMENT,P3 internal OOF evidence,true,COPIED,byte-identical copy of committed frozen evidence,
raw/p3/z2/re2tt/predictions.jsonl,artifacts/runs/z2/re2tt/predictions.jsonl,9342e06db91945be2e44703437229ba45b18bda8,f77a5037f36c8863510e32f3def843326a2bda7d,cf770b5ff4226f51625622bdd766d638793eb9a92c49ceff3c9f16b0cb05a702,cf770b5ff4226f51625622bdd766d638793eb9a92c49ceff3c9f16b0cb05a702,DEVELOPMENT,P3 internal OOF evidence,true,COPIED,byte-identical copy of committed frozen evidence,
raw/p3/z2/re2tt/runtime.json,artifacts/runs/z2/re2tt/runtime.json,9342e06db91945be2e44703437229ba45b18bda8,0d184bdaff55eeb9dafc6bbb50ea1190e6e2978e,2cd745eab846a958f3c06f5bea119ced9a4aa3e352ce3a1d86ec499401f14616,2cd745eab846a958f3c06f5bea119ced9a4aa3e352ce3a1d86ec499401f14616,DEVELOPMENT,P3 internal OOF evidence,true,COPIED,byte-identical copy of committed frozen evidence,
raw/p3/z3/re2ob/checksums.json,artifacts/runs/z3/re2ob/checksums.json,9342e06db91945be2e44703437229ba45b18bda8,35857be4a40f47e1f014ba5d3f6e141397cc7b35,e094e0e62c29fdd448fe093e78617cc760c6f829644a2e3bdee9b52d6cf49a31,e094e0e62c29fdd448fe093e78617cc760c6f829644a2e3bdee9b52d6cf49a31,DEVELOPMENT,P3 internal OOF evidence,true,COPIED,byte-identical copy of committed frozen evidence,
raw/p3/z3/re2ob/config.json,artifacts/runs/z3/re2ob/config.json,9342e06db91945be2e44703437229ba45b18bda8,fcdab3876a51026f5565fd81d41896e1e4d61458,56ca7d3353d871d8fe2ee2b093f80e19cd6c7a554192c8129e00767df9cf7d20,56ca7d3353d871d8fe2ee2b093f80e19cd6c7a554192c8129e00767df9cf7d20,DEVELOPMENT,P3 internal OOF evidence,true,COPIED,byte-identical copy of committed frozen evidence,
raw/p3/z3/re2ob/environment.json,artifacts/runs/z3/re2ob/environment.json,9342e06db91945be2e44703437229ba45b18bda8,d39635301ce7780d01a680b7e2f0e6cdf08c22ed,2c8791528d621e17dd45c962d49b659e7b1e338b61d8b4d3f32f6176569d7cef,2c8791528d621e17dd45c962d49b659e7b1e338b61d8b4d3f32f6176569d7cef,DEVELOPMENT,P3 internal OOF evidence,true,COPIED,byte-identical copy of committed frozen evidence,
raw/p3/z3/re2ob/manifest.json,artifacts/runs/z3/re2ob/manifest.json,9342e06db91945be2e44703437229ba45b18bda8,8797a6664683ee8afcc19542909c17bd67ac13c6,64e0ba9d38a51ffcbeb38f419d6e487a63d0f50680716aee48c74804fac43694,64e0ba9d38a51ffcbeb38f419d6e487a63d0f50680716aee48c74804fac43694,DEVELOPMENT,P3 internal OOF evidence,true,COPIED,byte-identical copy of committed frozen evidence,
raw/p3/z3/re2ob/metrics.json,artifacts/runs/z3/re2ob/metrics.json,9342e06db91945be2e44703437229ba45b18bda8,ed4d8e0f3e2131ce4294ea748b5708d94e852d87,7707f6b1a01e5c41b315e9e22cb551e3b31fc8029fc0ec1552ab298c27805d02,7707f6b1a01e5c41b315e9e22cb551e3b31fc8029fc0ec1552ab298c27805d02,DEVELOPMENT,P3 internal OOF evidence,true,COPIED,byte-identical copy of committed frozen evidence,
raw/p3/z3/re2ob/predictions.jsonl,artifacts/runs/z3/re2ob/predictions.jsonl,9342e06db91945be2e44703437229ba45b18bda8,3c7e5ed5af4ad324430a40efdd9ec70529107964,9132c68db9a504055e211a3706b6f0d72208db1616d6196ad5b18b3db2608607,9132c68db9a504055e211a3706b6f0d72208db1616d6196ad5b18b3db2608607,DEVELOPMENT,P3 internal OOF evidence,true,COPIED,byte-identical copy of committed frozen evidence,
raw/p3/z3/re2ob/runtime.json,artifacts/runs/z3/re2ob/runtime.json,9342e06db91945be2e44703437229ba45b18bda8,ce8b331ee036b641c48cb92ba89843fdd8cf4589,752cdfe7fdd35b42956ad4644b1c27747d7b9deb05d3649b861f4422037029bc,752cdfe7fdd35b42956ad4644b1c27747d7b9deb05d3649b861f4422037029bc,DEVELOPMENT,P3 internal OOF evidence,true,COPIED,byte-identical copy of committed frozen evidence,
raw/p3/z3/re2tt/checksums.json,artifacts/runs/z3/re2tt/checksums.json,9342e06db91945be2e44703437229ba45b18bda8,068cada942284d46b7dca5a13376edba010ce65c,b66e86d22dcdc0cc5509182383d98f6fd2c41f84f7b62bf7b19aa35be332a6ff,b66e86d22dcdc0cc5509182383d98f6fd2c41f84f7b62bf7b19aa35be332a6ff,DEVELOPMENT,P3 internal OOF evidence,true,COPIED,byte-identical copy of committed frozen evidence,
raw/p3/z3/re2tt/config.json,artifacts/runs/z3/re2tt/config.json,9342e06db91945be2e44703437229ba45b18bda8,fcdab3876a51026f5565fd81d41896e1e4d61458,56ca7d3353d871d8fe2ee2b093f80e19cd6c7a554192c8129e00767df9cf7d20,56ca7d3353d871d8fe2ee2b093f80e19cd6c7a554192c8129e00767df9cf7d20,DEVELOPMENT,P3 internal OOF evidence,true,COPIED,byte-identical copy of committed frozen evidence,
raw/p3/z3/re2tt/environment.json,artifacts/runs/z3/re2tt/environment.json,9342e06db91945be2e44703437229ba45b18bda8,d39635301ce7780d01a680b7e2f0e6cdf08c22ed,2c8791528d621e17dd45c962d49b659e7b1e338b61d8b4d3f32f6176569d7cef,2c8791528d621e17dd45c962d49b659e7b1e338b61d8b4d3f32f6176569d7cef,DEVELOPMENT,P3 internal OOF evidence,true,COPIED,byte-identical copy of committed frozen evidence,
raw/p3/z3/re2tt/manifest.json,artifacts/runs/z3/re2tt/manifest.json,9342e06db91945be2e44703437229ba45b18bda8,fcdd8e30c9d7cbfd125d77d01d123c1062cad86d,4ce9bacc0412320ac433fb5983079fceffa10ede5fb8200abef4f7e29efac507,4ce9bacc0412320ac433fb5983079fceffa10ede5fb8200abef4f7e29efac507,DEVELOPMENT,P3 internal OOF evidence,true,COPIED,byte-identical copy of committed frozen evidence,
raw/p3/z3/re2tt/metrics.json,artifacts/runs/z3/re2tt/metrics.json,9342e06db91945be2e44703437229ba45b18bda8,f0952ac9f2bce1d3c8f156c881c9645936220190,917fae0c6b64b4f84c13c93ffe3513eed096b8112565eefc1c996a001c892bb3,917fae0c6b64b4f84c13c93ffe3513eed096b8112565eefc1c996a001c892bb3,DEVELOPMENT,P3 internal OOF evidence,true,COPIED,byte-identical copy of committed frozen evidence,
raw/p3/z3/re2tt/predictions.jsonl,artifacts/runs/z3/re2tt/predictions.jsonl,9342e06db91945be2e44703437229ba45b18bda8,ee5f93d752d1f372c8dda872f3911e11375fbc47,370decd2e086b32cb49c35186dcbc05ea9aec22531b16c8cafd3931d7760b162,370decd2e086b32cb49c35186dcbc05ea9aec22531b16c8cafd3931d7760b162,DEVELOPMENT,P3 internal OOF evidence,true,COPIED,byte-identical copy of committed frozen evidence,
raw/p3/z3/re2tt/runtime.json,artifacts/runs/z3/re2tt/runtime.json,9342e06db91945be2e44703437229ba45b18bda8,02a4dffd34b62fcecd39bda6bac7fe797d2ba030,7ef6b4bb8f4e01014e93eb25b4f31be67b6a8e7e1d72b7525f0ea7c988c9626a,7ef6b4bb8f4e01014e93eb25b4f31be67b6a8e7e1d72b7525f0ea7c988c9626a,DEVELOPMENT,P3 internal OOF evidence,true,COPIED,byte-identical copy of committed frozen evidence,
raw/p3/z3_shuffle/re2ob/checksums.json,artifacts/runs/z3_shuffle/re2ob/checksums.json,9342e06db91945be2e44703437229ba45b18bda8,29ee446518ad2ff89c033af9ffdb000ba22e6005,fb7f1395b827a06c2386df7df050e759054284a877aa62ddc917b69c3ba8ea2d,fb7f1395b827a06c2386df7df050e759054284a877aa62ddc917b69c3ba8ea2d,DEVELOPMENT,P3 internal OOF evidence,true,COPIED,byte-identical copy of committed frozen evidence,
raw/p3/z3_shuffle/re2ob/config.json,artifacts/runs/z3_shuffle/re2ob/config.json,9342e06db91945be2e44703437229ba45b18bda8,1b95d5ef899a795013dd5e230f1524330a834edb,43103aea8fbf8596bd8f25af0b13fd1ec33a7690a9019dcf3330d736d3f25528,43103aea8fbf8596bd8f25af0b13fd1ec33a7690a9019dcf3330d736d3f25528,DEVELOPMENT,P3 internal OOF evidence,true,COPIED,byte-identical copy of committed frozen evidence,
raw/p3/z3_shuffle/re2ob/environment.json,artifacts/runs/z3_shuffle/re2ob/environment.json,9342e06db91945be2e44703437229ba45b18bda8,d39635301ce7780d01a680b7e2f0e6cdf08c22ed,2c8791528d621e17dd45c962d49b659e7b1e338b61d8b4d3f32f6176569d7cef,2c8791528d621e17dd45c962d49b659e7b1e338b61d8b4d3f32f6176569d7cef,DEVELOPMENT,P3 internal OOF evidence,true,COPIED,byte-identical copy of committed frozen evidence,
raw/p3/z3_shuffle/re2ob/manifest.json,artifacts/runs/z3_shuffle/re2ob/manifest.json,9342e06db91945be2e44703437229ba45b18bda8,cea187e287f13d65824568491ce606f3d7073827,c0df7d7d197eb22286862f524f46e072aac3a078d22571bd494e7b1e4a1b7976,c0df7d7d197eb22286862f524f46e072aac3a078d22571bd494e7b1e4a1b7976,DEVELOPMENT,P3 internal OOF evidence,true,COPIED,byte-identical copy of committed frozen evidence,
raw/p3/z3_shuffle/re2ob/metrics.json,artifacts/runs/z3_shuffle/re2ob/metrics.json,9342e06db91945be2e44703437229ba45b18bda8,aba0381e46a25ced1f7ec77c4eb9bca622b0b908,849e3140f32731e081d671f6b1c3cc3da2f2fd0db82ea4049e6e7922fb5d0eca,849e3140f32731e081d671f6b1c3cc3da2f2fd0db82ea4049e6e7922fb5d0eca,DEVELOPMENT,P3 internal OOF evidence,true,COPIED,byte-identical copy of committed frozen evidence,
raw/p3/z3_shuffle/re2ob/predictions.jsonl,artifacts/runs/z3_shuffle/re2ob/predictions.jsonl,9342e06db91945be2e44703437229ba45b18bda8,9ab6108edb29976babf6015ce5011190372844cc,1f37944f0ab6d07f75988ffd9c2a04a3ea03e6e1e1d1d0312b0e25f5ac6df7ac,1f37944f0ab6d07f75988ffd9c2a04a3ea03e6e1e1d1d0312b0e25f5ac6df7ac,DEVELOPMENT,P3 internal OOF evidence,true,COPIED,byte-identical copy of committed frozen evidence,
raw/p3/z3_shuffle/re2ob/runtime.json,artifacts/runs/z3_shuffle/re2ob/runtime.json,9342e06db91945be2e44703437229ba45b18bda8,6be292bd447b6211e31ec64a63e58f451daa1139,f85a0c4e24694cf8ca0b5fb3d62879bcaf8fb1dc3f6ad49f257ad84cf63fce26,f85a0c4e24694cf8ca0b5fb3d62879bcaf8fb1dc3f6ad49f257ad84cf63fce26,DEVELOPMENT,P3 internal OOF evidence,true,COPIED,byte-identical copy of committed frozen evidence,
raw/p3/z3_shuffle/re2tt/checksums.json,artifacts/runs/z3_shuffle/re2tt/checksums.json,9342e06db91945be2e44703437229ba45b18bda8,066935b3a5e04063001486f7011ca0a84a2c45a2,7e4efb2b350c204ec63e6ec58b606085c53ad278d87be1b2d9ffda3fc0b7868c,7e4efb2b350c204ec63e6ec58b606085c53ad278d87be1b2d9ffda3fc0b7868c,DEVELOPMENT,P3 internal OOF evidence,true,COPIED,byte-identical copy of committed frozen evidence,
raw/p3/z3_shuffle/re2tt/config.json,artifacts/runs/z3_shuffle/re2tt/config.json,9342e06db91945be2e44703437229ba45b18bda8,1b95d5ef899a795013dd5e230f1524330a834edb,43103aea8fbf8596bd8f25af0b13fd1ec33a7690a9019dcf3330d736d3f25528,43103aea8fbf8596bd8f25af0b13fd1ec33a7690a9019dcf3330d736d3f25528,DEVELOPMENT,P3 internal OOF evidence,true,COPIED,byte-identical copy of committed frozen evidence,
raw/p3/z3_shuffle/re2tt/environment.json,artifacts/runs/z3_shuffle/re2tt/environment.json,9342e06db91945be2e44703437229ba45b18bda8,d39635301ce7780d01a680b7e2f0e6cdf08c22ed,2c8791528d621e17dd45c962d49b659e7b1e338b61d8b4d3f32f6176569d7cef,2c8791528d621e17dd45c962d49b659e7b1e338b61d8b4d3f32f6176569d7cef,DEVELOPMENT,P3 internal OOF evidence,true,COPIED,byte-identical copy of committed frozen evidence,
raw/p3/z3_shuffle/re2tt/manifest.json,artifacts/runs/z3_shuffle/re2tt/manifest.json,9342e06db91945be2e44703437229ba45b18bda8,3a050b57e60c15fd93f77db1b5322361d63262b7,daf6db4953b611edb37fe024a205bc3d4ea469844b246025dac254da50110b59,daf6db4953b611edb37fe024a205bc3d4ea469844b246025dac254da50110b59,DEVELOPMENT,P3 internal OOF evidence,true,COPIED,byte-identical copy of committed frozen evidence,
raw/p3/z3_shuffle/re2tt/metrics.json,artifacts/runs/z3_shuffle/re2tt/metrics.json,9342e06db91945be2e44703437229ba45b18bda8,f39191de630c1cd73c17ed73ace2869293add57f,dc5a359bcc9448bfd89fd2801a58378715e59d0259ed80f6aed919bc7feba7db,dc5a359bcc9448bfd89fd2801a58378715e59d0259ed80f6aed919bc7feba7db,DEVELOPMENT,P3 internal OOF evidence,true,COPIED,byte-identical copy of committed frozen evidence,
raw/p3/z3_shuffle/re2tt/predictions.jsonl,artifacts/runs/z3_shuffle/re2tt/predictions.jsonl,9342e06db91945be2e44703437229ba45b18bda8,7cfa3c9b2d7b4ed4a986c20aa32c236cfe1c469f,ffd43b547ada1ad8e233932ce4028a2f423612875f49e76f10d4d6d278e76a14,ffd43b547ada1ad8e233932ce4028a2f423612875f49e76f10d4d6d278e76a14,DEVELOPMENT,P3 internal OOF evidence,true,COPIED,byte-identical copy of committed frozen evidence,
raw/p3/z3_shuffle/re2tt/runtime.json,artifacts/runs/z3_shuffle/re2tt/runtime.json,9342e06db91945be2e44703437229ba45b18bda8,c3aa1bf81bd1e1a50f8d22d7ddaf8af05545b4be,58bf9254e684f879c847c10e0ab86bb0188ea232ae26dd75c1af80b701229b39,58bf9254e684f879c847c10e0ab86bb0188ea232ae26dd75c1af80b701229b39,DEVELOPMENT,P3 internal OOF evidence,true,COPIED,byte-identical copy of committed frozen evidence,
raw/p4/bootstrap/p4_g0_bootstrap.json,artifacts/p4_g0/bootstrap/p4_g0_bootstrap.json,9342e06db91945be2e44703437229ba45b18bda8,2ca376b3aa773d2bed492f458d46a1f1ec2c8a2b,40c883e5f8781cb0298609df0e2935157c9bb936fd203b3213112c1d33afd1b3,40c883e5f8781cb0298609df0e2935157c9bb936fd203b3213112c1d33afd1b3,DEVELOPMENT,P4 matched ablation and diagnostics,true,COPIED,byte-identical copy of committed frozen evidence,
raw/p4/environment/environment.json,artifacts/p4_g0/environment/environment.json,9342e06db91945be2e44703437229ba45b18bda8,03045a0e4f65d96aecfd6891ca0e3a52a128ad6c,74bdcb301f018d76027fe3beb9d4c21d002a12b6b39c3e9dfe75c46d3abf8087,74bdcb301f018d76027fe3beb9d4c21d002a12b6b39c3e9dfe75c46d3abf8087,DEVELOPMENT,P4 matched ablation and diagnostics,true,COPIED,byte-identical copy of committed frozen evidence,
raw/p4/features/feature_manifest_bindings.json,artifacts/p4_g0/features/feature_manifest_bindings.json,9342e06db91945be2e44703437229ba45b18bda8,a6be8f332c24a42e4e4915f11f52cab075b36bf9,3e465a6a4be7320b48f67d127aeea0961ebd3b2afa056b86d2395e5e053a2015,3e465a6a4be7320b48f67d127aeea0961ebd3b2afa056b86d2395e5e053a2015,DEVELOPMENT,P4 matched ablation and diagnostics,true,COPIED,byte-identical copy of committed frozen evidence,
raw/p4/foreign_context/re2ob.json,artifacts/p4_g0/foreign_context/re2ob.json,9342e06db91945be2e44703437229ba45b18bda8,01fde1e8d535ac520c146f6287f404f708b8ced4,ad7d55a424d8fe645142d3501d7360263676bdbb2b7b8882404da69594cf40d2,ad7d55a424d8fe645142d3501d7360263676bdbb2b7b8882404da69594cf40d2,DEVELOPMENT,P4 matched ablation and diagnostics,true,COPIED,byte-identical copy of committed frozen evidence,
raw/p4/foreign_context/re2tt.json,artifacts/p4_g0/foreign_context/re2tt.json,9342e06db91945be2e44703437229ba45b18bda8,6ff63645eac2dbf624c1caac08a2476fd38cb55c,290f1490d47d2d4e15de884a53f3a04482a0c59d7faab1022ec14364b1aaa7de,290f1490d47d2d4e15de884a53f3a04482a0c59d7faab1022ec14364b1aaa7de,DEVELOPMENT,P4 matched ablation and diagnostics,true,COPIED,byte-identical copy of committed frozen evidence,
raw/p4/loso/re2ob.json,artifacts/p4_g0/loso/re2ob.json,9342e06db91945be2e44703437229ba45b18bda8,444898fe62f410bef81757f3a9d93189a16e41e9,5aab3431a12ba8004f40b81f19871da734602d69c1eaa5cc56475e321ac2622c,5aab3431a12ba8004f40b81f19871da734602d69c1eaa5cc56475e321ac2622c,DEVELOPMENT,P4 matched ablation and diagnostics,true,COPIED,byte-identical copy of committed frozen evidence,
raw/p4/loso/re2tt.json,artifacts/p4_g0/loso/re2tt.json,9342e06db91945be2e44703437229ba45b18bda8,8e2c12ef30ea393e7c5c56152662ca8a5418a2c5,98e2a62824ffd462935fbbdd39af296cde5dcf034de94fe8e2e7c6cab75118a1,98e2a62824ffd462935fbbdd39af296cde5dcf034de94fe8e2e7c6cab75118a1,DEVELOPMENT,P4 matched ablation and diagnostics,true,COPIED,byte-identical copy of committed frozen evidence,
raw/p4/manifests/diagnostics_manifest.json,artifacts/p4_g0/manifests/diagnostics_manifest.json,9342e06db91945be2e44703437229ba45b18bda8,9cdec2080a58c271fb8e0a6ec5465bb4c8c29140,5005c793f21a0c09bc63bc649cf003b712b6e7dd05505a5636101f6091435230,5005c793f21a0c09bc63bc649cf003b712b6e7dd05505a5636101f6091435230,DEVELOPMENT,P4 matched ablation and diagnostics,true,COPIED,byte-identical copy of committed frozen evidence,
raw/p4/metrics/case_transitions.csv,artifacts/p4_g0/metrics/case_transitions.csv,9342e06db91945be2e44703437229ba45b18bda8,94b821b7d8afd154e661fea4154397c359f1ab66,921cd3092643556ef4e34431102d0415432a4cebbc8f9ea92d2fd6a14ef2dac2,921cd3092643556ef4e34431102d0415432a4cebbc8f9ea92d2fd6a14ef2dac2,DEVELOPMENT,P4 matched ablation and diagnostics,true,COPIED,byte-identical copy of committed frozen evidence,
raw/p4/metrics/subgroup_diagnostics.json,artifacts/p4_g0/metrics/subgroup_diagnostics.json,9342e06db91945be2e44703437229ba45b18bda8,871edcc38589f52c39facb9e5bab75c4a5c68e32,31a6dd02f354754bc184c3bd1d3f16dff8bfb4ad4ff733d714d4c78879bb8bd7,31a6dd02f354754bc184c3bd1d3f16dff8bfb4ad4ff733d714d4c78879bb8bd7,DEVELOPMENT,P4 matched ablation and diagnostics,true,COPIED,byte-identical copy of committed frozen evidence,
raw/p4/metrics/summary.json,artifacts/p4_g0/metrics/summary.json,9342e06db91945be2e44703437229ba45b18bda8,9fd0ff2506545521606a4fd83a6becdac0f75e02,74f0b979e1473256d5822be0805e807012f663775bd4a87c8cf7d78e034ec596,74f0b979e1473256d5822be0805e807012f663775bd4a87c8cf7d78e034ec596,DEVELOPMENT,P4 matched ablation and diagnostics,true,COPIED,byte-identical copy of committed frozen evidence,
raw/p4/predictions/a0/re2ob/checksums.json,artifacts/p4_g0/predictions/a0/re2ob/checksums.json,9342e06db91945be2e44703437229ba45b18bda8,e497fb65935d3754e8deb4284f8938524b082447,14444d1812f22760daa9f21e2ecbf16569401726be342d3a3c3b915fe3240dfb,14444d1812f22760daa9f21e2ecbf16569401726be342d3a3c3b915fe3240dfb,DEVELOPMENT,P4 matched ablation and diagnostics,true,COPIED,byte-identical copy of committed frozen evidence,
raw/p4/predictions/a0/re2ob/config.json,artifacts/p4_g0/predictions/a0/re2ob/config.json,9342e06db91945be2e44703437229ba45b18bda8,1828205a345a046bcd9bf52f7f760683fb797a74,6d7d04dcc84a64d66f162368751e9e6c6c71fcb427b4194ebf5e7c04819a69b1,6d7d04dcc84a64d66f162368751e9e6c6c71fcb427b4194ebf5e7c04819a69b1,DEVELOPMENT,P4 matched ablation and diagnostics,true,COPIED,byte-identical copy of committed frozen evidence,
raw/p4/predictions/a0/re2ob/environment.json,artifacts/p4_g0/predictions/a0/re2ob/environment.json,9342e06db91945be2e44703437229ba45b18bda8,96aa74ada9d3aa9fefaf7a33a9066af4f94425f7,04919449c1c78af912d5e50a13fdbf03e51f79ded221953fd91473a7e13c7295,04919449c1c78af912d5e50a13fdbf03e51f79ded221953fd91473a7e13c7295,DEVELOPMENT,P4 matched ablation and diagnostics,true,COPIED,byte-identical copy of committed frozen evidence,
raw/p4/predictions/a0/re2ob/fit_summary.json,artifacts/p4_g0/predictions/a0/re2ob/fit_summary.json,9342e06db91945be2e44703437229ba45b18bda8,70d24a83c8eb255e62bb48c92a48d945d022b2a0,18ae83d7372bdf60e51f261cd7a01c9e8b7cbe3044dd72105a39153554bba933,18ae83d7372bdf60e51f261cd7a01c9e8b7cbe3044dd72105a39153554bba933,DEVELOPMENT,P4 matched ablation and diagnostics,true,COPIED,byte-identical copy of committed frozen evidence,
raw/p4/predictions/a0/re2ob/manifest.json,artifacts/p4_g0/predictions/a0/re2ob/manifest.json,9342e06db91945be2e44703437229ba45b18bda8,589696f3c5bbf083d955385cce6486e6e080ee47,8b24c2072b805b9d983e8d91c3a93deae257390c54f7824d03048bd19a5f1cae,8b24c2072b805b9d983e8d91c3a93deae257390c54f7824d03048bd19a5f1cae,DEVELOPMENT,P4 matched ablation and diagnostics,true,COPIED,byte-identical copy of committed frozen evidence,
raw/p4/predictions/a0/re2ob/metrics.json,artifacts/p4_g0/predictions/a0/re2ob/metrics.json,9342e06db91945be2e44703437229ba45b18bda8,d880d5a199ca4ab20426eb9ae6bfc5cd2b972504,b59baff4d59563636c9abb18a16352388cf7e9b3a12229f3a11c350ba7e72869,b59baff4d59563636c9abb18a16352388cf7e9b3a12229f3a11c350ba7e72869,DEVELOPMENT,P4 matched ablation and diagnostics,true,COPIED,byte-identical copy of committed frozen evidence,
raw/p4/predictions/a0/re2ob/model_input_manifest.json,artifacts/p4_g0/predictions/a0/re2ob/model_input_manifest.json,9342e06db91945be2e44703437229ba45b18bda8,363ec6f9e02d6297c49dd3345bfd7ccec49e32b7,88a752ed610579bd7a5b74bf9cf8ef200afca743118bdf66df6983981f2bdc64,88a752ed610579bd7a5b74bf9cf8ef200afca743118bdf66df6983981f2bdc64,DEVELOPMENT,P4 matched ablation and diagnostics,true,COPIED,byte-identical copy of committed frozen evidence,
raw/p4/predictions/a0/re2ob/predictions.jsonl,artifacts/p4_g0/predictions/a0/re2ob/predictions.jsonl,9342e06db91945be2e44703437229ba45b18bda8,0c7782758218f0d9fa097f5151572b51c9c7caf8,427671d9da42f2dc289b53bb6391d4a60a5c7b528047a6795790a9c8044106d9,427671d9da42f2dc289b53bb6391d4a60a5c7b528047a6795790a9c8044106d9,DEVELOPMENT,P4 matched ablation and diagnostics,true,COPIED,byte-identical copy of committed frozen evidence,
raw/p4/predictions/a0/re2ob/runtime.json,artifacts/p4_g0/predictions/a0/re2ob/runtime.json,9342e06db91945be2e44703437229ba45b18bda8,c8f9dfab6bea8986055818acb88d9533c797a29c,ad3f12e0307daebc64626f75e4a0bb5d4f259d67b99dadc6fccf3da4719328bd,ad3f12e0307daebc64626f75e4a0bb5d4f259d67b99dadc6fccf3da4719328bd,DEVELOPMENT,P4 matched ablation and diagnostics,true,COPIED,byte-identical copy of committed frozen evidence,
raw/p4/predictions/a0/re2tt/checksums.json,artifacts/p4_g0/predictions/a0/re2tt/checksums.json,9342e06db91945be2e44703437229ba45b18bda8,5fb6a1f465492ce6b6aa48f6523f1b895932be2e,535f2d39d68e12b09db0229af7975cf475886858cca560c6a5e3c26b7abb771f,535f2d39d68e12b09db0229af7975cf475886858cca560c6a5e3c26b7abb771f,DEVELOPMENT,P4 matched ablation and diagnostics,true,COPIED,byte-identical copy of committed frozen evidence,
raw/p4/predictions/a0/re2tt/config.json,artifacts/p4_g0/predictions/a0/re2tt/config.json,9342e06db91945be2e44703437229ba45b18bda8,1828205a345a046bcd9bf52f7f760683fb797a74,6d7d04dcc84a64d66f162368751e9e6c6c71fcb427b4194ebf5e7c04819a69b1,6d7d04dcc84a64d66f162368751e9e6c6c71fcb427b4194ebf5e7c04819a69b1,DEVELOPMENT,P4 matched ablation and diagnostics,true,COPIED,byte-identical copy of committed frozen evidence,
raw/p4/predictions/a0/re2tt/environment.json,artifacts/p4_g0/predictions/a0/re2tt/environment.json,9342e06db91945be2e44703437229ba45b18bda8,96aa74ada9d3aa9fefaf7a33a9066af4f94425f7,04919449c1c78af912d5e50a13fdbf03e51f79ded221953fd91473a7e13c7295,04919449c1c78af912d5e50a13fdbf03e51f79ded221953fd91473a7e13c7295,DEVELOPMENT,P4 matched ablation and diagnostics,true,COPIED,byte-identical copy of committed frozen evidence,
raw/p4/predictions/a0/re2tt/fit_summary.json,artifacts/p4_g0/predictions/a0/re2tt/fit_summary.json,9342e06db91945be2e44703437229ba45b18bda8,e3e5e6364a322a106067b58913b6ec420a3ac367,1ce10cf86d29c673c5a423a5c8c711824a911afe7a4856b4cadd1a00eab697b3,1ce10cf86d29c673c5a423a5c8c711824a911afe7a4856b4cadd1a00eab697b3,DEVELOPMENT,P4 matched ablation and diagnostics,true,COPIED,byte-identical copy of committed frozen evidence,
raw/p4/predictions/a0/re2tt/manifest.json,artifacts/p4_g0/predictions/a0/re2tt/manifest.json,9342e06db91945be2e44703437229ba45b18bda8,333b26cdc16a3337a9823d0ab8481c0e3c19cf44,3ff807586e44afce54d1461c998862bd31fa94e1d9f8f0f93f497466824c0b8a,3ff807586e44afce54d1461c998862bd31fa94e1d9f8f0f93f497466824c0b8a,DEVELOPMENT,P4 matched ablation and diagnostics,true,COPIED,byte-identical copy of committed frozen evidence,
raw/p4/predictions/a0/re2tt/metrics.json,artifacts/p4_g0/predictions/a0/re2tt/metrics.json,9342e06db91945be2e44703437229ba45b18bda8,4cc8658da0a16c0d05de810d4a8e47ecd843d9ad,98ce68902bbdd4386881cc5fdcdfb802b5c321368e3ae65982365b3c604d9df7,98ce68902bbdd4386881cc5fdcdfb802b5c321368e3ae65982365b3c604d9df7,DEVELOPMENT,P4 matched ablation and diagnostics,true,COPIED,byte-identical copy of committed frozen evidence,
raw/p4/predictions/a0/re2tt/model_input_manifest.json,artifacts/p4_g0/predictions/a0/re2tt/model_input_manifest.json,9342e06db91945be2e44703437229ba45b18bda8,2ab99eec4f974775856591dcdd100117440303ff,fb7dee19a6bf03fc5b729cb52dab52a0b0d8066a64676b1bdd3ecd4c689d75bc,fb7dee19a6bf03fc5b729cb52dab52a0b0d8066a64676b1bdd3ecd4c689d75bc,DEVELOPMENT,P4 matched ablation and diagnostics,true,COPIED,byte-identical copy of committed frozen evidence,
raw/p4/predictions/a0/re2tt/predictions.jsonl,artifacts/p4_g0/predictions/a0/re2tt/predictions.jsonl,9342e06db91945be2e44703437229ba45b18bda8,3f95112cbf4e4da891fa207c4a7feeb0bc544f11,ffedb6b4a79f09984c8f56353388cdf1825b75470fe591614113b84af10d84c4,ffedb6b4a79f09984c8f56353388cdf1825b75470fe591614113b84af10d84c4,DEVELOPMENT,P4 matched ablation and diagnostics,true,COPIED,byte-identical copy of committed frozen evidence,
raw/p4/predictions/a0/re2tt/runtime.json,artifacts/p4_g0/predictions/a0/re2tt/runtime.json,9342e06db91945be2e44703437229ba45b18bda8,9551d5446e2dee84638f66ea2b3b37f2cbb745a5,87ebb56821adb3d94706632160d02ddc0ef96ddf35b278676f9e3f7dfc611f9b,87ebb56821adb3d94706632160d02ddc0ef96ddf35b278676f9e3f7dfc611f9b,DEVELOPMENT,P4 matched ablation and diagnostics,true,COPIED,byte-identical copy of committed frozen evidence,
raw/p4/predictions/a1/re2ob/checksums.json,artifacts/p4_g0/predictions/a1/re2ob/checksums.json,9342e06db91945be2e44703437229ba45b18bda8,9ab791a556526b1b7b5d941fd68e9f9e32d3bd4f,b21928c454a38a4f3c37d0dad719c8f47e2673d3a4eaa1a0687f1fe054fcab0b,b21928c454a38a4f3c37d0dad719c8f47e2673d3a4eaa1a0687f1fe054fcab0b,DEVELOPMENT,P4 matched ablation and diagnostics,true,COPIED,byte-identical copy of committed frozen evidence,
raw/p4/predictions/a1/re2ob/config.json,artifacts/p4_g0/predictions/a1/re2ob/config.json,9342e06db91945be2e44703437229ba45b18bda8,b3639131f3fdb7fd516c39e0886d59732683ac0b,5a6f14ae8493d40f90b45ef4ef2241d7ef7ee634094af91a31b65bd8363ba18a,5a6f14ae8493d40f90b45ef4ef2241d7ef7ee634094af91a31b65bd8363ba18a,DEVELOPMENT,P4 matched ablation and diagnostics,true,COPIED,byte-identical copy of committed frozen evidence,
raw/p4/predictions/a1/re2ob/environment.json,artifacts/p4_g0/predictions/a1/re2ob/environment.json,9342e06db91945be2e44703437229ba45b18bda8,96aa74ada9d3aa9fefaf7a33a9066af4f94425f7,04919449c1c78af912d5e50a13fdbf03e51f79ded221953fd91473a7e13c7295,04919449c1c78af912d5e50a13fdbf03e51f79ded221953fd91473a7e13c7295,DEVELOPMENT,P4 matched ablation and diagnostics,true,COPIED,byte-identical copy of committed frozen evidence,
raw/p4/predictions/a1/re2ob/fit_summary.json,artifacts/p4_g0/predictions/a1/re2ob/fit_summary.json,9342e06db91945be2e44703437229ba45b18bda8,7e7c13a92fcd783e077012d0402e883a01e15ced,66e626be5dee855d710dc59826c8d5e58f19cdb0496edb2e602820a002e4f7ac,66e626be5dee855d710dc59826c8d5e58f19cdb0496edb2e602820a002e4f7ac,DEVELOPMENT,P4 matched ablation and diagnostics,true,COPIED,byte-identical copy of committed frozen evidence,
raw/p4/predictions/a1/re2ob/manifest.json,artifacts/p4_g0/predictions/a1/re2ob/manifest.json,9342e06db91945be2e44703437229ba45b18bda8,ea814aea50657cb390e6adc6931d1351774fe72c,977693175a49cda0df88259559a5913e7954fd44c508783b762d13462d8e6849,977693175a49cda0df88259559a5913e7954fd44c508783b762d13462d8e6849,DEVELOPMENT,P4 matched ablation and diagnostics,true,COPIED,byte-identical copy of committed frozen evidence,
raw/p4/predictions/a1/re2ob/metrics.json,artifacts/p4_g0/predictions/a1/re2ob/metrics.json,9342e06db91945be2e44703437229ba45b18bda8,1598a37e58c6ef5797028ecca9adfe008834b42c,36604429ef99e0e4319a1113543f2501b24e2bbe7b477748cbb741144b2cef75,36604429ef99e0e4319a1113543f2501b24e2bbe7b477748cbb741144b2cef75,DEVELOPMENT,P4 matched ablation and diagnostics,true,COPIED,byte-identical copy of committed frozen evidence,
raw/p4/predictions/a1/re2ob/model_input_manifest.json,artifacts/p4_g0/predictions/a1/re2ob/model_input_manifest.json,9342e06db91945be2e44703437229ba45b18bda8,6f2619e66aa92b73cd02567b2658835626cfb987,1522c19c75c87423cdc6100986e64f9672bd5f7b6d3d6cd373b9799b13de85a9,1522c19c75c87423cdc6100986e64f9672bd5f7b6d3d6cd373b9799b13de85a9,DEVELOPMENT,P4 matched ablation and diagnostics,true,COPIED,byte-identical copy of committed frozen evidence,
raw/p4/predictions/a1/re2ob/predictions.jsonl,artifacts/p4_g0/predictions/a1/re2ob/predictions.jsonl,9342e06db91945be2e44703437229ba45b18bda8,2b7ad30f178084cb29985b8cf07259683c8c6745,f3a8cdf1a58e9d878ee870db9f0269b0689c67e5a90cb1298bf500c7b6dd7833,f3a8cdf1a58e9d878ee870db9f0269b0689c67e5a90cb1298bf500c7b6dd7833,DEVELOPMENT,P4 matched ablation and diagnostics,true,COPIED,byte-identical copy of committed frozen evidence,
raw/p4/predictions/a1/re2ob/runtime.json,artifacts/p4_g0/predictions/a1/re2ob/runtime.json,9342e06db91945be2e44703437229ba45b18bda8,71ecd5e8e4d13d5bba55e32da5f2092db6eb16a6,2c2d692a0074ffcd9030c64c1b5569fece29382fe3adc592db3b30fa97c526dc,2c2d692a0074ffcd9030c64c1b5569fece29382fe3adc592db3b30fa97c526dc,DEVELOPMENT,P4 matched ablation and diagnostics,true,COPIED,byte-identical copy of committed frozen evidence,
raw/p4/predictions/a1/re2tt/checksums.json,artifacts/p4_g0/predictions/a1/re2tt/checksums.json,9342e06db91945be2e44703437229ba45b18bda8,10f5df64142bc86317a2db2acfe7f8de90527d2c,dda4f68598b440e0f05f4d2e99a1dda3fdac96cfff7b69fdf1b1c2ef997f21c4,dda4f68598b440e0f05f4d2e99a1dda3fdac96cfff7b69fdf1b1c2ef997f21c4,DEVELOPMENT,P4 matched ablation and diagnostics,true,COPIED,byte-identical copy of committed frozen evidence,
raw/p4/predictions/a1/re2tt/config.json,artifacts/p4_g0/predictions/a1/re2tt/config.json,9342e06db91945be2e44703437229ba45b18bda8,b3639131f3fdb7fd516c39e0886d59732683ac0b,5a6f14ae8493d40f90b45ef4ef2241d7ef7ee634094af91a31b65bd8363ba18a,5a6f14ae8493d40f90b45ef4ef2241d7ef7ee634094af91a31b65bd8363ba18a,DEVELOPMENT,P4 matched ablation and diagnostics,true,COPIED,byte-identical copy of committed frozen evidence,
raw/p4/predictions/a1/re2tt/environment.json,artifacts/p4_g0/predictions/a1/re2tt/environment.json,9342e06db91945be2e44703437229ba45b18bda8,96aa74ada9d3aa9fefaf7a33a9066af4f94425f7,04919449c1c78af912d5e50a13fdbf03e51f79ded221953fd91473a7e13c7295,04919449c1c78af912d5e50a13fdbf03e51f79ded221953fd91473a7e13c7295,DEVELOPMENT,P4 matched ablation and diagnostics,true,COPIED,byte-identical copy of committed frozen evidence,
raw/p4/predictions/a1/re2tt/fit_summary.json,artifacts/p4_g0/predictions/a1/re2tt/fit_summary.json,9342e06db91945be2e44703437229ba45b18bda8,b8cf7cb03ffafd993146afd01d91c87fd71df232,2092ab4c1b50b2c5dfc2768d232aef1de5a39d269bac7bf3aca1295c77c12f3f,2092ab4c1b50b2c5dfc2768d232aef1de5a39d269bac7bf3aca1295c77c12f3f,DEVELOPMENT,P4 matched ablation and diagnostics,true,COPIED,byte-identical copy of committed frozen evidence,
raw/p4/predictions/a1/re2tt/manifest.json,artifacts/p4_g0/predictions/a1/re2tt/manifest.json,9342e06db91945be2e44703437229ba45b18bda8,8e7e1180c730958e46c9c802f514d596e7c24c83,276753effc97c54b344025bb45ac639139922ef9b17c077b2729e174da122ebd,276753effc97c54b344025bb45ac639139922ef9b17c077b2729e174da122ebd,DEVELOPMENT,P4 matched ablation and diagnostics,true,COPIED,byte-identical copy of committed frozen evidence,
raw/p4/predictions/a1/re2tt/metrics.json,artifacts/p4_g0/predictions/a1/re2tt/metrics.json,9342e06db91945be2e44703437229ba45b18bda8,4d2477655f1d4d83b8b247945ad15e8643593cd0,ac266fd95ee071f9862d95f6a958257a81c04cb8a2900f7ca30c022f5abfc6c0,ac266fd95ee071f9862d95f6a958257a81c04cb8a2900f7ca30c022f5abfc6c0,DEVELOPMENT,P4 matched ablation and diagnostics,true,COPIED,byte-identical copy of committed frozen evidence,
raw/p4/predictions/a1/re2tt/model_input_manifest.json,artifacts/p4_g0/predictions/a1/re2tt/model_input_manifest.json,9342e06db91945be2e44703437229ba45b18bda8,8cc81aceae964af1464a401a683d6678e374df7e,77330e2502584b6d6d94d14fbbb22fe8cdd63b510c2a71cd807c30d5fe512750,77330e2502584b6d6d94d14fbbb22fe8cdd63b510c2a71cd807c30d5fe512750,DEVELOPMENT,P4 matched ablation and diagnostics,true,COPIED,byte-identical copy of committed frozen evidence,
raw/p4/predictions/a1/re2tt/predictions.jsonl,artifacts/p4_g0/predictions/a1/re2tt/predictions.jsonl,9342e06db91945be2e44703437229ba45b18bda8,8b5eee92bd5f07ed119780370de3ec98970c7e5e,7a5e1c3874ade363aeb3413d7b92bfe1950a152438e8443e2db2819dfc75cf37,7a5e1c3874ade363aeb3413d7b92bfe1950a152438e8443e2db2819dfc75cf37,DEVELOPMENT,P4 matched ablation and diagnostics,true,COPIED,byte-identical copy of committed frozen evidence,
raw/p4/predictions/a1/re2tt/runtime.json,artifacts/p4_g0/predictions/a1/re2tt/runtime.json,9342e06db91945be2e44703437229ba45b18bda8,0933cf0880731423c53881ed6552f0a46cb6784d,0c129b6a7fac97af55d43a63ca4829f0cf0f514428f53a0281052b24dd98ed32,0c129b6a7fac97af55d43a63ca4829f0cf0f514428f53a0281052b24dd98ed32,DEVELOPMENT,P4 matched ablation and diagnostics,true,COPIED,byte-identical copy of committed frozen evidence,
raw/p4/predictions/a2/re2ob/checksums.json,artifacts/p4_g0/predictions/a2/re2ob/checksums.json,9342e06db91945be2e44703437229ba45b18bda8,28f7336bff6fce7da265b6eb08d1cb6da51f86a5,54956e03417c7e5237b0b37b2017d4ae2a607c95a1a9929f492fd7d860ab4bbd,54956e03417c7e5237b0b37b2017d4ae2a607c95a1a9929f492fd7d860ab4bbd,DEVELOPMENT,P4 matched ablation and diagnostics,true,COPIED,byte-identical copy of committed frozen evidence,
raw/p4/predictions/a2/re2ob/config.json,artifacts/p4_g0/predictions/a2/re2ob/config.json,9342e06db91945be2e44703437229ba45b18bda8,ae7362c5aa035251b463d21430b9d3b00ad03b26,f985324970cedef3e91e86aef1f116266a3ba56b234817d0484c72d443109fd8,f985324970cedef3e91e86aef1f116266a3ba56b234817d0484c72d443109fd8,DEVELOPMENT,P4 matched ablation and diagnostics,true,COPIED,byte-identical copy of committed frozen evidence,
raw/p4/predictions/a2/re2ob/environment.json,artifacts/p4_g0/predictions/a2/re2ob/environment.json,9342e06db91945be2e44703437229ba45b18bda8,96aa74ada9d3aa9fefaf7a33a9066af4f94425f7,04919449c1c78af912d5e50a13fdbf03e51f79ded221953fd91473a7e13c7295,04919449c1c78af912d5e50a13fdbf03e51f79ded221953fd91473a7e13c7295,DEVELOPMENT,P4 matched ablation and diagnostics,true,COPIED,byte-identical copy of committed frozen evidence,
raw/p4/predictions/a2/re2ob/fit_summary.json,artifacts/p4_g0/predictions/a2/re2ob/fit_summary.json,9342e06db91945be2e44703437229ba45b18bda8,0e82571cc4bfeebbd36c0066d31016fc5e4fecd9,2915826a03f44115c1466aae84d0802914fbc292bcb8ba53a780ad2ab980b477,2915826a03f44115c1466aae84d0802914fbc292bcb8ba53a780ad2ab980b477,DEVELOPMENT,P4 matched ablation and diagnostics,true,COPIED,byte-identical copy of committed frozen evidence,
raw/p4/predictions/a2/re2ob/manifest.json,artifacts/p4_g0/predictions/a2/re2ob/manifest.json,9342e06db91945be2e44703437229ba45b18bda8,bfbdebf31ff8705db77eec994f611f3ee508a89f,79940ddad10b9088ce2d92485c75a995bbb48abfe27b1052fc2b7cdcd8e9a480,79940ddad10b9088ce2d92485c75a995bbb48abfe27b1052fc2b7cdcd8e9a480,DEVELOPMENT,P4 matched ablation and diagnostics,true,COPIED,byte-identical copy of committed frozen evidence,
raw/p4/predictions/a2/re2ob/metrics.json,artifacts/p4_g0/predictions/a2/re2ob/metrics.json,9342e06db91945be2e44703437229ba45b18bda8,0283f6bd6145d2423624d7446d262ee38e944d40,080a4035753de2d9c8eeb15e9f4d18d43be34116ee9a3b7e0954ed797f5a43d1,080a4035753de2d9c8eeb15e9f4d18d43be34116ee9a3b7e0954ed797f5a43d1,DEVELOPMENT,P4 matched ablation and diagnostics,true,COPIED,byte-identical copy of committed frozen evidence,
raw/p4/predictions/a2/re2ob/model_input_manifest.json,artifacts/p4_g0/predictions/a2/re2ob/model_input_manifest.json,9342e06db91945be2e44703437229ba45b18bda8,f9f7e1d6fcf9b8ecc41e41204a64a4bdf9cf1d65,eb1036f1fda7cf89469e4a7e96ae4bd116b58b71074176d563b2da11e07878a4,eb1036f1fda7cf89469e4a7e96ae4bd116b58b71074176d563b2da11e07878a4,DEVELOPMENT,P4 matched ablation and diagnostics,true,COPIED,byte-identical copy of committed frozen evidence,
raw/p4/predictions/a2/re2ob/predictions.jsonl,artifacts/p4_g0/predictions/a2/re2ob/predictions.jsonl,9342e06db91945be2e44703437229ba45b18bda8,6e77ba9133cbd94d564ef07c9500ef4a76c26164,1d3bbc30869062c30569bd7b752cc2520d8e1337b8861bf11e55bbd69eaf5ff5,1d3bbc30869062c30569bd7b752cc2520d8e1337b8861bf11e55bbd69eaf5ff5,DEVELOPMENT,P4 matched ablation and diagnostics,true,COPIED,byte-identical copy of committed frozen evidence,
raw/p4/predictions/a2/re2ob/runtime.json,artifacts/p4_g0/predictions/a2/re2ob/runtime.json,9342e06db91945be2e44703437229ba45b18bda8,fc177de2da8002710292a8257ee360669ce6787e,ffd5918ce53a62783ad5eed7784208ac610497e49b94c0c6be86490d8331cd9e,ffd5918ce53a62783ad5eed7784208ac610497e49b94c0c6be86490d8331cd9e,DEVELOPMENT,P4 matched ablation and diagnostics,true,COPIED,byte-identical copy of committed frozen evidence,
raw/p4/predictions/a2/re2tt/checksums.json,artifacts/p4_g0/predictions/a2/re2tt/checksums.json,9342e06db91945be2e44703437229ba45b18bda8,93c5efc99b6992074e53a7717f0719c5b6d366f0,da5a958fa610ae63e46e452c4f4a91d8d7a8500e91d04486d6eb2f3c26e03c93,da5a958fa610ae63e46e452c4f4a91d8d7a8500e91d04486d6eb2f3c26e03c93,DEVELOPMENT,P4 matched ablation and diagnostics,true,COPIED,byte-identical copy of committed frozen evidence,
raw/p4/predictions/a2/re2tt/config.json,artifacts/p4_g0/predictions/a2/re2tt/config.json,9342e06db91945be2e44703437229ba45b18bda8,ae7362c5aa035251b463d21430b9d3b00ad03b26,f985324970cedef3e91e86aef1f116266a3ba56b234817d0484c72d443109fd8,f985324970cedef3e91e86aef1f116266a3ba56b234817d0484c72d443109fd8,DEVELOPMENT,P4 matched ablation and diagnostics,true,COPIED,byte-identical copy of committed frozen evidence,
raw/p4/predictions/a2/re2tt/environment.json,artifacts/p4_g0/predictions/a2/re2tt/environment.json,9342e06db91945be2e44703437229ba45b18bda8,96aa74ada9d3aa9fefaf7a33a9066af4f94425f7,04919449c1c78af912d5e50a13fdbf03e51f79ded221953fd91473a7e13c7295,04919449c1c78af912d5e50a13fdbf03e51f79ded221953fd91473a7e13c7295,DEVELOPMENT,P4 matched ablation and diagnostics,true,COPIED,byte-identical copy of committed frozen evidence,
raw/p4/predictions/a2/re2tt/fit_summary.json,artifacts/p4_g0/predictions/a2/re2tt/fit_summary.json,9342e06db91945be2e44703437229ba45b18bda8,cb2f06462220b577cde7216f017573f4a1e49194,9fde5c921816f8d2b035ff2d63f26865467e1ba2369af7d98ae2d0f4162392ab,9fde5c921816f8d2b035ff2d63f26865467e1ba2369af7d98ae2d0f4162392ab,DEVELOPMENT,P4 matched ablation and diagnostics,true,COPIED,byte-identical copy of committed frozen evidence,
raw/p4/predictions/a2/re2tt/manifest.json,artifacts/p4_g0/predictions/a2/re2tt/manifest.json,9342e06db91945be2e44703437229ba45b18bda8,d8d72b707860aa215639511aaf8592407f665c7b,2a7f656b9025f155fdf52cb03de1876b9527a9a6266c2503c0469a1bc5bd5472,2a7f656b9025f155fdf52cb03de1876b9527a9a6266c2503c0469a1bc5bd5472,DEVELOPMENT,P4 matched ablation and diagnostics,true,COPIED,byte-identical copy of committed frozen evidence,
raw/p4/predictions/a2/re2tt/metrics.json,artifacts/p4_g0/predictions/a2/re2tt/metrics.json,9342e06db91945be2e44703437229ba45b18bda8,4e4ac01621dc4d635a3ce3a11020cbc59385bf68,7dfcafc271420df860877e11c87778fba32a75793a3006a5ab48d3fad4f5ef5c,7dfcafc271420df860877e11c87778fba32a75793a3006a5ab48d3fad4f5ef5c,DEVELOPMENT,P4 matched ablation and diagnostics,true,COPIED,byte-identical copy of committed frozen evidence,
raw/p4/predictions/a2/re2tt/model_input_manifest.json,artifacts/p4_g0/predictions/a2/re2tt/model_input_manifest.json,9342e06db91945be2e44703437229ba45b18bda8,b932c6041368dbdf7fd9e5224b778916ac676301,ea5733969492d37dca8d973c161a35886f733a89ed5762ea5aaf89b31acc5e61,ea5733969492d37dca8d973c161a35886f733a89ed5762ea5aaf89b31acc5e61,DEVELOPMENT,P4 matched ablation and diagnostics,true,COPIED,byte-identical copy of committed frozen evidence,
raw/p4/predictions/a2/re2tt/predictions.jsonl,artifacts/p4_g0/predictions/a2/re2tt/predictions.jsonl,9342e06db91945be2e44703437229ba45b18bda8,bc1833b5235899be63eab71165f0f1594ab4432d,e937897d182735651959ad9449a7d6837ac71b029bec0fe90e143395009dd57d,e937897d182735651959ad9449a7d6837ac71b029bec0fe90e143395009dd57d,DEVELOPMENT,P4 matched ablation and diagnostics,true,COPIED,byte-identical copy of committed frozen evidence,
raw/p4/predictions/a2/re2tt/runtime.json,artifacts/p4_g0/predictions/a2/re2tt/runtime.json,9342e06db91945be2e44703437229ba45b18bda8,98467d83870b59e6121e3808a8240114f04bbfaf,41dda522a823247988945f8066b6d701e7a6292b2f0c4d71fdc90b5f2bb8d3f7,41dda522a823247988945f8066b6d701e7a6292b2f0c4d71fdc90b5f2bb8d3f7,DEVELOPMENT,P4 matched ablation and diagnostics,true,COPIED,byte-identical copy of committed frozen evidence,
raw/p4/predictions/a3/re2ob/checksums.json,artifacts/p4_g0/predictions/a3/re2ob/checksums.json,9342e06db91945be2e44703437229ba45b18bda8,dffe42530d38b538429e51ed60922620cd7d8eaa,7aeef8ee48bf06b6460f0855554b7ba667fc85261e5f129e883fb92e23bc4290,7aeef8ee48bf06b6460f0855554b7ba667fc85261e5f129e883fb92e23bc4290,DEVELOPMENT,P4 matched ablation and diagnostics,true,COPIED,byte-identical copy of committed frozen evidence,
raw/p4/predictions/a3/re2ob/config.json,artifacts/p4_g0/predictions/a3/re2ob/config.json,9342e06db91945be2e44703437229ba45b18bda8,f2a041e6d973611c7176d344b98866b60f88235f,ac1ea23043f9e9389dfbb1708052e0c070c2ae9643f3b478fed95db64276d7e2,ac1ea23043f9e9389dfbb1708052e0c070c2ae9643f3b478fed95db64276d7e2,DEVELOPMENT,P4 matched ablation and diagnostics,true,COPIED,byte-identical copy of committed frozen evidence,
raw/p4/predictions/a3/re2ob/environment.json,artifacts/p4_g0/predictions/a3/re2ob/environment.json,9342e06db91945be2e44703437229ba45b18bda8,96aa74ada9d3aa9fefaf7a33a9066af4f94425f7,04919449c1c78af912d5e50a13fdbf03e51f79ded221953fd91473a7e13c7295,04919449c1c78af912d5e50a13fdbf03e51f79ded221953fd91473a7e13c7295,DEVELOPMENT,P4 matched ablation and diagnostics,true,COPIED,byte-identical copy of committed frozen evidence,
raw/p4/predictions/a3/re2ob/fit_summary.json,artifacts/p4_g0/predictions/a3/re2ob/fit_summary.json,9342e06db91945be2e44703437229ba45b18bda8,3fcbd9645881ece65097850446171a1b43769ead,5838ca0e06cec2fc53bb2ddb722ebec7f77a05c52481ea879c054937c80709a7,5838ca0e06cec2fc53bb2ddb722ebec7f77a05c52481ea879c054937c80709a7,DEVELOPMENT,P4 matched ablation and diagnostics,true,COPIED,byte-identical copy of committed frozen evidence,
raw/p4/predictions/a3/re2ob/manifest.json,artifacts/p4_g0/predictions/a3/re2ob/manifest.json,9342e06db91945be2e44703437229ba45b18bda8,e2f6f581b5db830e62340157ff60a1c1b572710d,c838c491962e058ccba39072aadad3d6408f127417279c31efd0f0568e4255d1,c838c491962e058ccba39072aadad3d6408f127417279c31efd0f0568e4255d1,DEVELOPMENT,P4 matched ablation and diagnostics,true,COPIED,byte-identical copy of committed frozen evidence,
raw/p4/predictions/a3/re2ob/metrics.json,artifacts/p4_g0/predictions/a3/re2ob/metrics.json,9342e06db91945be2e44703437229ba45b18bda8,14b4c27f09c00dcbd1c0804e1812044795cee94b,fdb551cf0ebbbc260b363bbf6c6180d2f489329883dd28eb180c5297d2262c99,fdb551cf0ebbbc260b363bbf6c6180d2f489329883dd28eb180c5297d2262c99,DEVELOPMENT,P4 matched ablation and diagnostics,true,COPIED,byte-identical copy of committed frozen evidence,
raw/p4/predictions/a3/re2ob/model_input_manifest.json,artifacts/p4_g0/predictions/a3/re2ob/model_input_manifest.json,9342e06db91945be2e44703437229ba45b18bda8,d3531a91e44b97e272f1f67eda7c0e8a0a2cd9b3,9cf962913aa7b140bce0d6d745170746943cac7545e530cc9b9cb8788d757af7,9cf962913aa7b140bce0d6d745170746943cac7545e530cc9b9cb8788d757af7,DEVELOPMENT,P4 matched ablation and diagnostics,true,COPIED,byte-identical copy of committed frozen evidence,
raw/p4/predictions/a3/re2ob/predictions.jsonl,artifacts/p4_g0/predictions/a3/re2ob/predictions.jsonl,9342e06db91945be2e44703437229ba45b18bda8,7b52180baf9a11e981349a47a700aa9fb3344c23,90b6f34a6ae2133088bac201a5c64cb36f22fb355aa5294f8576e33b1804f2eb,90b6f34a6ae2133088bac201a5c64cb36f22fb355aa5294f8576e33b1804f2eb,DEVELOPMENT,P4 matched ablation and diagnostics,true,COPIED,byte-identical copy of committed frozen evidence,
raw/p4/predictions/a3/re2ob/runtime.json,artifacts/p4_g0/predictions/a3/re2ob/runtime.json,9342e06db91945be2e44703437229ba45b18bda8,6717d47db8acd6f3a9a9e5cc44b370a2736298e5,9149dc5c585d79f63905368a9857efa40d4f10c5fde3ed7a82dda7792ba8294e,9149dc5c585d79f63905368a9857efa40d4f10c5fde3ed7a82dda7792ba8294e,DEVELOPMENT,P4 matched ablation and diagnostics,true,COPIED,byte-identical copy of committed frozen evidence,
raw/p4/predictions/a3/re2tt/checksums.json,artifacts/p4_g0/predictions/a3/re2tt/checksums.json,9342e06db91945be2e44703437229ba45b18bda8,ff214bdbfaba627d39226d5512e50a06f04fa69e,d174192d3dad67340d9deadc8a51d78b4e99c702b7f242964a3caa5c17ece834,d174192d3dad67340d9deadc8a51d78b4e99c702b7f242964a3caa5c17ece834,DEVELOPMENT,P4 matched ablation and diagnostics,true,COPIED,byte-identical copy of committed frozen evidence,
raw/p4/predictions/a3/re2tt/config.json,artifacts/p4_g0/predictions/a3/re2tt/config.json,9342e06db91945be2e44703437229ba45b18bda8,f2a041e6d973611c7176d344b98866b60f88235f,ac1ea23043f9e9389dfbb1708052e0c070c2ae9643f3b478fed95db64276d7e2,ac1ea23043f9e9389dfbb1708052e0c070c2ae9643f3b478fed95db64276d7e2,DEVELOPMENT,P4 matched ablation and diagnostics,true,COPIED,byte-identical copy of committed frozen evidence,
raw/p4/predictions/a3/re2tt/environment.json,artifacts/p4_g0/predictions/a3/re2tt/environment.json,9342e06db91945be2e44703437229ba45b18bda8,96aa74ada9d3aa9fefaf7a33a9066af4f94425f7,04919449c1c78af912d5e50a13fdbf03e51f79ded221953fd91473a7e13c7295,04919449c1c78af912d5e50a13fdbf03e51f79ded221953fd91473a7e13c7295,DEVELOPMENT,P4 matched ablation and diagnostics,true,COPIED,byte-identical copy of committed frozen evidence,
raw/p4/predictions/a3/re2tt/fit_summary.json,artifacts/p4_g0/predictions/a3/re2tt/fit_summary.json,9342e06db91945be2e44703437229ba45b18bda8,4222617a2e03545a3940be47f66af23fac55686d,e1f09bfb767515e42d8a6cf5b7f1ba05c6de4b83225918975d85dc4d075b92f6,e1f09bfb767515e42d8a6cf5b7f1ba05c6de4b83225918975d85dc4d075b92f6,DEVELOPMENT,P4 matched ablation and diagnostics,true,COPIED,byte-identical copy of committed frozen evidence,
raw/p4/predictions/a3/re2tt/manifest.json,artifacts/p4_g0/predictions/a3/re2tt/manifest.json,9342e06db91945be2e44703437229ba45b18bda8,27c8ee811e8b4daee44c9746aef5d4a6a77726bd,740ef3da72087bc25284df906b048a5de004caee00ff2e8474eba84f574c8629,740ef3da72087bc25284df906b048a5de004caee00ff2e8474eba84f574c8629,DEVELOPMENT,P4 matched ablation and diagnostics,true,COPIED,byte-identical copy of committed frozen evidence,
raw/p4/predictions/a3/re2tt/metrics.json,artifacts/p4_g0/predictions/a3/re2tt/metrics.json,9342e06db91945be2e44703437229ba45b18bda8,d78363a7a9ca9f1bb8b4ef25c84a3f30181ee98d,579cd208e51406e29492fea75ff629d7b7f7caee8cca741327aac7204c5b7f54,579cd208e51406e29492fea75ff629d7b7f7caee8cca741327aac7204c5b7f54,DEVELOPMENT,P4 matched ablation and diagnostics,true,COPIED,byte-identical copy of committed frozen evidence,
raw/p4/predictions/a3/re2tt/model_input_manifest.json,artifacts/p4_g0/predictions/a3/re2tt/model_input_manifest.json,9342e06db91945be2e44703437229ba45b18bda8,0c534faa778e1e7b2ae40901b68a8ebf8364c37f,38c6f5acbb9a048ad001bce1358c71a6c70fcc73425af04e75f8b863fc1ff564,38c6f5acbb9a048ad001bce1358c71a6c70fcc73425af04e75f8b863fc1ff564,DEVELOPMENT,P4 matched ablation and diagnostics,true,COPIED,byte-identical copy of committed frozen evidence,
raw/p4/predictions/a3/re2tt/predictions.jsonl,artifacts/p4_g0/predictions/a3/re2tt/predictions.jsonl,9342e06db91945be2e44703437229ba45b18bda8,0e40913a4884a9824463214dfbb2b29df597074c,6821f47918359ec4d4ed300c535b50d8170767adbcb960ca64644f87e10a6736,6821f47918359ec4d4ed300c535b50d8170767adbcb960ca64644f87e10a6736,DEVELOPMENT,P4 matched ablation and diagnostics,true,COPIED,byte-identical copy of committed frozen evidence,
raw/p4/predictions/a3/re2tt/runtime.json,artifacts/p4_g0/predictions/a3/re2tt/runtime.json,9342e06db91945be2e44703437229ba45b18bda8,19b3aafe9fa78b802f6891251fb9f63384b9fa0e,f1bfc2d6dc857b24796751a0ac3643a935b73dea9ae9d80bad50a848124599cb,f1bfc2d6dc857b24796751a0ac3643a935b73dea9ae9d80bad50a848124599cb,DEVELOPMENT,P4 matched ablation and diagnostics,true,COPIED,byte-identical copy of committed frozen evidence,
raw/p4/runtime/diagnostics.json,artifacts/p4_g0/runtime/diagnostics.json,9342e06db91945be2e44703437229ba45b18bda8,fcb0ecd0473d7ea626c703fc22703329a57e7345,85ecef02dab0e6a11bed3e331f9e7bd88f5693d7a4378cf2f1fbcb9662aaea88,85ecef02dab0e6a11bed3e331f9e7bd88f5693d7a4378cf2f1fbcb9662aaea88,DEVELOPMENT,P4 matched ablation and diagnostics,true,COPIED,byte-identical copy of committed frozen evidence,
raw/source/re2ob/inputs.jsonl,artifacts/source/re2ob/inputs.jsonl,9342e06db91945be2e44703437229ba45b18bda8,ad2e6fb9928ef942615f028cd915869b3f122f31,151cdf4cf89d89b5036cbf7b309c95e04fbf4a77a0012bd54cf7784778206dbb,151cdf4cf89d89b5036cbf7b309c95e04fbf4a77a0012bd54cf7784778206dbb,CANONICAL,"self-contained case, label, and candidate semantics",true,COPIED,byte-identical copy of committed frozen evidence,"sources.jsonl and raw telemetry are indexed, not copied."
raw/source/re2ob/labels.jsonl,artifacts/source/re2ob/labels.jsonl,9342e06db91945be2e44703437229ba45b18bda8,13456fbdb3e064a0521b8243ccd34f695a753f26,f3dd164e03d9207af4d4e432a1848c2100ec7a65c125b420c80642a56be3dba7,f3dd164e03d9207af4d4e432a1848c2100ec7a65c125b420c80642a56be3dba7,CANONICAL,"self-contained case, label, and candidate semantics",true,COPIED,byte-identical copy of committed frozen evidence,"sources.jsonl and raw telemetry are indexed, not copied."
raw/source/re2ob/manifest.json,artifacts/source/re2ob/manifest.json,9342e06db91945be2e44703437229ba45b18bda8,cb92122fc18eaa34a0067f6a9d4830f6dbeec1f7,c0f830b4b89256fe1fe8b69d425173731769268a6e5869a3ade53bcdc0d8bbfc,c0f830b4b89256fe1fe8b69d425173731769268a6e5869a3ade53bcdc0d8bbfc,CANONICAL,"self-contained case, label, and candidate semantics",true,COPIED,byte-identical copy of committed frozen evidence,"sources.jsonl and raw telemetry are indexed, not copied."
raw/source/re2ob/service_registry.json,artifacts/source/re2ob/service_registry.json,9342e06db91945be2e44703437229ba45b18bda8,6666ce39ee6451fe639f56254ad44bf0175bc1e9,9eae7e79662ade83e0f6034073ab5c424bbf93be5765bd4bc5ea51d90c0efd19,9eae7e79662ade83e0f6034073ab5c424bbf93be5765bd4bc5ea51d90c0efd19,CANONICAL,"self-contained case, label, and candidate semantics",true,COPIED,byte-identical copy of committed frozen evidence,"sources.jsonl and raw telemetry are indexed, not copied."
raw/source/re2tt/inputs.jsonl,artifacts/source/re2tt/inputs.jsonl,9342e06db91945be2e44703437229ba45b18bda8,1a4babbc914a14692d78d495f04cb947f584fa3a,1ca5e91387641c891e75a6e26bc3979f2398dae93e46147e97864cd503c7655d,1ca5e91387641c891e75a6e26bc3979f2398dae93e46147e97864cd503c7655d,CANONICAL,"self-contained case, label, and candidate semantics",true,COPIED,byte-identical copy of committed frozen evidence,"sources.jsonl and raw telemetry are indexed, not copied."
raw/source/re2tt/labels.jsonl,artifacts/source/re2tt/labels.jsonl,9342e06db91945be2e44703437229ba45b18bda8,bbc2b3e906eab2555de3f45ecb64e018092466cb,950885c2d89872f670d8cb06121a0d8d4c3e9fbd6be5e97a29af89a6013481ca,950885c2d89872f670d8cb06121a0d8d4c3e9fbd6be5e97a29af89a6013481ca,CANONICAL,"self-contained case, label, and candidate semantics",true,COPIED,byte-identical copy of committed frozen evidence,"sources.jsonl and raw telemetry are indexed, not copied."
raw/source/re2tt/manifest.json,artifacts/source/re2tt/manifest.json,9342e06db91945be2e44703437229ba45b18bda8,cf42a9f80945fd5da04b5a85a56de14f470067d4,710901cb6a86fcf7537929f594af723be3d4d600364efde1ad397c707646b9d8,710901cb6a86fcf7537929f594af723be3d4d600364efde1ad397c707646b9d8,CANONICAL,"self-contained case, label, and candidate semantics",true,COPIED,byte-identical copy of committed frozen evidence,"sources.jsonl and raw telemetry are indexed, not copied."
raw/source/re2tt/service_registry.json,artifacts/source/re2tt/service_registry.json,9342e06db91945be2e44703437229ba45b18bda8,cc22c894c15c33b28992d88f3f7c0750979460d8,67ad834a58be40802d9a8071ae849b7812ee390b87b08b5d82567596a39d236a,67ad834a58be40802d9a8071ae849b7812ee390b87b08b5d82567596a39d236a,CANONICAL,"self-contained case, label, and candidate semantics",true,COPIED,byte-identical copy of committed frozen evidence,"sources.jsonl and raw telemetry are indexed, not copied."
raw/splits/re2ob/assignments.json,artifacts/splits/re2ob/assignments.json,9342e06db91945be2e44703437229ba45b18bda8,2ce15415da59005219eb4c522443ee38895e485b,ca576819554ebe3d1cddd8f261bb661e7111896ff7b7dd6258e9f5daafad5195,ca576819554ebe3d1cddd8f261bb661e7111896ff7b7dd6258e9f5daafad5195,CANONICAL,frozen fold reconstruction evidence,true,COPIED,byte-identical copy of committed frozen evidence,
raw/splits/re2ob/folds.json,artifacts/splits/re2ob/folds.json,9342e06db91945be2e44703437229ba45b18bda8,5bfdc6e1c0ecf91244a61786171c6d2874070ec3,6bd2d53a5d6e6a15986fc94d6c2aaf70dd6a34567f3de990b29cd7b35a71412c,6bd2d53a5d6e6a15986fc94d6c2aaf70dd6a34567f3de990b29cd7b35a71412c,CANONICAL,frozen fold reconstruction evidence,true,COPIED,byte-identical copy of committed frozen evidence,
raw/splits/re2ob/split_manifest.json,artifacts/splits/re2ob/split_manifest.json,9342e06db91945be2e44703437229ba45b18bda8,ff9df40a51ecf300f251427bc110d26b72a0637b,a672d12be89e91efd7fe69cdf81713b3d18482bba6b46620b0bfd0b4ff7bfd62,a672d12be89e91efd7fe69cdf81713b3d18482bba6b46620b0bfd0b4ff7bfd62,CANONICAL,frozen fold reconstruction evidence,true,COPIED,byte-identical copy of committed frozen evidence,
raw/splits/re2ob_3fold.json,artifacts/splits/re2ob_3fold.json,9342e06db91945be2e44703437229ba45b18bda8,4245faed3463cf228f910fc5e0bfe2bee5268ec9,45217554ffa5c1f270937b67bc1c5ede6b238e8b5067cd1771712146892d7558,45217554ffa5c1f270937b67bc1c5ede6b238e8b5067cd1771712146892d7558,CANONICAL,frozen fold reconstruction evidence,true,COPIED,byte-identical copy of committed frozen evidence,
raw/splits/re2tt/assignments.json,artifacts/splits/re2tt/assignments.json,9342e06db91945be2e44703437229ba45b18bda8,9f55c3e93d4bf17bcea561143d08f8e3d857e89f,88b4615ed3c950569ed7e4c4e9c66a302e8f88adf1715a8457540e00390b68e7,88b4615ed3c950569ed7e4c4e9c66a302e8f88adf1715a8457540e00390b68e7,CANONICAL,frozen fold reconstruction evidence,true,COPIED,byte-identical copy of committed frozen evidence,
raw/splits/re2tt/folds.json,artifacts/splits/re2tt/folds.json,9342e06db91945be2e44703437229ba45b18bda8,0660cee6263b8e392ec65842766497f2f49a1c2a,778da57478abb9f5e2d3b9bad333015fb530f2dc4554bf375a8942c64417ed37,778da57478abb9f5e2d3b9bad333015fb530f2dc4554bf375a8942c64417ed37,CANONICAL,frozen fold reconstruction evidence,true,COPIED,byte-identical copy of committed frozen evidence,
raw/splits/re2tt/split_manifest.json,artifacts/splits/re2tt/split_manifest.json,9342e06db91945be2e44703437229ba45b18bda8,017af4ec893ad94af5478314476a6331c3b463e8,3c3947d6377433507ca1ea6b69d88f6d8f359b42937bbcff1a7ac98422f05d7e,3c3947d6377433507ca1ea6b69d88f6d8f359b42937bbcff1a7ac98422f05d7e,CANONICAL,frozen fold reconstruction evidence,true,COPIED,byte-identical copy of committed frozen evidence,
raw/splits/re2tt_3fold.json,artifacts/splits/re2tt_3fold.json,9342e06db91945be2e44703437229ba45b18bda8,720e232a229084b71d7c8d3ee5cedb2def56e9a4,2cfb46e9b88bed79b852832fdec8a55f8aca536899ecb268ead23afd392fc710,2cfb46e9b88bed79b852832fdec8a55f8aca536899ecb268ead23afd392fc710,CANONICAL,frozen fold reconstruction evidence,true,COPIED,byte-identical copy of committed frozen evidence,
raw/splits/split_summary.json,artifacts/splits/split_summary.json,9342e06db91945be2e44703437229ba45b18bda8,192d0ce56c9ed4f6648b9ebcb9b1c9b91416ac03,384d013fd78f5d83cc33bdfbc6a14bfb0cea72447fc6b8d120f51e0af32e4fe4,384d013fd78f5d83cc33bdfbc6a14bfb0cea72447fc6b8d120f51e0af32e4fe4,CANONICAL,frozen fold reconstruction evidence,true,COPIED,byte-identical copy of committed frozen evidence,
refs/document_index.csv,docs/EVIDENCE_ERRATA.md;docs/EVIDENCE_LEVEL_SEMANTIC_CORRECTION.md;docs/RCA_EVIDENCE_INDEX.md,9342e06db91945be2e44703437229ba45b18bda8,3ad78a4f0407b51a959105413a49e6f8f561cac7;fc9e145c531fc674c05d412b1ee80c2740f3af50;5ba06319ee858c38271644c7cbfe3f48d1730ab8,96f456acbc9cb5909f5310a8904b9f8702e525d91a34ad7509bfbe11095dc599;5869e313966d1555eb73838120eaf7d713a6809b6df22cd41bc278b8d796631e;76a8df55036bc741c64bdeda6651d6f8801f3805eea470bf82a6f33f043f5f43,55251fe29260705fb2f8171a16d65d8c00a03f71b5a2b174811b7365f914fb47,SUPPORTING,complete document inventory,true,DERIVED,Scanned and explicitly classified every Markdown document under docs/.,
refs/excluded_scope.csv,docs/RCA_EVIDENCE_INDEX.md;docs/RCA_THESIS_CLAIM_MATRIX.md,9342e06db91945be2e44703437229ba45b18bda8,5ba06319ee858c38271644c7cbfe3f48d1730ab8;927d66130b2ab2fdd991a03979b43fe57ca6308f,76a8df55036bc741c64bdeda6651d6f8801f3805eea470bf82a6f33f043f5f43;01ff974721b68ab370445856b87c0ba1d38c68a9c1a2882d01ea865f54df275e,caf65f09c37da3df21f68812348b771fa99dd5a4169bf2ef8cf7a2786947f5c3,OUT_OF_SCOPE,excluded-scope record,false,DERIVED,Recorded baseline/external-comparison and other deliberately excluded scope without copying it.,
refs/source_artifact_index.csv,docs/EVIDENCE_ERRATA.md;docs/RCA_EVIDENCE_INDEX.md,9342e06db91945be2e44703437229ba45b18bda8,3ad78a4f0407b51a959105413a49e6f8f561cac7;5ba06319ee858c38271644c7cbfe3f48d1730ab8,96f456acbc9cb5909f5310a8904b9f8702e525d91a34ad7509bfbe11095dc599;76a8df55036bc741c64bdeda6651d6f8801f3805eea470bf82a6f33f043f5f43,2f57a2e11c91c97f3c20360198f82d2963ced0139ef9375f19749b38eb647fb4,SUPPORTING,complete source-artifact index,true,DERIVED,Indexed every non-baseline artifact under artifacts without duplicating large arrays or legacy superseded evidence.,
refs/source_code_index.csv,docs/RCA_EVIDENCE_INDEX.md;docs/RCA_FINAL_SCIENTIFIC_FREEZE_V1.md,9342e06db91945be2e44703437229ba45b18bda8,5ba06319ee858c38271644c7cbfe3f48d1730ab8;ccd78dbb27f276e424c9671df63f4fd594edb585,76a8df55036bc741c64bdeda6651d6f8801f3805eea470bf82a6f33f043f5f43;d0a3782d1835d986a59bf8f23e120c8dc14944ad8bf10f3698917d50ae4468d0,d8f875dc2e6999ccd562d09b0be0a0029c272a049e9b694f416a1216e3711cf0,SUPPORTING,source-code provenance index,true,DERIVED,Indexed the frozen implementation and all repository scripts used by the evidence producers.,
refs/superseded_artifacts.csv,docs/BOOTSTRAP_FORENSIC_AUDIT.md;docs/EVIDENCE_ERRATA.md;docs/TELEMETRY_INFORMATION_LOSS_AUDIT_V1_1.md,9342e06db91945be2e44703437229ba45b18bda8,fa13039401471c70cbebbf992310d6358eb6d305;3ad78a4f0407b51a959105413a49e6f8f561cac7;3463fdb5c4464cbc672d1ef9bec8b82d0861040b,a1f722b12a45a46600e8e752643469df80067596d6a658a87bdddaa5711c3322;96f456acbc9cb5909f5310a8904b9f8702e525d91a34ad7509bfbe11095dc599;87cf8f58f2213693b0c569bb67b125b858fcde5a648357e5a723ee63d2e28c47,066eda579797dc0ea1d61a970cc3e7fc3f220fe0a9d4ed058d60083577ed16e8,HISTORICAL_SUPERSEDED,superseded-artifact routing,true,DERIVED,Explicitly routed legacy bootstrap and telemetry artifacts to canonical replacements.,
scripts/export_thesis_assets.py,thesis_assets/ada_rca_v1/scripts/export_thesis_assets.py,ca5e092e021359fe10c3db543d507e8b6f49fbb9,21920cf5cafd5608806b6230d612b300a5ddb6f3,98064f0acfc4495feb26559478bb5fb4eea997a755e5364487fdeeb6292a46cf,98064f0acfc4495feb26559478bb5fb4eea997a755e5364487fdeeb6292a46cf,SUPPORTING,export/validation reproducibility,true,COPIED,committed package exporter/validator/test source,The package test is a lightweight validator smoke test.
scripts/validate_thesis_assets.py,thesis_assets/ada_rca_v1/scripts/validate_thesis_assets.py,48dd6f44de2d4740dc9d19e8e5a464577010c773,cfe282b287383bcec325bf995851aafdfc7d5d83,428fe6f704d06609982fef70eab7f7b31e7e5b12f37b2563bad3ce4b060c6082,428fe6f704d06609982fef70eab7f7b31e7e5b12f37b2563bad3ce4b060c6082,SUPPORTING,export/validation reproducibility,true,COPIED,committed package exporter/validator/test source,The package test is a lightweight validator smoke test.
tables/TABLE_CATALOG.md,docs/RCA_FINAL_SCIENTIFIC_FREEZE_V1.md;docs/RCA_THESIS_CLAIM_MATRIX.md;docs/RCA_THESIS_RESULTS_PACKAGE.md,9342e06db91945be2e44703437229ba45b18bda8,ccd78dbb27f276e424c9671df63f4fd594edb585;927d66130b2ab2fdd991a03979b43fe57ca6308f;cc3f68f5042e43f87e3ede86b504ecb8d05ff7e7,d0a3782d1835d986a59bf8f23e120c8dc14944ad8bf10f3698917d50ae4468d0;01ff974721b68ab370445856b87c0ba1d38c68a9c1a2882d01ea865f54df275e;73c7d2345353d8bfb35e751da5926688dc28f4f61cc4777b063d396433bb230c,c981e2cbebac279976199358de5f060bd5fd69cc098bd9df7e3fa63eff423232,SUPPORTING,thesis table catalog,true,DERIVED,"Deterministic catalog of the generated main-text, appendix, discussion, and limitation tables.",
tables/appendix/anchor_feasibility.csv,docs/RCA_THESIS_RESULTS_PACKAGE.md,9342e06db91945be2e44703437229ba45b18bda8,cc3f68f5042e43f87e3ede86b504ecb8d05ff7e7,73c7d2345353d8bfb35e751da5926688dc28f4f61cc4777b063d396433bb230c,63bd94af158c346970427238235b6dc69c984a6ce1044554fc9b55d2b5a4a4f1,DIAGNOSTIC,appendix evidence table,true,DERIVED,Copied the deterministic data view into an appendix table.,Diagnostic tables are not confirmatory evidence.
tables/appendix/anchor_feasibility.md,docs/RCA_THESIS_RESULTS_PACKAGE.md,9342e06db91945be2e44703437229ba45b18bda8,cc3f68f5042e43f87e3ede86b504ecb8d05ff7e7,73c7d2345353d8bfb35e751da5926688dc28f4f61cc4777b063d396433bb230c,1f5eacc12b5cdfc03c189765c42e9ff3d66066815ce9b7dbf2d69c8fa08a9538,DIAGNOSTIC,appendix evidence table,true,DERIVED,Rendered deterministic Markdown from the appendix CSV.,Diagnostic tables are not confirmatory evidence.
tables/appendix/fold_level_performance.csv,docs/RCA_THESIS_RESULTS_PACKAGE.md,9342e06db91945be2e44703437229ba45b18bda8,cc3f68f5042e43f87e3ede86b504ecb8d05ff7e7,73c7d2345353d8bfb35e751da5926688dc28f4f61cc4777b063d396433bb230c,9f84922ff16b30177fc4e526565c550905baa3f66b40c871ee854096797ca73d,CANONICAL,appendix evidence table,true,DERIVED,Copied the deterministic data view into an appendix table.,
tables/appendix/fold_level_performance.md,docs/RCA_THESIS_RESULTS_PACKAGE.md,9342e06db91945be2e44703437229ba45b18bda8,cc3f68f5042e43f87e3ede86b504ecb8d05ff7e7,73c7d2345353d8bfb35e751da5926688dc28f4f61cc4777b063d396433bb230c,7ee4caf7296d325d716245e55be04d59f18b7cfe1fa542a7a075c36b6d1cb1ca,CANONICAL,appendix evidence table,true,DERIVED,Rendered deterministic Markdown from the appendix CSV.,
tables/appendix/model_fit_integrity.csv,docs/RCA_THESIS_RESULTS_PACKAGE.md,9342e06db91945be2e44703437229ba45b18bda8,cc3f68f5042e43f87e3ede86b504ecb8d05ff7e7,73c7d2345353d8bfb35e751da5926688dc28f4f61cc4777b063d396433bb230c,6c2985899d91c6aa522f8512cda7f349fbdbf29d5b2a3cc5bc4d53842e9edd41,CANONICAL,appendix evidence table,true,DERIVED,Copied the deterministic data view into an appendix table.,
tables/appendix/model_fit_integrity.md,docs/RCA_THESIS_RESULTS_PACKAGE.md,9342e06db91945be2e44703437229ba45b18bda8,cc3f68f5042e43f87e3ede86b504ecb8d05ff7e7,73c7d2345353d8bfb35e751da5926688dc28f4f61cc4777b063d396433bb230c,b8bf8707a05afd764d0d82756a57ab86ffd592f741b5a50db44eb8352795f85d,CANONICAL,appendix evidence table,true,DERIVED,Rendered deterministic Markdown from the appendix CSV.,
tables/appendix/postmortem_diagnostics.csv,docs/RCA_THESIS_RESULTS_PACKAGE.md,9342e06db91945be2e44703437229ba45b18bda8,cc3f68f5042e43f87e3ede86b504ecb8d05ff7e7,73c7d2345353d8bfb35e751da5926688dc28f4f61cc4777b063d396433bb230c,ee2ce82fb6eadfe2d41b3cf45fdac871ca3145373839a284565cba4d13bca038,DIAGNOSTIC,appendix evidence table,true,DERIVED,Copied the deterministic data view into an appendix table.,Diagnostic tables are not confirmatory evidence.
tables/appendix/postmortem_diagnostics.md,docs/RCA_THESIS_RESULTS_PACKAGE.md,9342e06db91945be2e44703437229ba45b18bda8,cc3f68f5042e43f87e3ede86b504ecb8d05ff7e7,73c7d2345353d8bfb35e751da5926688dc28f4f61cc4777b063d396433bb230c,c2f88987459c3aa88b8d8137a9004018b3b8c5312253327b4eecd08c2bff75aa,DIAGNOSTIC,appendix evidence table,true,DERIVED,Rendered deterministic Markdown from the appendix CSV.,Diagnostic tables are not confirmatory evidence.
tables/appendix/rank_distribution.csv,docs/RCA_THESIS_RESULTS_PACKAGE.md,9342e06db91945be2e44703437229ba45b18bda8,cc3f68f5042e43f87e3ede86b504ecb8d05ff7e7,73c7d2345353d8bfb35e751da5926688dc28f4f61cc4777b063d396433bb230c,768d8273ca0711a98856756361f1e2e66167155c5ca3c1b2803509a29385d4a6,DESCRIPTIVE,appendix evidence table,true,DERIVED,Copied the deterministic data view into an appendix table.,
tables/appendix/rank_distribution.md,docs/RCA_THESIS_RESULTS_PACKAGE.md,9342e06db91945be2e44703437229ba45b18bda8,cc3f68f5042e43f87e3ede86b504ecb8d05ff7e7,73c7d2345353d8bfb35e751da5926688dc28f4f61cc4777b063d396433bb230c,5164d7bc29934e5249ad174e94454dfcae2eeaba226246d19692ea21d7be81a0,DESCRIPTIVE,appendix evidence table,true,DERIVED,Rendered deterministic Markdown from the appendix CSV.,
tables/appendix/root_level_performance.csv,docs/RCA_THESIS_RESULTS_PACKAGE.md,9342e06db91945be2e44703437229ba45b18bda8,cc3f68f5042e43f87e3ede86b504ecb8d05ff7e7,73c7d2345353d8bfb35e751da5926688dc28f4f61cc4777b063d396433bb230c,de1fe37676d41078938c93d9c18bb6d5c8998252ebb2416b7025bf5858251092,CANONICAL,appendix evidence table,true,DERIVED,Copied the deterministic data view into an appendix table.,
tables/appendix/root_level_performance.md,docs/RCA_THESIS_RESULTS_PACKAGE.md,9342e06db91945be2e44703437229ba45b18bda8,cc3f68f5042e43f87e3ede86b504ecb8d05ff7e7,73c7d2345353d8bfb35e751da5926688dc28f4f61cc4777b063d396433bb230c,f9f1a02c13940ed9a1702d06500917d940a9e46e97859129ad161294738cdaf3,CANONICAL,appendix evidence table,true,DERIVED,Rendered deterministic Markdown from the appendix CSV.,
tables/appendix/service_identity_diagnostic.csv,docs/RCA_THESIS_RESULTS_PACKAGE.md,9342e06db91945be2e44703437229ba45b18bda8,cc3f68f5042e43f87e3ede86b504ecb8d05ff7e7,73c7d2345353d8bfb35e751da5926688dc28f4f61cc4777b063d396433bb230c,01d18675783044fe48a5ea600bb7dc0ac13525caf5670245ec4d4556704a8da3,DIAGNOSTIC,appendix evidence table,true,DERIVED,Copied the deterministic data view into an appendix table.,Diagnostic tables are not confirmatory evidence.
tables/appendix/service_identity_diagnostic.md,docs/RCA_THESIS_RESULTS_PACKAGE.md,9342e06db91945be2e44703437229ba45b18bda8,cc3f68f5042e43f87e3ede86b504ecb8d05ff7e7,73c7d2345353d8bfb35e751da5926688dc28f4f61cc4777b063d396433bb230c,bc36061079981f5b54f9590aea7d1c23c9e945247269d1c5cd799ef89634a83a,DIAGNOSTIC,appendix evidence table,true,DERIVED,Rendered deterministic Markdown from the appendix CSV.,Diagnostic tables are not confirmatory evidence.
tables/appendix/telemetry_information_loss.csv,docs/RCA_THESIS_RESULTS_PACKAGE.md,9342e06db91945be2e44703437229ba45b18bda8,cc3f68f5042e43f87e3ede86b504ecb8d05ff7e7,73c7d2345353d8bfb35e751da5926688dc28f4f61cc4777b063d396433bb230c,c25e1bcfee21e9444d23448e433cedd946a0806e130f7cf09433bc449916df2d,CANONICAL,appendix evidence table,true,DERIVED,Copied the deterministic data view into an appendix table.,
tables/appendix/telemetry_information_loss.md,docs/RCA_THESIS_RESULTS_PACKAGE.md,9342e06db91945be2e44703437229ba45b18bda8,cc3f68f5042e43f87e3ede86b504ecb8d05ff7e7,73c7d2345353d8bfb35e751da5926688dc28f4f61cc4777b063d396433bb230c,500986a10b0ab339a954d9615c46537c7679b81b81e404df93f53f6d579a032b,CANONICAL,appendix evidence table,true,DERIVED,Rendered deterministic Markdown from the appendix CSV.,
tables/appendix/trace_error_invariant.csv,docs/RCA_THESIS_RESULTS_PACKAGE.md,9342e06db91945be2e44703437229ba45b18bda8,cc3f68f5042e43f87e3ede86b504ecb8d05ff7e7,73c7d2345353d8bfb35e751da5926688dc28f4f61cc4777b063d396433bb230c,fc6acd7e6985d5f8ad667ceb7841aff06ca71c2f9284001a8ff1a6545c689f8e,CANONICAL,appendix evidence table,true,DERIVED,Copied the deterministic data view into an appendix table.,
tables/appendix/trace_error_invariant.md,docs/RCA_THESIS_RESULTS_PACKAGE.md,9342e06db91945be2e44703437229ba45b18bda8,cc3f68f5042e43f87e3ede86b504ecb8d05ff7e7,73c7d2345353d8bfb35e751da5926688dc28f4f61cc4777b063d396433bb230c,9048524e20ac00b3d8b0f2f64a619fc3d84b3586527f8480a6c4d55174abac3f,CANONICAL,appendix evidence table,true,DERIVED,Rendered deterministic Markdown from the appendix CSV.,
tables/main/01_dataset_and_protocol.csv,docs/RCA_FINAL_SCIENTIFIC_FREEZE_V1.md;docs/RCA_THESIS_RESULTS_PACKAGE.md,9342e06db91945be2e44703437229ba45b18bda8,ccd78dbb27f276e424c9671df63f4fd594edb585;cc3f68f5042e43f87e3ede86b504ecb8d05ff7e7,d0a3782d1835d986a59bf8f23e120c8dc14944ad8bf10f3698917d50ae4468d0;73c7d2345353d8bfb35e751da5926688dc28f4f61cc4777b063d396433bb230c,650c91621086a68203fb2565e8ecdbf6ac98593479a80080c8308188de13fd22,CANONICAL,thesis-ready candidate table,true,DERIVED,Generated from the corresponding frozen data asset and claim-safe evidence class.,"Development, diagnostic, and post-study rows retain their explicit limitations."
tables/main/01_dataset_and_protocol.md,docs/RCA_FINAL_SCIENTIFIC_FREEZE_V1.md;docs/RCA_THESIS_RESULTS_PACKAGE.md,9342e06db91945be2e44703437229ba45b18bda8,ccd78dbb27f276e424c9671df63f4fd594edb585;cc3f68f5042e43f87e3ede86b504ecb8d05ff7e7,d0a3782d1835d986a59bf8f23e120c8dc14944ad8bf10f3698917d50ae4468d0;73c7d2345353d8bfb35e751da5926688dc28f4f61cc4777b063d396433bb230c,7407300f4f9f344f6f4af61e20331291859a7b724697278ab197979c81e40ea8,CANONICAL,thesis-ready candidate table,true,DERIVED,Rendered deterministic Markdown from the corresponding CSV candidate table.,Do not promote bounded development/diagnostic rows into universal claims.
tables/main/02_ada_rca_overall_performance.csv,artifacts/evidence_closure/metric_reconstruction_v1_1.json;artifacts/final_method/re2ob/metrics.json;artifacts/final_method/re2tt/metrics.json;docs/RCA_THESIS_RESULTS_PACKAGE.md,9342e06db91945be2e44703437229ba45b18bda8,6efb80e1c0e91a49dd3a724bd8870da78814d9ff;0283f6bd6145d2423624d7446d262ee38e944d40;4e4ac01621dc4d635a3ce3a11020cbc59385bf68;cc3f68f5042e43f87e3ede86b504ecb8d05ff7e7,0cfc89c2bf48abeabb931a668522a80ba7cf7121f30fed3344fae866202e78c3;080a4035753de2d9c8eeb15e9f4d18d43be34116ee9a3b7e0954ed797f5a43d1;7dfcafc271420df860877e11c87778fba32a75793a3006a5ab48d3fad4f5ef5c;73c7d2345353d8bfb35e751da5926688dc28f4f61cc4777b063d396433bb230c,ef52301376d3e89af39df9e9403707d3f22cc01bc65cd1ab8ee42a8d323dc4af,CANONICAL,thesis-ready candidate table,true,DERIVED,Generated from the corresponding frozen data asset and claim-safe evidence class.,"Development, diagnostic, and post-study rows retain their explicit limitations."
tables/main/02_ada_rca_overall_performance.md,artifacts/evidence_closure/metric_reconstruction_v1_1.json;artifacts/final_method/re2ob/metrics.json;artifacts/final_method/re2tt/metrics.json;docs/RCA_THESIS_RESULTS_PACKAGE.md,9342e06db91945be2e44703437229ba45b18bda8,6efb80e1c0e91a49dd3a724bd8870da78814d9ff;0283f6bd6145d2423624d7446d262ee38e944d40;4e4ac01621dc4d635a3ce3a11020cbc59385bf68;cc3f68f5042e43f87e3ede86b504ecb8d05ff7e7,0cfc89c2bf48abeabb931a668522a80ba7cf7121f30fed3344fae866202e78c3;080a4035753de2d9c8eeb15e9f4d18d43be34116ee9a3b7e0954ed797f5a43d1;7dfcafc271420df860877e11c87778fba32a75793a3006a5ab48d3fad4f5ef5c;73c7d2345353d8bfb35e751da5926688dc28f4f61cc4777b063d396433bb230c,200d8e5e50f0f59af07a6f62308263731dd5a50fbc504b042812bf5d651c39c0,CANONICAL,thesis-ready candidate table,true,DERIVED,Rendered deterministic Markdown from the corresponding CSV candidate table.,Do not promote bounded development/diagnostic rows into universal claims.
tables/main/03_ada_rca_fault_level_performance.csv,artifacts/final_method/re2ob/predictions.jsonl;artifacts/final_method/re2tt/predictions.jsonl;artifacts/source/re2ob/labels.jsonl;artifacts/source/re2tt/labels.jsonl;docs/RCA_THESIS_RESULTS_PACKAGE.md,9342e06db91945be2e44703437229ba45b18bda8,6e77ba9133cbd94d564ef07c9500ef4a76c26164;bc1833b5235899be63eab71165f0f1594ab4432d;13456fbdb3e064a0521b8243ccd34f695a753f26;bbc2b3e906eab2555de3f45ecb64e018092466cb;cc3f68f5042e43f87e3ede86b504ecb8d05ff7e7,1d3bbc30869062c30569bd7b752cc2520d8e1337b8861bf11e55bbd69eaf5ff5;e937897d182735651959ad9449a7d6837ac71b029bec0fe90e143395009dd57d;f3dd164e03d9207af4d4e432a1848c2100ec7a65c125b420c80642a56be3dba7;950885c2d89872f670d8cb06121a0d8d4c3e9fbd6be5e97a29af89a6013481ca;73c7d2345353d8bfb35e751da5926688dc28f4f61cc4777b063d396433bb230c,c6204183cb6a01ef65e23d1cb599f56af0708651f3cbcbcfd776dafaedf78e02,CANONICAL,thesis-ready candidate table,true,DERIVED,Generated from the corresponding frozen data asset and claim-safe evidence class.,"Development, diagnostic, and post-study rows retain their explicit limitations."
tables/main/03_ada_rca_fault_level_performance.md,artifacts/final_method/re2ob/predictions.jsonl;artifacts/final_method/re2tt/predictions.jsonl;artifacts/source/re2ob/labels.jsonl;artifacts/source/re2tt/labels.jsonl;docs/RCA_THESIS_RESULTS_PACKAGE.md,9342e06db91945be2e44703437229ba45b18bda8,6e77ba9133cbd94d564ef07c9500ef4a76c26164;bc1833b5235899be63eab71165f0f1594ab4432d;13456fbdb3e064a0521b8243ccd34f695a753f26;bbc2b3e906eab2555de3f45ecb64e018092466cb;cc3f68f5042e43f87e3ede86b504ecb8d05ff7e7,1d3bbc30869062c30569bd7b752cc2520d8e1337b8861bf11e55bbd69eaf5ff5;e937897d182735651959ad9449a7d6837ac71b029bec0fe90e143395009dd57d;f3dd164e03d9207af4d4e432a1848c2100ec7a65c125b420c80642a56be3dba7;950885c2d89872f670d8cb06121a0d8d4c3e9fbd6be5e97a29af89a6013481ca;73c7d2345353d8bfb35e751da5926688dc28f4f61cc4777b063d396433bb230c,13a5901267f29f33b947da5fc2798ae4e18d10402d71523ff1629fb3cb4c5201,CANONICAL,thesis-ready candidate table,true,DERIVED,Rendered deterministic Markdown from the corresponding CSV candidate table.,Do not promote bounded development/diagnostic rows into universal claims.
tables/main/04_p4_ablation.csv,artifacts/p4_g0/bootstrap/p4_g0_bootstrap.json;artifacts/p4_g0/metrics/summary.json;docs/P4_G0_DECISION.md;docs/P4_G0_RESULTS.md,9342e06db91945be2e44703437229ba45b18bda8,2ca376b3aa773d2bed492f458d46a1f1ec2c8a2b;9fd0ff2506545521606a4fd83a6becdac0f75e02;0b1a3e09a7c46e73a2b7a0b5babad0bdfb51ed25;5ffc9c7a6b1479361994b0cd1b76011eaeca777c,40c883e5f8781cb0298609df0e2935157c9bb936fd203b3213112c1d33afd1b3;74f0b979e1473256d5822be0805e807012f663775bd4a87c8cf7d78e034ec596;678c6779c62a91a7b6923b78387bb83ad869fea3511e4b3e5f06b522f60f4c33;0f47872a1d8f35d932e48c662ddb0155e4af64250cda6a3022a4899491cda876,aa58e770d4bf755aacaa5d0650d4ebbc9d723955e83e1e46fdfa9fe7a52d0208,DEVELOPMENT,thesis-ready candidate table,true,DERIVED,Generated from the corresponding frozen data asset and claim-safe evidence class.,"Development, diagnostic, and post-study rows retain their explicit limitations."
tables/main/04_p4_ablation.md,artifacts/p4_g0/bootstrap/p4_g0_bootstrap.json;artifacts/p4_g0/metrics/summary.json;docs/P4_G0_DECISION.md;docs/P4_G0_RESULTS.md,9342e06db91945be2e44703437229ba45b18bda8,2ca376b3aa773d2bed492f458d46a1f1ec2c8a2b;9fd0ff2506545521606a4fd83a6becdac0f75e02;0b1a3e09a7c46e73a2b7a0b5babad0bdfb51ed25;5ffc9c7a6b1479361994b0cd1b76011eaeca777c,40c883e5f8781cb0298609df0e2935157c9bb936fd203b3213112c1d33afd1b3;74f0b979e1473256d5822be0805e807012f663775bd4a87c8cf7d78e034ec596;678c6779c62a91a7b6923b78387bb83ad869fea3511e4b3e5f06b522f60f4c33;0f47872a1d8f35d932e48c662ddb0155e4af64250cda6a3022a4899491cda876,a42710641841087ed7ce55e506c2aa75f512b7d7f9eb594b19ce74a3db1f5d05,DEVELOPMENT,thesis-ready candidate table,true,DERIVED,Rendered deterministic Markdown from the corresponding CSV candidate table.,Do not promote bounded development/diagnostic rows into universal claims.
tables/main/05_p3_representation_evidence.csv,artifacts/bootstrap/p3_g1_bootstrap.json;artifacts/runs/p3_a2_summary.json;docs/P3_G1_DECISION.md,9342e06db91945be2e44703437229ba45b18bda8,bbfa1167d4cf5048ed61e5703a91f04446581476;54b7d735ebabd2010e8ed12de30173a09a74a791;48046c6bb8b727fe4759a991c6c464bca110f04b,77c7d974c088d94ef6e31082410c5775c1028d1e00058426e905ab41dd7c46cf;fccc92d8d8deedce2153fdf4873de6238a71f0820696cac6c3bbd98b55f14138;38d2b2e50d9026140eaf3e1686f90a93fe907623058999906a415e8314f877bb,3e5a57e651fa0e42b35d73821ffb8d58af7c7ae3b23c487e16517b79d6c23039,DEVELOPMENT,thesis-ready candidate table,true,DERIVED,Generated from the corresponding frozen data asset and claim-safe evidence class.,"Development, diagnostic, and post-study rows retain their explicit limitations."
tables/main/05_p3_representation_evidence.md,artifacts/bootstrap/p3_g1_bootstrap.json;artifacts/runs/p3_a2_summary.json;docs/P3_G1_DECISION.md,9342e06db91945be2e44703437229ba45b18bda8,bbfa1167d4cf5048ed61e5703a91f04446581476;54b7d735ebabd2010e8ed12de30173a09a74a791;48046c6bb8b727fe4759a991c6c464bca110f04b,77c7d974c088d94ef6e31082410c5775c1028d1e00058426e905ab41dd7c46cf;fccc92d8d8deedce2153fdf4873de6238a71f0820696cac6c3bbd98b55f14138;38d2b2e50d9026140eaf3e1686f90a93fe907623058999906a415e8314f877bb,2854d979553ffc224e308bbb49cf9902791f3f0ccf2f9ac29cca1f2f09f89e52,DEVELOPMENT,thesis-ready candidate table,true,DERIVED,Rendered deterministic Markdown from the corresponding CSV candidate table.,Do not promote bounded development/diagnostic rows into universal claims.
tables/main/06_falsification_controls.csv,artifacts/final_audit/control_comparisons.json;artifacts/final_audit/summary.json;docs/FINAL_RCA_CONTROL_AUDIT.md,9342e06db91945be2e44703437229ba45b18bda8,081547b6dfb8b0ee118b8cd1e0a7894f67fd8a61;03d71623f1602899ed65ea998a887e54972f324c;e92e4c831a5a5b989f8bf0a99f1cbfd6d636e8db,864f018f8196f4cfac233ad089b54eabf587d59ab3b4b655b609d3c33063a971;61d48c6c9b505874ac0929452f5f8f5416b8c224057b04a90aecf92c4576de1f;aad3960b074463a2499bd46658ba122ffb0df0ad13ab0f2ba9639d1b6c299bf2,82251bb2ec0283b1050db55fcf2045acf008b1750590c6eb0ec9192f2a013d1b,SUPPORTING,thesis-ready candidate table,true,DERIVED,Generated from the corresponding frozen data asset and claim-safe evidence class.,"Development, diagnostic, and post-study rows retain their explicit limitations."
tables/main/06_falsification_controls.md,artifacts/final_audit/control_comparisons.json;artifacts/final_audit/summary.json;docs/FINAL_RCA_CONTROL_AUDIT.md,9342e06db91945be2e44703437229ba45b18bda8,081547b6dfb8b0ee118b8cd1e0a7894f67fd8a61;03d71623f1602899ed65ea998a887e54972f324c;e92e4c831a5a5b989f8bf0a99f1cbfd6d636e8db,864f018f8196f4cfac233ad089b54eabf587d59ab3b4b655b609d3c33063a971;61d48c6c9b505874ac0929452f5f8f5416b8c224057b04a90aecf92c4576de1f;aad3960b074463a2499bd46658ba122ffb0df0ad13ab0f2ba9639d1b6c299bf2,7797be4a4d5d8434d0fba42c442566a623c00b8d6bbc4455784a3292e8a43609,SUPPORTING,thesis-ready candidate table,true,DERIVED,Rendered deterministic Markdown from the corresponding CSV candidate table.,Do not promote bounded development/diagnostic rows into universal claims.
tables/main/07_configuration_robustness.csv,artifacts/evidence_closure/bootstrap_corrected_v1_1.json;artifacts/opt/o4_nested/re2ob/selection_trace.json;artifacts/opt/o4_nested/re2tt/selection_trace.json;docs/BOOTSTRAP_FORENSIC_AUDIT.md;docs/OPT_NESTED_SELECTION_RESULTS.md,9342e06db91945be2e44703437229ba45b18bda8,bd308db31aa92e79d65870ea986fd13810a11e40;241370086a0f16f8c0665815787edff030afde1b;d3eebe93800eb0b6b0ca9f37275be1ef45efa49c;fa13039401471c70cbebbf992310d6358eb6d305;44ca6a2e5e68aaa53ca2c8176ff9f1844435cbf4,172ea8c2e2d2103a1e50635ed9681e6a35e4c763e630ae0a7a192555169caaf2;5094e8abf88673dea07678df569d7abac9a3b804ad7c729277633cff35f3319a;f94c1c1b82b47daaf78f8d3baac6808928bb6ee100c7ec981c480b9e1576e2b0;a1f722b12a45a46600e8e752643469df80067596d6a658a87bdddaa5711c3322;02d3fe7c15f8c0b405347d4b7cc804e210e4c1ae4b9188ce7fcf66682f66092e,6af0042edcde53edbf3f4ea1eecc4a3514256d6b84f78f55d722d5b04ec7d7ff,SUPPORTING,thesis-ready candidate table,true,DERIVED,Generated from the corresponding frozen data asset and claim-safe evidence class.,"Development, diagnostic, and post-study rows retain their explicit limitations."
tables/main/07_configuration_robustness.md,artifacts/evidence_closure/bootstrap_corrected_v1_1.json;artifacts/opt/o4_nested/re2ob/selection_trace.json;artifacts/opt/o4_nested/re2tt/selection_trace.json;docs/BOOTSTRAP_FORENSIC_AUDIT.md;docs/OPT_NESTED_SELECTION_RESULTS.md,9342e06db91945be2e44703437229ba45b18bda8,bd308db31aa92e79d65870ea986fd13810a11e40;241370086a0f16f8c0665815787edff030afde1b;d3eebe93800eb0b6b0ca9f37275be1ef45efa49c;fa13039401471c70cbebbf992310d6358eb6d305;44ca6a2e5e68aaa53ca2c8176ff9f1844435cbf4,172ea8c2e2d2103a1e50635ed9681e6a35e4c763e630ae0a7a192555169caaf2;5094e8abf88673dea07678df569d7abac9a3b804ad7c729277633cff35f3319a;f94c1c1b82b47daaf78f8d3baac6808928bb6ee100c7ec981c480b9e1576e2b0;a1f722b12a45a46600e8e752643469df80067596d6a658a87bdddaa5711c3322;02d3fe7c15f8c0b405347d4b7cc804e210e4c1ae4b9188ce7fcf66682f66092e,7b0f0b33182a13431b48f025a825e5aa346d463e59ff81a9e034f76b1ce1a629,SUPPORTING,thesis-ready candidate table,true,DERIVED,Rendered deterministic Markdown from the corresponding CSV candidate table.,Do not promote bounded development/diagnostic rows into universal claims.
tests/test_thesis_assets.py,thesis_assets/ada_rca_v1/tests/test_thesis_assets.py,2e953b24710b06756e85b3a5b04bb0a3fdcb6793,408d84cf5ecb380577b07863fe56273d28dd7da1,68ff2482184ada84b24a6036506b7cbf984a849f65377b3130da619df162252f,68ff2482184ada84b24a6036506b7cbf984a849f65377b3130da619df162252f,SUPPORTING,export/validation reproducibility,true,COPIED,committed package exporter/validator/test source,The package test is a lightweight validator smoke test.
