path,type,size,git_blob_sha,sha256_if_available,scientific_role,needed_for_thesis,copied,reason_not_copied
artifacts/audits/magnitude_inversion.json,json,632975,485d6d106359db8480d23b4a24135a31f2e27ee7,ca8f96d600223e6694e95710d1360bef4514c6037936f1ea2b75a0bc84d3de52,copied compact evidence,true,true,
artifacts/bootstrap/p3_g1_bootstrap.json,json,3686,bbfa1167d4cf5048ed61e5703a91f04446581476,77c7d974c088d94ef6e31082410c5775c1028d1e00058426e905ab41dd7c46cf,copied compact evidence,true,true,
artifacts/evidence_closure/bootstrap_corrected_v1_1.json,json,44969,bd308db31aa92e79d65870ea986fd13810a11e40,172ea8c2e2d2103a1e50635ed9681e6a35e4c763e630ae0a7a192555169caaf2,copied compact evidence,true,true,
artifacts/evidence_closure/evidence_semantic_correction_v1_1.json,json,33513,a530a98b9d1d89bb3c1a8462616a8a7e8f1edc1e,2fe3811996508a3bd79dd7cbd620da54a10e04c7a570d39b9d8303e06cf52419,copied compact evidence,true,true,
artifacts/evidence_closure/final_decision_v1_1.json,json,6809,165262018f00fde0db444a9f579f63d3028917ca,2eb5b567a16b5b4f24c17fa9814509185d9de30167914dabd421d05afe8869de,copied compact evidence,true,true,
artifacts/evidence_closure/input_manifest.json,json,31781,20d7f56333c16ee8d324a3a1fde917b60d026fcb,3727b5e6d1c86f793b5b0e5a75a5ba94213474594b10fe3c845c5e40d232669d,copied compact evidence,true,true,
artifacts/evidence_closure/metric_reconstruction_v1_1.json,json,35960,6efb80e1c0e91a49dd3a724bd8870da78814d9ff,0cfc89c2bf48abeabb931a668522a80ba7cf7121f30fed3344fae866202e78c3,copied compact evidence,true,true,
artifacts/evidence_closure/provenance_normalization_v1_1.json,json,3286,2caba916dc969a26c6d80544159dea3d2d03286f,c4e33556ee4fb271b79c27ce626123f59eb54da41adacac5f1940dcc51d418bb,copied compact evidence,true,true,
artifacts/evidence_closure/telemetry_information_loss_v1_1.json,json,13133,ecce29f1643e14e7b24cf9b5cbab4937c6e4d8e2,5c553845b3527247649bffa40c7685278a23a0467895103c2f11b4c569f42898,copied compact evidence,true,true,
artifacts/evidence_closure/trace_error_representation_invariant.json,json,98610,cdecd9fdb09b2745eeaff171bda4fe7cdc3db43a,f191b068fb1a38d72f85e847db2e65bb5739aba72f3b01b586b89acfc950f8b6,copied compact evidence,true,true,
artifacts/features/p3_a05_audit.json,json,109100,a2b2d7e095e8c0dffc0d0f698d9d6254c32d3d4c,8558032a419b76dc6a8afd73c863515a9cb46303a9df59e57ec2a2577871f287,supporting source artifact,true,false,Not copied because the thesis package keeps only compact evidence needed for its tables.
artifacts/features/re2ob/manifest.json,json,46824,13b27d81a0166f247ba74356c999c3347772662a,cc171f32c7642c6ddbe59b5b52bb6f8351dd8d8a35289144277900bbbb1da4ed,supporting source artifact,true,false,Not copied because the thesis package keeps only compact evidence needed for its tables.
artifacts/features/re2ob/re2ob-0433b8cb47b1ec8e.npz,npz,25112,a6e9447e1ae521310676f7ac17c68704f59ace66,1d13c39dc3cf3a672d4e914c42138de6987b011938ef26a6d83c481bfeb9f263,large frozen feature or model-state array,false,false,"Large array is not duplicated; its path, size, Git blob, and SHA-256 are indexed."
artifacts/features/re2ob/re2ob-048f2e7d7bfbc927.npz,npz,26269,e43a26b1f598f55538227290a7066f5af14f172f,bee2d64c861553a1b86a1ac9f788df41ce5e37d452c432dcfac18f816632329c,large frozen feature or model-state array,false,false,"Large array is not duplicated; its path, size, Git blob, and SHA-256 are indexed."
artifacts/features/re2ob/re2ob-057fe49bd30d47c0.npz,npz,25349,e3c8f3e9a70663f7ffa79fd69fe8d09809167e04,f3233b65fcf17f3080d765f4e1e17fb5fa39c0bc047270d5e8b7145717ceae41,large frozen feature or model-state array,false,false,"Large array is not duplicated; its path, size, Git blob, and SHA-256 are indexed."
artifacts/features/re2ob/re2ob-08f3e5d7b11d1fa7.npz,npz,25448,9c99d582bb16f445644ef6cb2e4024e0e310175f,3e55ad54114aa9a7e89bd77ca9a812692d261ad2341b1b33e9c0ac7e20dae1f3,large frozen feature or model-state array,false,false,"Large array is not duplicated; its path, size, Git blob, and SHA-256 are indexed."
artifacts/features/re2ob/re2ob-097a5d7ac0492007.npz,npz,26777,da0365818d789dbdaf6eef58a1348efac0398572,0700afc4cb3d10d3526cb2eeecb65aa40360956f7be0a9125a488e301bf9328f,large frozen feature or model-state array,false,false,"Large array is not duplicated; its path, size, Git blob, and SHA-256 are indexed."
artifacts/features/re2ob/re2ob-0c582795f6ae4798.npz,npz,25613,bac2c4803a6692faf42af4f225681a5969c4e342,37cc2a5f31bfecd4c8281ca09e00d3186a34564bff437595d426654af0da52d1,large frozen feature or model-state array,false,false,"Large array is not duplicated; its path, size, Git blob, and SHA-256 are indexed."
artifacts/features/re2ob/re2ob-1084f320d8584c61.npz,npz,26508,784c2055e478075cca1b0a3f954bb759c68d7085,16bc87cb9f6f1f7c13d29b592e894bbca171ebe086df84c86f85499b887ba43a,large frozen feature or model-state array,false,false,"Large array is not duplicated; its path, size, Git blob, and SHA-256 are indexed."
artifacts/features/re2ob/re2ob-1bb2e75872fd9037.npz,npz,25403,bb4c9d6100a1d2fdcfb53a69d9ed034f0af4f57a,ddf5fea77085825ec654c2fcb4dc4b6af9f4561259e269c9aeb172c9c5a66580,large frozen feature or model-state array,false,false,"Large array is not duplicated; its path, size, Git blob, and SHA-256 are indexed."
artifacts/features/re2ob/re2ob-1d19cc60d7a6adc1.npz,npz,26125,cf22427897382379ac95af863dd76bbde54c0208,345cdd1bfa5fa474c93a6e4a14a1e344baeb14c63b7246cab9683987f479a22f,large frozen feature or model-state array,false,false,"Large array is not duplicated; its path, size, Git blob, and SHA-256 are indexed."
artifacts/features/re2ob/re2ob-1d9a0d1641171551.npz,npz,21226,45f4a49408ba0d9f998e1a4b12459931708f90fc,fc58fb9d7d868b76bdd6a62f5efe6395de52da76641892b5f6f939604775eee0,large frozen feature or model-state array,false,false,"Large array is not duplicated; its path, size, Git blob, and SHA-256 are indexed."
artifacts/features/re2ob/re2ob-23213ee605c6b050.npz,npz,25878,a0f46296bb2fa0ccde0a54431ad733880af4d088,13cca4c3b99c766381ac1ff2a2c72ae99d7dee340ffa513e5e60fc9c5c48f21e,large frozen feature or model-state array,false,false,"Large array is not duplicated; its path, size, Git blob, and SHA-256 are indexed."
artifacts/features/re2ob/re2ob-34c4e276dad53220.npz,npz,25324,3eb665db3250d905a1ecc9a93a55ec396229ea17,301684733de3c0cc7a2b0a4749cf9621f135a097e24776c556775b4c6f77278d,large frozen feature or model-state array,false,false,"Large array is not duplicated; its path, size, Git blob, and SHA-256 are indexed."
artifacts/features/re2ob/re2ob-35bd9974d6b59069.npz,npz,25778,47cf1fde6f815804bdd369f076c941b95230134d,7e6f32387f7114eecd4f73cc6266b94275518d379e073ace3077f202ac4d0d2b,large frozen feature or model-state array,false,false,"Large array is not duplicated; its path, size, Git blob, and SHA-256 are indexed."
artifacts/features/re2ob/re2ob-3758cb8f0f1277f3.npz,npz,25418,c389095e723abf6d62ef269368de430dc54dd2d7,40412277bd68327e2402065c1f7dd2ef8243471fa8e7aa954e6497981e54d212,large frozen feature or model-state array,false,false,"Large array is not duplicated; its path, size, Git blob, and SHA-256 are indexed."
artifacts/features/re2ob/re2ob-3827c8c9ef1e8592.npz,npz,24122,e8ed3020f6421f06741bb177d5131028be9bc9a5,b3bbbba2fe54827a8e8ebf138a0135bc31e2f526df02fcafdbc916a3d18c7f3d,large frozen feature or model-state array,false,false,"Large array is not duplicated; its path, size, Git blob, and SHA-256 are indexed."
artifacts/features/re2ob/re2ob-3e7e71a1c83dbc41.npz,npz,24594,f1d659ff55f850413da8380856a50947436a502a,c851651b8e8dfd956caf4e6c8386e5b25161a8b7f7ba9b4a9aef56415d43e450,large frozen feature or model-state array,false,false,"Large array is not duplicated; its path, size, Git blob, and SHA-256 are indexed."
artifacts/features/re2ob/re2ob-40e1893e43abba5c.npz,npz,23806,f12098169a989d14e5d3f55125bfe9a8d43c81b6,0ffd406165d849773f6dc1935cc1e895ba766fe77bb504e3e39a12385b504461,large frozen feature or model-state array,false,false,"Large array is not duplicated; its path, size, Git blob, and SHA-256 are indexed."
artifacts/features/re2ob/re2ob-428d5ecf570372b5.npz,npz,25385,1dee9c93804f0ff4ebc587aaf22e38c86f6619e4,968f6a635674835728a1d892dbe7a6e43a5bf23049803fccada353561f986927,large frozen feature or model-state array,false,false,"Large array is not duplicated; its path, size, Git blob, and SHA-256 are indexed."
artifacts/features/re2ob/re2ob-42e80cf6bcd9400f.npz,npz,24578,a301345eb14bcdaef269e3afc9d3e732b6d3001b,0ef3674115e8f0f462392614e99ec6894073f455f56e05e15798f6d3d18c5114,large frozen feature or model-state array,false,false,"Large array is not duplicated; its path, size, Git blob, and SHA-256 are indexed."
artifacts/features/re2ob/re2ob-435f42d94b785472.npz,npz,25923,0013f02b395d0ab2439711bf5ddeeca93710b916,340c16278bc83c1352f44a47045c7d4b5940904d965b6f2d866fd25fb3324f2d,large frozen feature or model-state array,false,false,"Large array is not duplicated; its path, size, Git blob, and SHA-256 are indexed."
artifacts/features/re2ob/re2ob-45687a171f241b04.npz,npz,25488,c55a0396e4aaf4d69f294386fca97c0ca51e2687,90013c90a1e856bc9cfe76cb2927da80785f7825c6c8e80c736eadbf1a1a981f,large frozen feature or model-state array,false,false,"Large array is not duplicated; its path, size, Git blob, and SHA-256 are indexed."
artifacts/features/re2ob/re2ob-4677d4ce6ef327e0.npz,npz,26577,e8792f6f327e41f7eb45cb8b963aa5623ae1c72e,82ec8005fb573c831d1a5b9939537a1e9b999b98f6be24e2374d9066dcdb67a9,large frozen feature or model-state array,false,false,"Large array is not duplicated; its path, size, Git blob, and SHA-256 are indexed."
artifacts/features/re2ob/re2ob-48e5379f4903b1d2.npz,npz,26220,c2ab586248cb92eb2bd547afcdac8f8f9b273268,01baeed153e0c3f167c44d597f55fca821a54ece88d24791cb3e335c4fa4a359,large frozen feature or model-state array,false,false,"Large array is not duplicated; its path, size, Git blob, and SHA-256 are indexed."
artifacts/features/re2ob/re2ob-4af0de56834334d2.npz,npz,25842,a2326b79cdd9f0607a6a14d85030f454dc6187ec,728a6a06afd84a1b9cbf6f047d2e77465b136ef81627eaab2fded5169ea7a7eb,large frozen feature or model-state array,false,false,"Large array is not duplicated; its path, size, Git blob, and SHA-256 are indexed."
artifacts/features/re2ob/re2ob-4b9110d974bb1875.npz,npz,24934,00cb44b8bb239b534726e759c67b8794a23177f6,4c0d0d34ee33b8b20854edbdb47fd04c98488d87a484454b117eb8370a6789e4,large frozen feature or model-state array,false,false,"Large array is not duplicated; its path, size, Git blob, and SHA-256 are indexed."
artifacts/features/re2ob/re2ob-4f85dadf2507c3ca.npz,npz,26047,a3e0bb4ab2df4f93083939feb2063b3cb6b3e504,93bc3557aac0728aafaa06e40438dccfbc2d52fe4613856ac99b98c40b5f3c3a,large frozen feature or model-state array,false,false,"Large array is not duplicated; its path, size, Git blob, and SHA-256 are indexed."
artifacts/features/re2ob/re2ob-505f802370635ec3.npz,npz,19786,aaf33f1637aeceaa721909634c93296d741dcfe3,451301508296cd6923a0f4256dc0e5119e6c0696eecaeeedb6e77e51a149326d,large frozen feature or model-state array,false,false,"Large array is not duplicated; its path, size, Git blob, and SHA-256 are indexed."
artifacts/features/re2ob/re2ob-557d49794f937ec6.npz,npz,25698,c38fe7cf55280338e53e4958e0a65ae0d937108b,d4f16150840c60940e975bbc4d35faefc22d15b711683c55f16221d2dca975a6,large frozen feature or model-state array,false,false,"Large array is not duplicated; its path, size, Git blob, and SHA-256 are indexed."
artifacts/features/re2ob/re2ob-57b75da971aabed5.npz,npz,26272,d82a4cf6ac13c990206ee87b0d7b5b86c30f8eda,4383a12c84161ede05927ea9592afc477d35b129c792ac90624958eb4422f214,large frozen feature or model-state array,false,false,"Large array is not duplicated; its path, size, Git blob, and SHA-256 are indexed."
artifacts/features/re2ob/re2ob-58cff4fc86081830.npz,npz,25525,5cde9e838507afed934bd0b3df2034df60e83a27,3cceb829cfec1308d0123db9fe01302917e2375dc1701b45ee06b34dc7519342,large frozen feature or model-state array,false,false,"Large array is not duplicated; its path, size, Git blob, and SHA-256 are indexed."
artifacts/features/re2ob/re2ob-58eb5ae1a41b77e4.npz,npz,25623,043c2a9ed282abadfa5db4397f54dfbdb1780275,ad2d6e11ec250228af526f503bdf269fbb50abe14dab17cf570ffecc14448e27,large frozen feature or model-state array,false,false,"Large array is not duplicated; its path, size, Git blob, and SHA-256 are indexed."
artifacts/features/re2ob/re2ob-5a4d1a4785969ab2.npz,npz,25735,2ba4ddeb61ee24e085fe61bc09c0d147a604667e,5a54e24ff387fc19fc8f81e65d6be1329010538fdd553876288eb343fbd16c25,large frozen feature or model-state array,false,false,"Large array is not duplicated; its path, size, Git blob, and SHA-256 are indexed."
artifacts/features/re2ob/re2ob-5f261573c1b3bdc5.npz,npz,25004,2a8cd2e1f42ad2df6cac7ebf93cc4fb18ce7209e,108fa343ab9c3690d73a55e38971d8ee3a12e63dafa9af586725ac6b7483c411,large frozen feature or model-state array,false,false,"Large array is not duplicated; its path, size, Git blob, and SHA-256 are indexed."
artifacts/features/re2ob/re2ob-6521847c78ca06e9.npz,npz,25100,83ddcde16ec6e216100e784351fc989152723788,d9d1f5ccf183b2f02282d1da04ed19e098ea0aefb3eb3e3e29d444570017416d,large frozen feature or model-state array,false,false,"Large array is not duplicated; its path, size, Git blob, and SHA-256 are indexed."
artifacts/features/re2ob/re2ob-66c4b614046569c9.npz,npz,25274,b82decdd361bdf3ed1e6c2a933be4e36fd79b37f,0cb9b822e5b3b96f1a44dfc88dcf983c841f20d6149ca51635fdb2897e88f393,large frozen feature or model-state array,false,false,"Large array is not duplicated; its path, size, Git blob, and SHA-256 are indexed."
artifacts/features/re2ob/re2ob-6aa36a4c6c99d55c.npz,npz,23725,fd5aeabac3f81f6c038c603b3b468447e23b2146,e6b58f4aa3cc7efd201dc0f4fa888a6584ae3dd4f1433ecac99869434668a41d,large frozen feature or model-state array,false,false,"Large array is not duplicated; its path, size, Git blob, and SHA-256 are indexed."
artifacts/features/re2ob/re2ob-71c7f9be34b19754.npz,npz,26915,6d3a35cb956fb57958571743cb7a29d907ca1e31,c1c0844c3cc7938406593add4f0e28d2e65dc0782453743a7e55e7c32d3e893d,large frozen feature or model-state array,false,false,"Large array is not duplicated; its path, size, Git blob, and SHA-256 are indexed."
artifacts/features/re2ob/re2ob-72b5d278f8908a0a.npz,npz,25472,b10973c88471077b7497665956590e1404bebf3a,dea765da7354788dbd822e0977889d2b0270a4207dd7d9aae00be9ccb00c17c6,large frozen feature or model-state array,false,false,"Large array is not duplicated; its path, size, Git blob, and SHA-256 are indexed."
artifacts/features/re2ob/re2ob-7732042f2a190c79.npz,npz,25023,38926077a1767394a66ec520e687ff7d24069418,c5a15677e3c468cecb802208209428673a6413be52d5c25459d994ded3bef7e2,large frozen feature or model-state array,false,false,"Large array is not duplicated; its path, size, Git blob, and SHA-256 are indexed."
artifacts/features/re2ob/re2ob-784d7eb25137c3c9.npz,npz,25289,8dbcb0d09ffb9632f744455a8c4e4decba833332,31cea0217ed954b1f71825477926589b668f96205eac02dfbd69f72c5f833fcb,large frozen feature or model-state array,false,false,"Large array is not duplicated; its path, size, Git blob, and SHA-256 are indexed."
artifacts/features/re2ob/re2ob-7858d4d3815cf005.npz,npz,26936,ba3db1eb204523f1d12740bfdff5733eca82c98c,d885360edc4ba77ebd12410a7237703ec1deb2fab4bfaf3da8552463e26271ed,large frozen feature or model-state array,false,false,"Large array is not duplicated; its path, size, Git blob, and SHA-256 are indexed."
artifacts/features/re2ob/re2ob-7890056e7915d551.npz,npz,25055,4dfc76bbd108b6489a5cbd55e19f730bb18c12d8,16d9ec5b7c78c081d7b789fc42c87350da8c54750f8af0ef6c95c09964aefad8,large frozen feature or model-state array,false,false,"Large array is not duplicated; its path, size, Git blob, and SHA-256 are indexed."
artifacts/features/re2ob/re2ob-79fcefff48aef53b.npz,npz,25933,ba800b9559377c95ca96701808b33497b6a6661e,6f95f9370c6c6f5f249d7f19ad782455dbe307fbe2e6a0ea2348599aae8a62fb,large frozen feature or model-state array,false,false,"Large array is not duplicated; its path, size, Git blob, and SHA-256 are indexed."
artifacts/features/re2ob/re2ob-7a91adc6e16587c6.npz,npz,25284,4e535151c7ae4388de36851da5c3a945631c11e7,1c951b9a92956f969b7e254ea828a085c42ff6f99c2c01154a96b6423239f170,large frozen feature or model-state array,false,false,"Large array is not duplicated; its path, size, Git blob, and SHA-256 are indexed."
artifacts/features/re2ob/re2ob-7aec8ac514e0d064.npz,npz,25997,fc49476fb844755e3604c65f5437616bc19e2ce4,14df3dec6dff6297ea40d1e7e7028ab38f5a97a9b890b749e5d2df806ef202f7,large frozen feature or model-state array,false,false,"Large array is not duplicated; its path, size, Git blob, and SHA-256 are indexed."
artifacts/features/re2ob/re2ob-7b0a90583e047a88.npz,npz,25711,2475b7303a54394012b0546699f921ff16a4a607,2372d9dc5a7094999dd447e3e3c33552cb01d1d58d7f2fa81919d8c77cd01d04,large frozen feature or model-state array,false,false,"Large array is not duplicated; its path, size, Git blob, and SHA-256 are indexed."
artifacts/features/re2ob/re2ob-7c278a568194196b.npz,npz,24937,fc8b8d2528863b57b41f4dcbb7a2999832f71e7c,6ea98af20f368154e6dda503a273924fb705fb43e78b85039accdcc1d41c4b72,large frozen feature or model-state array,false,false,"Large array is not duplicated; its path, size, Git blob, and SHA-256 are indexed."
artifacts/features/re2ob/re2ob-7f2201e9884e818e.npz,npz,24530,09bda4bf054958763c35da4e52830878ca455850,8b38bb59e1002607db1bebac673ec5120795e2dd63fc88a83d4cfbc6cb009517,large frozen feature or model-state array,false,false,"Large array is not duplicated; its path, size, Git blob, and SHA-256 are indexed."
artifacts/features/re2ob/re2ob-80bf4d093e6ab818.npz,npz,24483,3005a695f85eb56e04b15398f207c5aa8bc8bd03,e45e048fc862e6441d723a697c353d049f26348e187be7665200eee466b11a06,large frozen feature or model-state array,false,false,"Large array is not duplicated; its path, size, Git blob, and SHA-256 are indexed."
artifacts/features/re2ob/re2ob-84724d7aa2b9dabd.npz,npz,25295,46df63effe368c8c7787eed6c910a13c1ba7785d,55bdf2fbbfb97b9e1f3dd8c45e4cb80e1668a9bb05a0253687a4f755d9200130,large frozen feature or model-state array,false,false,"Large array is not duplicated; its path, size, Git blob, and SHA-256 are indexed."
artifacts/features/re2ob/re2ob-8f991393cb9debdf.npz,npz,25350,8b485c7eaa6c8e15de3f4599d4378e60283eb5ec,7f4ff47a135a000149ca0de5c969e471160099b1e52b38cc597a1b5d12497afe,large frozen feature or model-state array,false,false,"Large array is not duplicated; its path, size, Git blob, and SHA-256 are indexed."
artifacts/features/re2ob/re2ob-93de1fab2ca56e86.npz,npz,25343,d473296e8cee4330add96c1cc004bfa5085f4f54,69e2283dc9058e9347d22b749eef1efb92e0cc003371dba7c258cc915dec8b75,large frozen feature or model-state array,false,false,"Large array is not duplicated; its path, size, Git blob, and SHA-256 are indexed."
artifacts/features/re2ob/re2ob-97935dcb7cfd6e82.npz,npz,26089,78a742c426d6ec7f32402ffe99682a4b61a138a0,d8cd2d729dbe4a453cc189f5d5abc94e65f3aca727c28f180e580aad7f1a5444,large frozen feature or model-state array,false,false,"Large array is not duplicated; its path, size, Git blob, and SHA-256 are indexed."
artifacts/features/re2ob/re2ob-9e575f44de987a1a.npz,npz,26181,e9f5498702d8b4dcc3e91a53558e1d177f6d50cd,36d9e07624ee31e1e713082508e83936bc0e8a4f5a5036d49b7b1ba7fde24104,large frozen feature or model-state array,false,false,"Large array is not duplicated; its path, size, Git blob, and SHA-256 are indexed."
artifacts/features/re2ob/re2ob-a6318b7e89546125.npz,npz,26409,e2aff3f81137d282d85dc7d8cb159e0446229c61,f57bf6b942dc274f9a49e25baabdfd7535d1e837c2a7e01f41e9024dba63062f,large frozen feature or model-state array,false,false,"Large array is not duplicated; its path, size, Git blob, and SHA-256 are indexed."
artifacts/features/re2ob/re2ob-a84cfdf477d8bf62.npz,npz,25007,ef494f108b80c5061e6f3e00a1d822b0242e5690,d3fd7046085ecd8a3bdc6ae139cbb472385c9df85b50c32b68ac9a69f4943710,large frozen feature or model-state array,false,false,"Large array is not duplicated; its path, size, Git blob, and SHA-256 are indexed."
artifacts/features/re2ob/re2ob-abc29368674e8298.npz,npz,25744,6fbb26c7eb998c2c089c1864b93564a7de5fceb4,8bcfdc52e8aee5af87b0ef3fe2a405a9c8dcf74ad12ad0e5281f180e081b9232,large frozen feature or model-state array,false,false,"Large array is not duplicated; its path, size, Git blob, and SHA-256 are indexed."
artifacts/features/re2ob/re2ob-acf69e21960f63d8.npz,npz,24984,bc285f1b721f420df156703f7d6c9ad865bf4a54,7f48227935f6a5b1a652b1ea4568dafb1a2aad99d1c4f17e24c07af46015dc6d,large frozen feature or model-state array,false,false,"Large array is not duplicated; its path, size, Git blob, and SHA-256 are indexed."
artifacts/features/re2ob/re2ob-af1b6a7e1667e3f5.npz,npz,25584,1087d203c501f079e069f2589c3cb22ed3f0d468,6caa4e8f1a345b4047109e84f2058f8bb153fb946e104a03a6414d10ac78f369,large frozen feature or model-state array,false,false,"Large array is not duplicated; its path, size, Git blob, and SHA-256 are indexed."
artifacts/features/re2ob/re2ob-b17ce68eb2ce01ee.npz,npz,25563,18f71e9030dc6a3c6f11ee1b64c93b61946c801d,6808589042cf1e0216d7d8258d6029362a93d4e4036efc9ea2dab3a863e3767a,large frozen feature or model-state array,false,false,"Large array is not duplicated; its path, size, Git blob, and SHA-256 are indexed."
artifacts/features/re2ob/re2ob-b6db72fc58931786.npz,npz,25293,49a6bfa93ac028264c00fd546d54709b24f5ae8e,e6304023d83bbd5bb8f5314205e9f0168e3f191aa170cfa6e78bc806322dbd28,large frozen feature or model-state array,false,false,"Large array is not duplicated; its path, size, Git blob, and SHA-256 are indexed."
artifacts/features/re2ob/re2ob-b78a14faa7ea7263.npz,npz,25879,848679c9fe150834d4935f92215825cb4fe572b1,53003a249b986989679f3d5fedb10db8e9cffa7471dd378d42a6d972d86d1a6e,large frozen feature or model-state array,false,false,"Large array is not duplicated; its path, size, Git blob, and SHA-256 are indexed."
artifacts/features/re2ob/re2ob-b84066a37ca0c417.npz,npz,25796,66d7ad745b575f9a6289ae3b06c1f85ce1550b25,d218739f3163499fd88b7ec8de20cc64b45bdc89f3053c0515a0de62853c1441,large frozen feature or model-state array,false,false,"Large array is not duplicated; its path, size, Git blob, and SHA-256 are indexed."
artifacts/features/re2ob/re2ob-bb4a5b75716772f9.npz,npz,26361,26d2d84e28c87552d70e240ddbe7adc519306bb1,cb0e7fd00d992dcc4c555521d9446636f70a560295d720a27054b19279bb5fb0,large frozen feature or model-state array,false,false,"Large array is not duplicated; its path, size, Git blob, and SHA-256 are indexed."
artifacts/features/re2ob/re2ob-bd6f4fb8e84ccb69.npz,npz,25882,44849d73d58ed900de8a38bc9bcc291b6e1fb4fc,152876b2e9411095a1e7623460034728b0e5a26b020b65a8490b3a55bd21ba7a,large frozen feature or model-state array,false,false,"Large array is not duplicated; its path, size, Git blob, and SHA-256 are indexed."
artifacts/features/re2ob/re2ob-c2ac02db4e3370a9.npz,npz,24950,faf186249fa161da1c9554e8951f98e9794d56da,3beedfedf02841c9c7fe0e65d8de9c488c45d0a9bc3a679b5dd5140b9dc5a959,large frozen feature or model-state array,false,false,"Large array is not duplicated; its path, size, Git blob, and SHA-256 are indexed."
artifacts/features/re2ob/re2ob-c9c8f348d3f5974b.npz,npz,24573,7a4278ffb55edff2896b550f7e12b835c8b273ce,2797a33bdb265095c68d53952a099d66f87b206b2ab57c8989682fc527942fd8,large frozen feature or model-state array,false,false,"Large array is not duplicated; its path, size, Git blob, and SHA-256 are indexed."
artifacts/features/re2ob/re2ob-ca26cbb7c2cc0c87.npz,npz,25030,8dd389e7a3dce36693f473962dfce5172f54455e,05c6ef0a9dc7fa7dfe4dc8110a3f2a6234befbd19649b85eb27a5f9b98fcab16,large frozen feature or model-state array,false,false,"Large array is not duplicated; its path, size, Git blob, and SHA-256 are indexed."
artifacts/features/re2ob/re2ob-ce3f410f61f739c2.npz,npz,25835,6f5ffac59895610b8103f7ed6198068c9ae6953c,7cb4835a6261d45d6dd4c43cedd4f1803bb40a731a196a6c83acfdbcf1c81526,large frozen feature or model-state array,false,false,"Large array is not duplicated; its path, size, Git blob, and SHA-256 are indexed."
artifacts/features/re2ob/re2ob-ce93ebf8eb13a5ed.npz,npz,25410,a7154a302c290fb5a9b7c2dd177d8096aed04ed3,0ad2ae4fc71319848adf408f9b610f2795e1d2f8a7c7a84ee2b978757f44f451,large frozen feature or model-state array,false,false,"Large array is not duplicated; its path, size, Git blob, and SHA-256 are indexed."
artifacts/features/re2ob/re2ob-cec5183e3f5418cf.npz,npz,24576,23cbf799eebe719ef9bc547494be6882c9029dd0,9717e9d0bae7814275903c5548fd8808e869924ffa5b230bfe0726d4ea20d581,large frozen feature or model-state array,false,false,"Large array is not duplicated; its path, size, Git blob, and SHA-256 are indexed."
artifacts/features/re2ob/re2ob-d0382ea6cedfbd82.npz,npz,25608,75376ff7030188fd70d732f6d429c70df7eb365e,43d0f173b0dc945364414e36b7fa74009a7d21f95b6ee09e5264a5eae96bcc8a,large frozen feature or model-state array,false,false,"Large array is not duplicated; its path, size, Git blob, and SHA-256 are indexed."
artifacts/features/re2ob/re2ob-d0d93705e784491a.npz,npz,25020,f260b6603f277bd526b4b429a23e1d119cbbd40b,4310f0da63cf036f93af7681f23f902b92411c087f010c25dc2e00b87f1cce21,large frozen feature or model-state array,false,false,"Large array is not duplicated; its path, size, Git blob, and SHA-256 are indexed."
artifacts/features/re2ob/re2ob-d3f1403a4a08a3b1.npz,npz,24937,ce3595d0e95f18b2c3bf8da80f82c670cb48f650,421b9c6463f94a2e543dd17e1df677699cbc50529a6a717ad807214b00420f31,large frozen feature or model-state array,false,false,"Large array is not duplicated; its path, size, Git blob, and SHA-256 are indexed."
artifacts/features/re2ob/re2ob-d7f2f8eb2f0ad646.npz,npz,26025,b5e95b0707de794e2640400e1ca7abe1c3618765,08d964329a8edd42a64f64fec8ba1b815f08f92ac34f8b151c839ff21c13b46f,large frozen feature or model-state array,false,false,"Large array is not duplicated; its path, size, Git blob, and SHA-256 are indexed."
artifacts/features/re2ob/re2ob-da48e150772a24fd.npz,npz,24946,c6704cb8e169e0397ba5532f490f5595a54f825e,6fcda296375fceba4f4963c6ae525f78671d9999cb4d51100e0707a8161c8f2d,large frozen feature or model-state array,false,false,"Large array is not duplicated; its path, size, Git blob, and SHA-256 are indexed."
artifacts/features/re2ob/re2ob-df7b6eca09a6c41f.npz,npz,25936,6059b83a9899e4c2347c1a1c33148b9f4a42c056,ac3947da431200154f656bae3468ed73dec49341d24f3858314bc27ae4177b56,large frozen feature or model-state array,false,false,"Large array is not duplicated; its path, size, Git blob, and SHA-256 are indexed."
artifacts/features/re2ob/re2ob-df7e831dddfac76c.npz,npz,25636,32d373c463b98624e5714888cfa9715a05c8e759,308d3906220d421e29c15062b493f3e70d3e4f8739974f01a4d0f84093639206,large frozen feature or model-state array,false,false,"Large array is not duplicated; its path, size, Git blob, and SHA-256 are indexed."
artifacts/features/re2ob/re2ob-e16e6de30ae75ccd.npz,npz,26197,e02a026811db1d169ad2e0e0818d771804f6202b,26658957c8baa75feccd8445abff5ba9f70daf3b4db93cfcdad334d684b0dec5,large frozen feature or model-state array,false,false,"Large array is not duplicated; its path, size, Git blob, and SHA-256 are indexed."
artifacts/features/re2ob/re2ob-e357bd8aec246cdb.npz,npz,25155,1670517848ea875c79206b2f499235880e0f034f,fc758e71ce750bbb91222e4d214fcc2ac5ba966041a0510755e42012a4a6166c,large frozen feature or model-state array,false,false,"Large array is not duplicated; its path, size, Git blob, and SHA-256 are indexed."
artifacts/features/re2ob/re2ob-e849d2be7be5c713.npz,npz,24184,8e2455b3bf40a15daab3f894971f443ae5eca800,ce6442188e8ce0b3499d09fcb2c21b25dd7e5915bc4a6719b943a945f5b71cfd,large frozen feature or model-state array,false,false,"Large array is not duplicated; its path, size, Git blob, and SHA-256 are indexed."
artifacts/features/re2ob/re2ob-eb8f50fda4f9095f.npz,npz,24019,6631aee84c75cf55df091ced68706770955bee0f,c0cc4655ee0d1265ea060849831a7f8e8c0025c90006af431124af84f31b8637,large frozen feature or model-state array,false,false,"Large array is not duplicated; its path, size, Git blob, and SHA-256 are indexed."
artifacts/features/re2ob/re2ob-f209212fc63ac713.npz,npz,25500,6908231db6b7d2c7ff7b682198c1bc4dca39c580,ca01bcac688d71ee85352244ce2b2cddacc7c0391199560b0f33b96a2dde98d7,large frozen feature or model-state array,false,false,"Large array is not duplicated; its path, size, Git blob, and SHA-256 are indexed."
artifacts/features/re2ob/re2ob-f2b4cc2f87b35c03.npz,npz,26324,0a4239b28cd348ee60c0122595a41f619a99c8eb,f29b6265640b13e7f1465defd6e25fea95a4b22a7bb6ec66ef28c7af4146e4cd,large frozen feature or model-state array,false,false,"Large array is not duplicated; its path, size, Git blob, and SHA-256 are indexed."
artifacts/features/re2ob/re2ob-f30e2feeaa5218b8.npz,npz,25485,15afaaad057c2ed3937392fc1d89f5bba5dec7cc,3588afb908ea84f2622e58982f544e3384eb23949e2db3b4ecae4e9445d10cd6,large frozen feature or model-state array,false,false,"Large array is not duplicated; its path, size, Git blob, and SHA-256 are indexed."
artifacts/features/re2ob/re2ob-f874f110aae8efa9.npz,npz,24858,0295b7906b206a4b2022a67d6edd97f24a3d38e8,81ebd6ee52c65a20c6ec64857d42af69a278501c9e8d4a9ecf19cc10cb6e04e0,large frozen feature or model-state array,false,false,"Large array is not duplicated; its path, size, Git blob, and SHA-256 are indexed."
artifacts/features/re2ob/re2ob-f88fc943d724a354.npz,npz,25209,e6139f8beb4a7f2ccd9ba7b8581e42136b613ed7,5b0baa2c81535af01bf4f4df81fc13673c05401d0a0ea6df2cbb3d179a755df6,large frozen feature or model-state array,false,false,"Large array is not duplicated; its path, size, Git blob, and SHA-256 are indexed."
artifacts/features/re2ob/re2ob-fa8a8fae0fda7c42.npz,npz,25348,432f517483a8d97ac2ec12309a23090058b80e1f,17e47b886ee9ea0e7772563e78bd34bb70946880d52ecd12b1baceddf3738c8c,large frozen feature or model-state array,false,false,"Large array is not duplicated; its path, size, Git blob, and SHA-256 are indexed."
artifacts/features/re2ob/re2ob-fd67c49516fa2028.npz,npz,24450,cf4014556293878ceab1f55348fc59a9e78f37f7,9b06e978dd6e59c2a42023b11adfdf9755bf9c8151488fa9ce25a7fe8db54fd6,large frozen feature or model-state array,false,false,"Large array is not duplicated; its path, size, Git blob, and SHA-256 are indexed."
artifacts/features/re2ob/re2ob-feeaaba6c71377df.npz,npz,25730,5e00efd2b31673dca47a374669b4b34d18945369,262f9e908d5db6a65074e86e7f4a1e8c37c0414150c784b30a76f9b851f89373,large frozen feature or model-state array,false,false,"Large array is not duplicated; its path, size, Git blob, and SHA-256 are indexed."
artifacts/features/re2tt/manifest.json,json,46742,a45de72d87e90b3ce2eff4c1515f28eb2d4debe8,ac0424a4018624a61e993649e2b94c678838a2d02dfc4bf8f5c1b0694a145256,supporting source artifact,true,false,Not copied because the thesis package keeps only compact evidence needed for its tables.
artifacts/features/re2tt/re2tt-010695b192f8dbea.npz,npz,114931,5d0fd8e6571e536556c2de07244f17116647d931,9a92bc12ea07e6b499c3e7c3b00fc81d53a58df288eb49be924a4f825cfbf718,large frozen feature or model-state array,false,false,"Large array is not duplicated; its path, size, Git blob, and SHA-256 are indexed."
artifacts/features/re2tt/re2tt-01d0096e9a504ced.npz,npz,113162,01026c0213f8b05373bc754dbb41d53f48e36f4a,821abbba68dcc241526ed3fb335e8b52e1d0f07d3fea8c876cddea497727919d,large frozen feature or model-state array,false,false,"Large array is not duplicated; its path, size, Git blob, and SHA-256 are indexed."
artifacts/features/re2tt/re2tt-04ce93a682b70df6.npz,npz,114049,4875f9355066e7571ec8be1179434b77ef2e00e7,b404b339554d605bd993d476172cb8b57490344f174791c4d8f22e3a515ad3f5,large frozen feature or model-state array,false,false,"Large array is not duplicated; its path, size, Git blob, and SHA-256 are indexed."
artifacts/features/re2tt/re2tt-0b529d9f6ca88d4b.npz,npz,114395,531c5a711ad9e1fb84f618bb9175d93172b11de2,29abb6a4491f903ef818f4e237d88413a285fc2529efcec64a20d79ea2cc3fc3,large frozen feature or model-state array,false,false,"Large array is not duplicated; its path, size, Git blob, and SHA-256 are indexed."
artifacts/features/re2tt/re2tt-0f6b6213169d6acc.npz,npz,113455,5d28738aaf005fa8409e947f3e6ff89ffc76606a,4db1159ac99563a48a2a0c4cf53d7201047aed710a81ccdf64461b800c0fa65d,large frozen feature or model-state array,false,false,"Large array is not duplicated; its path, size, Git blob, and SHA-256 are indexed."
artifacts/features/re2tt/re2tt-1283c56ed7675282.npz,npz,113436,a202c462903d6e27ce8236cbb649912a2d387007,6c6830ef1da65721596537ff5a35234e3c801732fa8097ea6b1e891e270d5a10,large frozen feature or model-state array,false,false,"Large array is not duplicated; its path, size, Git blob, and SHA-256 are indexed."
artifacts/features/re2tt/re2tt-14c6e1b70d0c21e5.npz,npz,114304,3822f8fa8071c4ecc5561a048ecc8c99bd421603,8925a705dbe28760aa9878d687ece0c2cee21dabbe9eeb26d409bfc1b70e1874,large frozen feature or model-state array,false,false,"Large array is not duplicated; its path, size, Git blob, and SHA-256 are indexed."
artifacts/features/re2tt/re2tt-1d48b3aec1ec4470.npz,npz,114051,f9e042c475224179ecdbb519211ae7f788acf57a,a75a0ed6a7752018280b80d82edc1dc714d0e5e09e90b76445b8a298538101a4,large frozen feature or model-state array,false,false,"Large array is not duplicated; its path, size, Git blob, and SHA-256 are indexed."
artifacts/features/re2tt/re2tt-20258ce8dbcd2300.npz,npz,112922,e70105915709275d114619e725ca79a914a594aa,87b2fdef173a1a878a16239c682c17d7b9e2a2674b611bab7d044ca63369b704,large frozen feature or model-state array,false,false,"Large array is not duplicated; its path, size, Git blob, and SHA-256 are indexed."
artifacts/features/re2tt/re2tt-22292d58b67911fb.npz,npz,114270,d57e81074017e5bb1cc63737335b1f750797bdbc,f543b51eb7b9754f9e3af7f8b1ef220821256cc5b71320febbd068f7f431ce08,large frozen feature or model-state array,false,false,"Large array is not duplicated; its path, size, Git blob, and SHA-256 are indexed."
artifacts/features/re2tt/re2tt-2782358136a64e6c.npz,npz,116054,9edcd4e3eec0c473c2a78406f874b1a7bd181be8,f447375671463374943daad263a2341482733f878e7246d546f1d76ce907656d,large frozen feature or model-state array,false,false,"Large array is not duplicated; its path, size, Git blob, and SHA-256 are indexed."
artifacts/features/re2tt/re2tt-2a03e4ad1a1d6f85.npz,npz,113394,eb96863e0394ec41b00ef37ea14d3c4b9da16d1f,3a1a10bf5d2fc39d3307dd06bb304b350037f6ae857c415fb2baa405ecd3edf9,large frozen feature or model-state array,false,false,"Large array is not duplicated; its path, size, Git blob, and SHA-256 are indexed."
artifacts/features/re2tt/re2tt-2ae0e149b3ab15f1.npz,npz,105162,73582e23011e8abda0d43f1b50492a2f466712eb,303a2721f608ef79447f94dec2b057bd0c94aa0b75299c1aeb7d921d4a6012b1,large frozen feature or model-state array,false,false,"Large array is not duplicated; its path, size, Git blob, and SHA-256 are indexed."
artifacts/features/re2tt/re2tt-2ca7cff33586ca18.npz,npz,96846,33d67cf10404c5c3f2d1eb883435ab7796dba384,1e7b6c7d6eaa992bfbb8022edbca4eff7f8a8699278d27550f01dd0f9251d550,large frozen feature or model-state array,false,false,"Large array is not duplicated; its path, size, Git blob, and SHA-256 are indexed."
artifacts/features/re2tt/re2tt-2defd6e102bdaf53.npz,npz,113233,28f4d059694f249cf75e4b6f17d427c192ad9296,3065e34cc4d5181b94875711fbc3e52c964cfdc6847819f6ee25e1b065610874,large frozen feature or model-state array,false,false,"Large array is not duplicated; its path, size, Git blob, and SHA-256 are indexed."
artifacts/features/re2tt/re2tt-2fc3d2fb9c492b7c.npz,npz,114994,c10cee3336a6aad23786bbb929043aba545d588d,b349d158bee0d767fa8e2c05cc86e81e130236d5b3c3a02b59a9605b458ec022,large frozen feature or model-state array,false,false,"Large array is not duplicated; its path, size, Git blob, and SHA-256 are indexed."
artifacts/features/re2tt/re2tt-35e803c63786ac4e.npz,npz,113165,8bcef3811e5a36ddf0db4c5d119f372a3e612411,e45ad129c5dc4c241d4d8eaa2db9dcb886975f2137306cdc90e5be26d83a25ff,large frozen feature or model-state array,false,false,"Large array is not duplicated; its path, size, Git blob, and SHA-256 are indexed."
artifacts/features/re2tt/re2tt-38941ca70beb687a.npz,npz,114167,0af369013f8e16ab438c1c1c0baeae286e375d48,7ebba02a61510bd1af9380792ce2c970e4ab0181c636457f4361cd961b881084,large frozen feature or model-state array,false,false,"Large array is not duplicated; its path, size, Git blob, and SHA-256 are indexed."
artifacts/features/re2tt/re2tt-3bd96ed8cc02f613.npz,npz,113344,9dfe4b596ac532ace8097705ca983b3bc9343c06,97b8bf077ec93f53588a1cee70e3a0b66cb4e75b3e1d4f4bfa9c2c2525d3422e,large frozen feature or model-state array,false,false,"Large array is not duplicated; its path, size, Git blob, and SHA-256 are indexed."
artifacts/features/re2tt/re2tt-3e24ca7f9747c84e.npz,npz,113988,f6429451668ba55c7f7e326998ef37bb123bd8a6,d232aa6fe0f18979500661898d2cbdfbcc4fb968d743a1ac472730e5a3c75ef1,large frozen feature or model-state array,false,false,"Large array is not duplicated; its path, size, Git blob, and SHA-256 are indexed."
artifacts/features/re2tt/re2tt-3fffa88dd3653f99.npz,npz,114456,a940cc943a8e2434cae01ed8abe4b9adf31cb9a7,1319ffc89ba671d413ac12f2d7f1919a7f47498157b0e791eaf56ec2f0ffe2df,large frozen feature or model-state array,false,false,"Large array is not duplicated; its path, size, Git blob, and SHA-256 are indexed."
artifacts/features/re2tt/re2tt-406c40ff0016fa9c.npz,npz,112078,d72b47056d1f3dbbeb3ec72ea6fbd32f8d1fe3c9,11a356f101626884d281e103dbe47afc967c0cbb5973966d63109d4da3536bfb,large frozen feature or model-state array,false,false,"Large array is not duplicated; its path, size, Git blob, and SHA-256 are indexed."
artifacts/features/re2tt/re2tt-420fff915c5f5bc5.npz,npz,110246,b48a766eac0325c184068cef470f0c87e7167106,3b68d563ef32f8ae9834ffdc3099af65873e365464a960527f500775340d893b,large frozen feature or model-state array,false,false,"Large array is not duplicated; its path, size, Git blob, and SHA-256 are indexed."
artifacts/features/re2tt/re2tt-426ec979883ae8dc.npz,npz,104774,085c4c5ac2e4a698a914b7beec47edd94ab019d8,c59b01667f4507ce8c6cf8f7ae33c377faf23cd7be10800b1ba6d5fd62cfa6b2,large frozen feature or model-state array,false,false,"Large array is not duplicated; its path, size, Git blob, and SHA-256 are indexed."
artifacts/features/re2tt/re2tt-44604ef8713a5943.npz,npz,104965,669c856f967514da07718b002121f8d6ec833ce4,7ea7c9c2b1b90cac4e0714ce73b3f009c89f3d078e2541e806666c512a9c6894,large frozen feature or model-state array,false,false,"Large array is not duplicated; its path, size, Git blob, and SHA-256 are indexed."
artifacts/features/re2tt/re2tt-472c8339fd3703e9.npz,npz,103102,cc78f121220f2e5b0a349fada27db8b652c5c389,73b541042658f67a0b72bf7667ea5fb98b2a90eab29d73b6973e2a889a7cb35a,large frozen feature or model-state array,false,false,"Large array is not duplicated; its path, size, Git blob, and SHA-256 are indexed."
artifacts/features/re2tt/re2tt-4780a4f90c190bf4.npz,npz,104781,e6f4a5d4b4ee44d5cef66fda0be4efa204be827b,3aa65588d34e596e4e4792df4a708c1059a1a95870df2eb77ef85ff230597160,large frozen feature or model-state array,false,false,"Large array is not duplicated; its path, size, Git blob, and SHA-256 are indexed."
artifacts/features/re2tt/re2tt-56db4956167f9980.npz,npz,115434,0ab5f7b1db382175c56b76e498f29dd1a767acaa,154b5c21d3fe7fdd185b215d3ed3bd65eb7fe04ecb0e5619cfe37e292b4bd439,large frozen feature or model-state array,false,false,"Large array is not duplicated; its path, size, Git blob, and SHA-256 are indexed."
artifacts/features/re2tt/re2tt-575015aa80c376c6.npz,npz,112286,dd53bde5b8688d5286eda955daf8b0a691dfd8a4,bfab1c8c3bd7b68f1bbbf23788b3bf3d55714da85080046a9d5edd049c6f70e4,large frozen feature or model-state array,false,false,"Large array is not duplicated; its path, size, Git blob, and SHA-256 are indexed."
artifacts/features/re2tt/re2tt-5a65eea398ba8435.npz,npz,113927,f40e92e2227e5e9f8637d23efbb06c301f6f8b95,fbf8613241efb8c3e425459ee7a8382c4fe7a57cd6f11090b9d3a602e0d9a7c8,large frozen feature or model-state array,false,false,"Large array is not duplicated; its path, size, Git blob, and SHA-256 are indexed."
artifacts/features/re2tt/re2tt-5bb89b87741349d7.npz,npz,114779,bd666fb607d08a4873b379b2d4124ec8b4ff823b,becba82ba40b95265a3f600eb17fab34bd68ff0bbf23bdecc74f750bac13a38a,large frozen feature or model-state array,false,false,"Large array is not duplicated; its path, size, Git blob, and SHA-256 are indexed."
artifacts/features/re2tt/re2tt-5d2e4747cab0d818.npz,npz,114105,88d3e31b3f6c30ed31c3013957ba09c6a029ec1d,566bfa17617b06bedd966f1ba76636b0c8fb660d4e55bb70ed72335b34e390a0,large frozen feature or model-state array,false,false,"Large array is not duplicated; its path, size, Git blob, and SHA-256 are indexed."
artifacts/features/re2tt/re2tt-5f50dc54f6cb9fce.npz,npz,112729,66139da60525984ab2bf269fbf89308874be3654,00ce201f9f7b5a85578a4f3bd680755ef1f67d9391dd73b97dcb2dce0d4784b4,large frozen feature or model-state array,false,false,"Large array is not duplicated; its path, size, Git blob, and SHA-256 are indexed."
artifacts/features/re2tt/re2tt-606ef267348d40e5.npz,npz,113519,93abb158dbaf8c29d46c93228fc2df7105abdd1a,688ecb8dd9ee5589f26a1b9dedd28842b3dd864d42eed81277e1d1e0feea47d3,large frozen feature or model-state array,false,false,"Large array is not duplicated; its path, size, Git blob, and SHA-256 are indexed."
artifacts/features/re2tt/re2tt-653810995a9aa3db.npz,npz,113633,4ae66bf3f29b602900fef95a777dbc9c04d7cfd5,21c0b59eb78c6cb67698b2cd4ca8ec99cda38bed2e71cb3de7cb6e6312e36832,large frozen feature or model-state array,false,false,"Large array is not duplicated; its path, size, Git blob, and SHA-256 are indexed."
artifacts/features/re2tt/re2tt-67172e499653d426.npz,npz,114802,11bd1a379a8ae43a9d3ec1712794350ac743662d,f250b32196c4c39c30b37dedf887327ca683848172826fd9d142701ee34d43a5,large frozen feature or model-state array,false,false,"Large array is not duplicated; its path, size, Git blob, and SHA-256 are indexed."
artifacts/features/re2tt/re2tt-6a0d1ebf31fb52a6.npz,npz,112424,d5075343939d16ef40fd567f1ef9204227ccae32,1bf8bcfcc429a2a4b091e3f6567c9384268b905146830d78c4c6e09e2dacb319,large frozen feature or model-state array,false,false,"Large array is not duplicated; its path, size, Git blob, and SHA-256 are indexed."
artifacts/features/re2tt/re2tt-714d157727edd2d0.npz,npz,104438,5bcdf7de8c9082371a73e34f85a457a82cd8c2d0,cc00e59e2d229b14aa9ebb80f22ceb5fc0cf9f328805bf1d3d2895e2a890c5f8,large frozen feature or model-state array,false,false,"Large array is not duplicated; its path, size, Git blob, and SHA-256 are indexed."
artifacts/features/re2tt/re2tt-722f5f89a57be699.npz,npz,109807,88c476cb00990593ad69168c335bfff172c10ece,5e21d13e1bfd2ebde3b283b269535a050366bcb0af62ed5015c28cba48586b71,large frozen feature or model-state array,false,false,"Large array is not duplicated; its path, size, Git blob, and SHA-256 are indexed."
artifacts/features/re2tt/re2tt-727331fee88d4ce7.npz,npz,113797,ace9f0d53b871919bc4cb18b125d922ee62048b6,8296868d305973a1e849bc4af7f838d4faebe05164a681d293b52513ce727e9f,large frozen feature or model-state array,false,false,"Large array is not duplicated; its path, size, Git blob, and SHA-256 are indexed."
artifacts/features/re2tt/re2tt-72822d018b0df53f.npz,npz,115203,0066e82df7597b1e9500ad636af0341d5bbd7f55,6402216b9dbec29858428f6f27dba158d1f00b2b1616491af91724608eecbd68,large frozen feature or model-state array,false,false,"Large array is not duplicated; its path, size, Git blob, and SHA-256 are indexed."
artifacts/features/re2tt/re2tt-739ad24f1e2d7c29.npz,npz,114638,56f8826c943f0aae55befceb16dd6c1a3e5a9515,56e277293accc52901a1ea57b8f0a035e6d5c04b71bf60ff33797aa26d19b6f6,large frozen feature or model-state array,false,false,"Large array is not duplicated; its path, size, Git blob, and SHA-256 are indexed."
artifacts/features/re2tt/re2tt-783d045c8102f972.npz,npz,113618,4fb72f127f95905a63fe3db08aceb224faf5ac19,9f9dd4df626050e9b7cbb6d030447233f8b687408c1912eb3dbd588a7985afe1,large frozen feature or model-state array,false,false,"Large array is not duplicated; its path, size, Git blob, and SHA-256 are indexed."
artifacts/features/re2tt/re2tt-7cff180e5ff1cc71.npz,npz,113170,e5be36ac2c69f3fcf4de1318908152660b9e6723,000b9e1483e7485ecd8efc7de1539b61afd0deade94fcf1b2c32970dfdcd9a7a,large frozen feature or model-state array,false,false,"Large array is not duplicated; its path, size, Git blob, and SHA-256 are indexed."
artifacts/features/re2tt/re2tt-7d3fb265c1c0f9ed.npz,npz,112789,13131d4b4639dbdaa310ac856392d9f96323ee91,1bb3b4f490f8f95d7e09600fc664e077fa095d7bd564311bca81999d0227865c,large frozen feature or model-state array,false,false,"Large array is not duplicated; its path, size, Git blob, and SHA-256 are indexed."
artifacts/features/re2tt/re2tt-7d84c0b80f7f0032.npz,npz,104208,5c3ee45d066043db78230e20c3bf6399b32e589a,17414a948a014b5e39730812f30548765ee320d4f68f6234e65734cc3667b39a,large frozen feature or model-state array,false,false,"Large array is not duplicated; its path, size, Git blob, and SHA-256 are indexed."
artifacts/features/re2tt/re2tt-877f6cbd0cb33e7c.npz,npz,114780,b84b2b4347d203859cd07d7c8c685b835dd0dcfc,68701fdba86108c9599087dd0b1ec5c6314800fd7885866377bfd8c6c6e9010b,large frozen feature or model-state array,false,false,"Large array is not duplicated; its path, size, Git blob, and SHA-256 are indexed."
artifacts/features/re2tt/re2tt-93fbbdf23f58f440.npz,npz,112490,a65f020473937d1ea97293fe772b7bf7da376868,3fbed5b19a2019adb6a419e990c441d0228a6f01c32d9e043cb633b7f5ba1cf6,large frozen feature or model-state array,false,false,"Large array is not duplicated; its path, size, Git blob, and SHA-256 are indexed."
artifacts/features/re2tt/re2tt-94bd05feab03461e.npz,npz,111437,c55d5ef8576a6216abe80982d935e5899e751c80,0145a1e2276e2305427835d156aebda3ec5a8f893e7837fc475220d6266be206,large frozen feature or model-state array,false,false,"Large array is not duplicated; its path, size, Git blob, and SHA-256 are indexed."
artifacts/features/re2tt/re2tt-995607e863fb7731.npz,npz,103531,e938e889becd6487292758ce03e9f0ce39fe595b,2de6a801d5667a0c8af8cb137bb5155ba71339e25231b4686179480b2cbeef3a,large frozen feature or model-state array,false,false,"Large array is not duplicated; its path, size, Git blob, and SHA-256 are indexed."
artifacts/features/re2tt/re2tt-a0c0a90c5448e7fa.npz,npz,113019,551fad1fccb6f7dacd973c3fbac63b4968aa480f,530481df3b5eb1e8b9bed0f423844646e55ade2989a65d4dbaf7929beb4d8ef9,large frozen feature or model-state array,false,false,"Large array is not duplicated; its path, size, Git blob, and SHA-256 are indexed."
artifacts/features/re2tt/re2tt-a141811c79edaa0b.npz,npz,113401,cead6575d1251891a515edf78bab9bc03f507712,7b28860015649eda83607d641f6603686c0e548326041dce8f96255682d3aed9,large frozen feature or model-state array,false,false,"Large array is not duplicated; its path, size, Git blob, and SHA-256 are indexed."
artifacts/features/re2tt/re2tt-a33887653c475d04.npz,npz,111172,721c12577a0b39b35f429ebb836d99ed1180193a,d6e33e2b2b2f226ca18333e7cc952ec7d5a50555f8a237a5d62cded192802114,large frozen feature or model-state array,false,false,"Large array is not duplicated; its path, size, Git blob, and SHA-256 are indexed."
artifacts/features/re2tt/re2tt-a7213c3da47edbd0.npz,npz,113525,ce5b1bdc2e9f96eddfc1591c3e9e5da0877383bf,9e9290eeb125c4a36159906663f1aff2b74256ee9014ea5603fe2394741c57b6,large frozen feature or model-state array,false,false,"Large array is not duplicated; its path, size, Git blob, and SHA-256 are indexed."
artifacts/features/re2tt/re2tt-aa71e41ec8e7922d.npz,npz,114291,c33045dd5ed080cefcd66e9e07d045fe44057eeb,f99877718c5a261ff826250a3a7f52e69697e84c91b3a453649868e29cad94de,large frozen feature or model-state array,false,false,"Large array is not duplicated; its path, size, Git blob, and SHA-256 are indexed."
artifacts/features/re2tt/re2tt-ae09714023e727e1.npz,npz,110184,98588d15b6ca73ff0f7e5ca9315d02fbe5f855f3,b95dbe3448d036c2a8ecfaa72afd52cc976bbda244ebcc92ede557673c2ec1d1,large frozen feature or model-state array,false,false,"Large array is not duplicated; its path, size, Git blob, and SHA-256 are indexed."
artifacts/features/re2tt/re2tt-afdac60e6b000d3c.npz,npz,113459,97265cf7d25f973fb1142f13933ac71e77ebf657,91569b03b883434ac41c94df74a66b7bdd7ee1b59269e1a3477170823c86be9b,large frozen feature or model-state array,false,false,"Large array is not duplicated; its path, size, Git blob, and SHA-256 are indexed."
artifacts/features/re2tt/re2tt-b2342b2478b249cb.npz,npz,112714,7e9c6c206a1a1a383cb68b10daba12038615a805,708bb8a4bb90724ee5cfc1ce0d4d804f80bc11c05329a3b1bda675df7efdce9f,large frozen feature or model-state array,false,false,"Large array is not duplicated; its path, size, Git blob, and SHA-256 are indexed."
artifacts/features/re2tt/re2tt-b5173d4edf252af8.npz,npz,114323,49b8e029a3e977a710813590d0337163b6e19837,b0b172f8535021b891a8d8b669dd1f1fea871d9777e3a7704630b06748a8bca4,large frozen feature or model-state array,false,false,"Large array is not duplicated; its path, size, Git blob, and SHA-256 are indexed."
artifacts/features/re2tt/re2tt-bbbcbf7787fa152c.npz,npz,111239,02d1d46f273c6f5a47517ab4fbfd77ec43627b64,8c517592be6772034b94670c57042a1c4e6061eae765ba82b8c2359dc9c62f0b,large frozen feature or model-state array,false,false,"Large array is not duplicated; its path, size, Git blob, and SHA-256 are indexed."
artifacts/features/re2tt/re2tt-bc9cd2d131533d16.npz,npz,109458,4dbe746a83bab50678fa925ce0011ef85b5db0b8,0bf4a53a5ec76de2079622247237b4ade6595a81a8ca5c45bc48f39fd610dddc,large frozen feature or model-state array,false,false,"Large array is not duplicated; its path, size, Git blob, and SHA-256 are indexed."
artifacts/features/re2tt/re2tt-bed634aec03e773f.npz,npz,104759,898033727eb090e1a40266a3dca716f8e7932c23,fe9ceaaaefc4ae7995940cb619c17728f8d2df540816101437f982a2ff2c6e04,large frozen feature or model-state array,false,false,"Large array is not duplicated; its path, size, Git blob, and SHA-256 are indexed."
artifacts/features/re2tt/re2tt-c1b234f6cc4acbee.npz,npz,113839,a8f7d03a9a3af487deb152fcc42c3ddb569bfe66,367d0224e89e65d6c7c25b13dfecbe117b599c80a96e57878acf45dcc2760582,large frozen feature or model-state array,false,false,"Large array is not duplicated; its path, size, Git blob, and SHA-256 are indexed."
artifacts/features/re2tt/re2tt-c7f9112580bfde33.npz,npz,113617,961962bbefc9880220691c7f2c5254ad3a81af7c,ae7d9d6261b0dc45212c527ca7b437335a999c11a7e6a40184b5aa41bd84d760,large frozen feature or model-state array,false,false,"Large array is not duplicated; its path, size, Git blob, and SHA-256 are indexed."
artifacts/features/re2tt/re2tt-c82529d65e13adc0.npz,npz,114292,4410d29861deabb306e1f0686a7c13cbfb3c6138,4244ad482a69f6fbe9a2a0432147d4e95153672c1f038d083f09703900c5ed84,large frozen feature or model-state array,false,false,"Large array is not duplicated; its path, size, Git blob, and SHA-256 are indexed."
artifacts/features/re2tt/re2tt-c8fbd9a7d1e92284.npz,npz,115798,efd06d1fccd072e47ddf686c803ed7cddab3f424,48206a961c63af4cf115650e596fe4181c7aa437dd98921ae66c17a6589df2fd,large frozen feature or model-state array,false,false,"Large array is not duplicated; its path, size, Git blob, and SHA-256 are indexed."
artifacts/features/re2tt/re2tt-cb1f1df38c99005a.npz,npz,113637,9c9c8765324b494c84212b0c23ad4b641c3d0a63,6927ebb0a7b51ca98e4f76816e17155ea5517ea5434918425121d94236548566,large frozen feature or model-state array,false,false,"Large array is not duplicated; its path, size, Git blob, and SHA-256 are indexed."
artifacts/features/re2tt/re2tt-cb3381bf9ed05034.npz,npz,114290,8a0c6e65cff8e1f6440c76381b0a0a734b09d40c,bfaf1f71d73d8542c090fdabf0d6dcaeea24d9696a42d8384263ad1a005a92c7,large frozen feature or model-state array,false,false,"Large array is not duplicated; its path, size, Git blob, and SHA-256 are indexed."
artifacts/features/re2tt/re2tt-cc6c772d4116d054.npz,npz,115093,5cb8528563b9e85f8f3b102c424f48d208f816b3,d0e3a08894157b118d645054895fc1fd6700954001ece9896e025b8daf893337,large frozen feature or model-state array,false,false,"Large array is not duplicated; its path, size, Git blob, and SHA-256 are indexed."
artifacts/features/re2tt/re2tt-cdf514b035f34990.npz,npz,114728,a0d5de78b642a1f30efe63b1abe9d4d76dde05ad,bda9213d4dcd0644f552ab3186cb6e74ddd25b256885b032d46126f2555f86e8,large frozen feature or model-state array,false,false,"Large array is not duplicated; its path, size, Git blob, and SHA-256 are indexed."
artifacts/features/re2tt/re2tt-d0a74725c5d96362.npz,npz,104203,c0435dc2281e5e8e4f24909098d5559f127be4ba,56b364e2557dc669678ec3c71703a727db672408c28231467bdf7adacfdae3ab,large frozen feature or model-state array,false,false,"Large array is not duplicated; its path, size, Git blob, and SHA-256 are indexed."
artifacts/features/re2tt/re2tt-d14727a3c74e9768.npz,npz,112227,a0477d4365e8c68c9403e925ed293660282ddaa0,25dcd45210d1b769f14b3a4a46c24cb6ac8e70e58e27d11373a1896de105dfed,large frozen feature or model-state array,false,false,"Large array is not duplicated; its path, size, Git blob, and SHA-256 are indexed."
artifacts/features/re2tt/re2tt-d4b1d66aaaa1a728.npz,npz,112767,6faaecdbe71f914276b7d19d804506600d04da29,a618a783cb3f34e4fb8936c2abb5acefbd3cb5b2f801da1ff34c2df6b82f34a8,large frozen feature or model-state array,false,false,"Large array is not duplicated; its path, size, Git blob, and SHA-256 are indexed."
artifacts/features/re2tt/re2tt-d83931768111dc58.npz,npz,105380,d62837628192cbcb9f4be67bf6a1c27c90f8b590,0cc19bf32b09ce33dad6e0787efaac5397f308250df33037d460d1eae985668a,large frozen feature or model-state array,false,false,"Large array is not duplicated; its path, size, Git blob, and SHA-256 are indexed."
artifacts/features/re2tt/re2tt-e3f89de859062727.npz,npz,114258,51c53eff0f646e5367ce1ef0410986a51b9eda54,2556b97c3f6216b6222a515fc85e187110980fb6140993fc946954340c984f3c,large frozen feature or model-state array,false,false,"Large array is not duplicated; its path, size, Git blob, and SHA-256 are indexed."
artifacts/features/re2tt/re2tt-e44ccb97e7cc1570.npz,npz,114346,d3494fd17179cc3d53a3d7bfb9bceedfdf477a2f,163a971cc633465a4c299f8751fe54d857acd0c4a841b781dfbb3bade311b0b2,large frozen feature or model-state array,false,false,"Large array is not duplicated; its path, size, Git blob, and SHA-256 are indexed."
artifacts/features/re2tt/re2tt-e4be9aa8e249ddf3.npz,npz,110737,16f0a22d56a78c24607282b98d63c524db87859a,d7b51259bc580419cfbf94daadbec9a0cc41c73fc1e5f61d07dc8416fba7461f,large frozen feature or model-state array,false,false,"Large array is not duplicated; its path, size, Git blob, and SHA-256 are indexed."
artifacts/features/re2tt/re2tt-e76e500ff655313b.npz,npz,115134,b7924543c30d64e5a4ef69a453141a3cbc131772,ae9a48d7a81afa1eccc6b179b38800661497be9b3bdcd58efd15b6b92473732a,large frozen feature or model-state array,false,false,"Large array is not duplicated; its path, size, Git blob, and SHA-256 are indexed."
artifacts/features/re2tt/re2tt-e9071bdee1904785.npz,npz,114585,022dc4303fbc1b31f34f906edd29e43a73408c9c,a70e3b81530d7f47e81941bacd670f8647d206ab07f2e27e242b62d1ef3cc003,large frozen feature or model-state array,false,false,"Large array is not duplicated; its path, size, Git blob, and SHA-256 are indexed."
artifacts/features/re2tt/re2tt-ee2421859dfb0792.npz,npz,105155,da6222d502022e4173b65097d097be5b7ec002f7,6067d12c81bdaafad3b9a6d77cc8073245be72baa3da52b31b681c6e1d5aa30e,large frozen feature or model-state array,false,false,"Large array is not duplicated; its path, size, Git blob, and SHA-256 are indexed."
artifacts/features/re2tt/re2tt-f09cbf3636ad02de.npz,npz,113371,5e28f70c36089fc6d63adc2bc0239a12d57f4a15,04e92612c14eb65828fcfc10b78d906e371bc9e54b46e58909685ab218ab14f5,large frozen feature or model-state array,false,false,"Large array is not duplicated; its path, size, Git blob, and SHA-256 are indexed."
artifacts/features/re2tt/re2tt-f1aa29dd3ba2343f.npz,npz,115814,3fecc326c0de68f594ec00f71bd53a2b25befdb3,bcb9ca9ef2a64bdaac8a30cab2822461346f6c68710445b3ae07d713602c135f,large frozen feature or model-state array,false,false,"Large array is not duplicated; its path, size, Git blob, and SHA-256 are indexed."
artifacts/features/re2tt/re2tt-f5512e2434f96386.npz,npz,113060,90c67c07c106cff0548cc3fe34cd1c99117bc9ee,fcbe90deed37f9e17fb8dd9a84d738778c5bc5b56ee2c4a470389c8cc22b4e58,large frozen feature or model-state array,false,false,"Large array is not duplicated; its path, size, Git blob, and SHA-256 are indexed."
artifacts/features/re2tt/re2tt-f578fe138f6d4c7a.npz,npz,113582,20c14b095e862d133a8883d65df4e56a01a217ac,243cbf585b131b1d3cd4d5f003d1cf06d1244b5cce368a4351aac6ae60b3b045,large frozen feature or model-state array,false,false,"Large array is not duplicated; its path, size, Git blob, and SHA-256 are indexed."
artifacts/features/re2tt/re2tt-fa81461ebec56b42.npz,npz,113675,9920607c75e4cf8257964a9a60ef1be28b2c6911,4488dfe9210c293453b9a15ea4ae5075271f17cc05c8ea4fc1497c2176057895,large frozen feature or model-state array,false,false,"Large array is not duplicated; its path, size, Git blob, and SHA-256 are indexed."
artifacts/features/re2tt/re2tt-fb57d883cd727c81.npz,npz,113635,5b13d3db6b20f3eb74fe954023be2f65d51aaab1,6f714ca047124db9a70ed9370f2683c8e7b042c7d8198b40de29cf53c51b4e47,large frozen feature or model-state array,false,false,"Large array is not duplicated; its path, size, Git blob, and SHA-256 are indexed."
artifacts/features/re2tt/re2tt-fc53b7fb52199fb7.npz,npz,110243,e4a5724bb0fe57602f0b3ef01f44825a2adb016b,fcb8a1c5334c566e0b87fcdc88eeec1d0ad1306ba96b5cea70da56f54e307788,large frozen feature or model-state array,false,false,"Large array is not duplicated; its path, size, Git blob, and SHA-256 are indexed."
artifacts/features/re2tt/re2tt-fd20b1f93a6ff4c0.npz,npz,111406,c46e4db2e8c567a7be7c59ed1defabaf3a05831d,84e959abb6873dfc54c7a7f6169771f6531df71ae8d8697d4e44d30cf7c74ade,large frozen feature or model-state array,false,false,"Large array is not duplicated; its path, size, Git blob, and SHA-256 are indexed."
artifacts/features/re2tt/re2tt-fe28a6c0dbd7d892.npz,npz,113551,9c7ecfc48ec37d4bcaa2a084324945a0d7107df1,d145c8c89588ea61e488c0f2bc3a6c2fff3c1030592c9d4656c85f868ddc7179,large frozen feature or model-state array,false,false,"Large array is not duplicated; its path, size, Git blob, and SHA-256 are indexed."
artifacts/features/re2tt/re2tt-ffda523857bbf5c2.npz,npz,113516,d7176a11522387f4c157a6f513f26b19cc7161fb,6b79f2ba9970a084de7bcab5d752795314a40a710a9ee13728096700cabcacd4,large frozen feature or model-state array,false,false,"Large array is not duplicated; its path, size, Git blob, and SHA-256 are indexed."
artifacts/final_audit/anchor_feasibility.json,json,1657012,4e193c9330414e064544e184dca72c8994261b59,1fdf6fdae57dd4048d9d5fa50d06521bce13cc16b53f144a1017fe4e6702938e,complete anchor feasibility audit,true,false,"Full report is indexed; a compact, status-only thesis diagnostic is exported."
artifacts/final_audit/checksums.json,json,26792,7b695f3e93e4e8d45e93652f4c2c4a7a3f52595d,459bddf1ebb5f0c8ed269c32c53e26243fc3d289d2b302e035b525d3b0adf467,copied compact evidence,true,true,
artifacts/final_audit/control_comparisons.json,json,9767,081547b6dfb8b0ee118b8cd1e0a7894f67fd8a61,864f018f8196f4cfac233ad089b54eabf587d59ab3b4b655b609d3c33063a971,copied compact evidence,true,true,
artifacts/final_audit/controls/re2ob/s0_deterministic_metrics.json,json,23878,82dc005dc4d611d71a5897a7dc8f67eb383ba5e9,ae4a6bc7a78efdd0106936c268a2b13204a0fe144d9da4319c34631dbd023172,copied compact evidence,true,true,
artifacts/final_audit/controls/re2ob/s0_deterministic_predictions.jsonl,jsonl,52017,f8eb4f63f1b072c9260c8d1827d585751e819b47,bc9b53ff1fb8afb40be17b0f88af4e8d7358e8fb47a6fe1c8577ee06c4d0693a,copied compact evidence,true,true,
artifacts/final_audit/controls/re2ob/s0_seen_roots.json,json,561,96219d1a1dbd5f68fa0d9ac5d5c3afb01e3f9b91,b2fe7607ba8b0e9998c0536a85c4675b6f72236aca0b0eb6dd63ef49726b6c73,copied compact evidence,true,true,
artifacts/final_audit/controls/re2ob/s0_tie_neutral_metrics.json,json,30709,04c17828b87498409e561ba5cfb0cdf7fd158e6b,5d38b50d12affc61fb8e7ab55f0d67645ea7b59e126a86202275f41b8314feef,copied compact evidence,true,true,
artifacts/final_audit/controls/re2ob/s1_metrics.json,json,24665,4d64a6c5e0dca7cca7d480333e6bb774f199dc2a,9466ab90c234b1ac3406e38899531e59a601799826bdfc1d2e950ab395085e13,copied compact evidence,true,true,
artifacts/final_audit/controls/re2ob/s1_model_state/fold_0.npz,npz,970,2a3802cdcd150133b290742f4865468ad2aa26ff,1ac80526758aa53608ccc26893d375efbf54b1db017db48fa3f82a9616c83652,large frozen feature or model-state array,false,false,"Large array is not duplicated; its path, size, Git blob, and SHA-256 are indexed."
artifacts/final_audit/controls/re2ob/s1_model_state/fold_1.npz,npz,970,bc4fbff2db1d67ce9116353639dfade22219173e,78786b2566e002157e154d611ebce4e26b52add4a6395330d21a0b9871b9f9e8,large frozen feature or model-state array,false,false,"Large array is not duplicated; its path, size, Git blob, and SHA-256 are indexed."
artifacts/final_audit/controls/re2ob/s1_model_state/fold_2.npz,npz,970,f6598fe3471650c223adf9890caa1984728a4126,bda90db098b273386bd5df1558f201e14c8f4e352bcf623e17c7f81acbc894a1,large frozen feature or model-state array,false,false,"Large array is not duplicated; its path, size, Git blob, and SHA-256 are indexed."
artifacts/final_audit/controls/re2ob/s1_model_state/manifest.json,json,1844,388a526861831c809d431688b85b201f8ded9704,110a3f8db859dc7147b30751d2ef6dcab9433146d0c81c58420d510c11682e16,copied compact evidence,true,true,
artifacts/final_audit/controls/re2ob/s1_predictions.jsonl,jsonl,67206,34388c56aec1835f0e6f79b3cb5faf2e3c330132,76fe5992983b56ba1d2e1a6bdf5c82b5eae09320fbf5d6c6f20e9c3f4d7aa39b,copied compact evidence,true,true,
artifacts/final_audit/controls/re2ob/s2_metrics.json,json,24513,01d895cc0848ae6c14ae18effe1b2a734a5e302e,5a77c3f6e6dea88909caa83140d8453effbcf693633d53aae17449b6fb8c98e3,copied compact evidence,true,true,
artifacts/final_audit/controls/re2ob/s2_model_state/fold_0.npz,npz,1162,110c859c3c820668eba287f7297202d2cfa5b2ed,366ef8bc79aa629f425c370a470ae1a5ad2e5a8fb1cb6358bc19f98127e5034f,large frozen feature or model-state array,false,false,"Large array is not duplicated; its path, size, Git blob, and SHA-256 are indexed."
artifacts/final_audit/controls/re2ob/s2_model_state/fold_1.npz,npz,1162,1e524a6708b58400648761ebc5aade1e92d4963b,77603e9b5df8a78dae2993776e69f0949e11f89003862be8268469a34c7ec165,large frozen feature or model-state array,false,false,"Large array is not duplicated; its path, size, Git blob, and SHA-256 are indexed."
artifacts/final_audit/controls/re2ob/s2_model_state/fold_2.npz,npz,1162,5d0df46a944bd7cf99ddbf832e669dacd35bba9d,11b31cf2613f8ab4ecbde6cf42ee5791f60b67d6ce2f61f25571850ccfd02a16,large frozen feature or model-state array,false,false,"Large array is not duplicated; its path, size, Git blob, and SHA-256 are indexed."
artifacts/final_audit/controls/re2ob/s2_model_state/manifest.json,json,2535,b584025ad62f7c3e92bef41d85512487010569c0,71fd7355e8945e465f483a7adc620d4044469fab757f930f47819df21f12947b,copied compact evidence,true,true,
artifacts/final_audit/controls/re2ob/s2_predictions.jsonl,jsonl,66981,3f5a680bf959ca8354cb938eb7d956d495091996,19281fb2055abadac061c17ef8a35593f748136253c10148f160896fb919eba9,copied compact evidence,true,true,
artifacts/final_audit/controls/re2tt/s0_deterministic_metrics.json,json,23755,e9bf696a473ed0776366aec9173de3dce3418941,bcbce718865bce61c00445005b4b093cc6307067907b0bea954925a02b465221,copied compact evidence,true,true,
artifacts/final_audit/controls/re2tt/s0_deterministic_predictions.jsonl,jsonl,316275,8fcb999d64e66efdf70aae7e54d9816cc0efcac6,ceaa413688e3e69d2dfc2b44f1ff274db6c6176e5738a77582f57495e8867e6d,copied compact evidence,true,true,
artifacts/final_audit/controls/re2tt/s0_seen_roots.json,json,549,3763e1ce68b8b05c0930941995d6f53b5ab04f32,21480e561c296cc6b337df7e19dc1564e1f4688fd250712fda3bf1c3cebd76d7,copied compact evidence,true,true,
artifacts/final_audit/controls/re2tt/s0_tie_neutral_metrics.json,json,30633,cf178fae133cd3d1f5a22ad21b5044f58577f8b1,4f484f41ae94d11e55366048f84b72fa0a4b8b93a3a606bb7c82e19ed46fbdf0,copied compact evidence,true,true,
artifacts/final_audit/controls/re2tt/s1_metrics.json,json,24787,eaaf1f3143a78b9a7b0e63f6f97f9ea812ecbbe8,175cd95c09f5249d874c8f4667a59a687e4acb23dc70b97804f83eddee329453,copied compact evidence,true,true,
artifacts/final_audit/controls/re2tt/s1_model_state/fold_0.npz,npz,970,e47f59ca3845107987109693edeae03ab2faf556,e2793e9461409731e9ca695a3f7e147ff1a0c05f795dd0c33ab97030c252ad6c,large frozen feature or model-state array,false,false,"Large array is not duplicated; its path, size, Git blob, and SHA-256 are indexed."
artifacts/final_audit/controls/re2tt/s1_model_state/fold_1.npz,npz,970,cdc26a6b78b9c59b0f5116037d5a2981359ed34b,006ff97eb314344f403b36f5a5879f4d246880dba2e92902d277741fd6aade6b,large frozen feature or model-state array,false,false,"Large array is not duplicated; its path, size, Git blob, and SHA-256 are indexed."
artifacts/final_audit/controls/re2tt/s1_model_state/fold_2.npz,npz,970,375f0be742a9f23cc4009e59aa31bbd5ec634242,234e6491bd418a9197f0de0ff0856bd29d78bda9182ca94fea48788282005f57,large frozen feature or model-state array,false,false,"Large array is not duplicated; its path, size, Git blob, and SHA-256 are indexed."
artifacts/final_audit/controls/re2tt/s1_model_state/manifest.json,json,1845,0fc361da9ccca476a28537c68acfc8aa400603af,e5e40cbe385c866de52f4fb96e1f19c29fe9b6ce50584dd5c3c8e9b77b4a5f40,copied compact evidence,true,true,
artifacts/final_audit/controls/re2tt/s1_predictions.jsonl,jsonl,410738,932d5e63ec1b72159c13e0f0052fe1eb397b54e8,7cca12ead87c8ab14ded2039eb9266a60579f9ed3a40c9a60f793d88f38ce481,copied compact evidence,true,true,
artifacts/final_audit/controls/re2tt/s2_metrics.json,json,24987,85a3b7780930a3470257cacedcb82f71d2c68ab6,d80130e61516ff8ccb2c60bf7c0c7a8ce79dba116fc33df1a11519d12fa30138,copied compact evidence,true,true,
artifacts/final_audit/controls/re2tt/s2_model_state/fold_0.npz,npz,1162,ad447b772ab6fe61d2439c7ded4ff958a1db7576,179efdb6d8f96a41e8c2b57b6216cf0963823a9d83bb677a9d53d3b16558af96,large frozen feature or model-state array,false,false,"Large array is not duplicated; its path, size, Git blob, and SHA-256 are indexed."
artifacts/final_audit/controls/re2tt/s2_model_state/fold_1.npz,npz,1162,6b386da1b8588f14606e53464231cb8b28bdc465,57e92d19e90cac0a527616f732c01fd2302cca5862678ff2ae2c4fb2c1c40a9a,large frozen feature or model-state array,false,false,"Large array is not duplicated; its path, size, Git blob, and SHA-256 are indexed."
artifacts/final_audit/controls/re2tt/s2_model_state/fold_2.npz,npz,1162,15bb4048b9ef129c5011c08a158f46559115f658,04103607b43a76bc7187420c4b1a016da8a2b7461346fccba210677c341ef26e,large frozen feature or model-state array,false,false,"Large array is not duplicated; its path, size, Git blob, and SHA-256 are indexed."
artifacts/final_audit/controls/re2tt/s2_model_state/manifest.json,json,2538,6dfe12156633dcc3e16e773c6e23e71f5231d13d,2e2bfa096c4b134cd4444a52d29d0491edae2be00c53a00896fbce662cbee9cb,copied compact evidence,true,true,
artifacts/final_audit/controls/re2tt/s2_predictions.jsonl,jsonl,411735,acb506a82272c7a479bfd34002cb1bcff555b412,d921461143c8b80f235947dc398a108d6be97b2c07a6273d8dfc84e462ea2627,copied compact evidence,true,true,
artifacts/final_audit/environment.json,json,158,e5c137b3f414143b2022ffa332692fb3eb5d944c,37cf8c8c8e79e7dc9bf036fbe29c3a9b97d3de61274ccf57553bdcc2ebe7d0c9,copied compact evidence,true,true,
artifacts/final_audit/pre_event_features/re2ob/manifest.json,json,846,061bf081ff2d830a4fc56ed9462cd748689c3ece,99c814dbf462078d79474d4db0fda6270bf6acdd5fac5cc002ec3adc49b03bcf,copied compact evidence,true,true,
artifacts/final_audit/pre_event_features/re2ob/re2ob-0433b8cb47b1ec8e.npz,npz,1204,2970517995b3b7ceb536ba1e679f4de0b7d54f20,cc76e52fe595b5155fc11860ed80057c02d2c7778698a031ffe4859a9bc790f3,large frozen feature or model-state array,false,false,"Large array is not duplicated; its path, size, Git blob, and SHA-256 are indexed."
artifacts/final_audit/pre_event_features/re2ob/re2ob-048f2e7d7bfbc927.npz,npz,1251,beeec43770971bdad81cd863abddbabca4b9c7ac,e26b31111e130016dc90c4f08bde8b1435d6acc6f01e4aafa126f8180f77d89c,large frozen feature or model-state array,false,false,"Large array is not duplicated; its path, size, Git blob, and SHA-256 are indexed."
artifacts/final_audit/pre_event_features/re2ob/re2ob-057fe49bd30d47c0.npz,npz,1231,8079d5141a6fce384b540736e393a326bc1a2b5a,b77067e9515d284fbb2de53411296e40214dd7c81908aefb6dde381f90ad4355,large frozen feature or model-state array,false,false,"Large array is not duplicated; its path, size, Git blob, and SHA-256 are indexed."
artifacts/final_audit/pre_event_features/re2ob/re2ob-08f3e5d7b11d1fa7.npz,npz,1188,0bf12587e73654833ba3d92de4bef3c88c6f5655,5c186a3d7a6c308e847a49d845182ce21e236b65a1fbe8703927035c9bc4179f,large frozen feature or model-state array,false,false,"Large array is not duplicated; its path, size, Git blob, and SHA-256 are indexed."
artifacts/final_audit/pre_event_features/re2ob/re2ob-097a5d7ac0492007.npz,npz,1277,ac974d432b415f7ea7961bb0783a75db71e719f4,e7732862cb35d2a76ad8410e4f8f6bc5a4089f47947ed958e355b41ed7a8cad4,large frozen feature or model-state array,false,false,"Large array is not duplicated; its path, size, Git blob, and SHA-256 are indexed."
artifacts/final_audit/pre_event_features/re2ob/re2ob-0c582795f6ae4798.npz,npz,1216,d43de099b2037f0ae8f5af1076134a7ba30d4699,bb61c96f081cc59e0bb3eca180084590ca3ced901e6796630eeb4aaa47667439,large frozen feature or model-state array,false,false,"Large array is not duplicated; its path, size, Git blob, and SHA-256 are indexed."
artifacts/final_audit/pre_event_features/re2ob/re2ob-1084f320d8584c61.npz,npz,1273,bf8f4fcaaec15fd7cc648dfcf1630101060d0ee3,25a78622d3e926ca4251ae2dab83b23244ed19b836260a2647f908135998055b,large frozen feature or model-state array,false,false,"Large array is not duplicated; its path, size, Git blob, and SHA-256 are indexed."
artifacts/final_audit/pre_event_features/re2ob/re2ob-1bb2e75872fd9037.npz,npz,1180,4f929f02368a9864a213934b2bf7afa7e5609246,adbe6f8111a5a8c712ee36fd035d1a88b7f5c69d62c7614201b46dbfbf1ec8b1,large frozen feature or model-state array,false,false,"Large array is not duplicated; its path, size, Git blob, and SHA-256 are indexed."
artifacts/final_audit/pre_event_features/re2ob/re2ob-1d19cc60d7a6adc1.npz,npz,1242,5d4b116102bb0cf75cdc681fa7a95f09772bd0c6,4589c5f2c7ae7504432fdf9c552680b1c3e0b737d268ba77f5a05c11b1dbb124,large frozen feature or model-state array,false,false,"Large array is not duplicated; its path, size, Git blob, and SHA-256 are indexed."
artifacts/final_audit/pre_event_features/re2ob/re2ob-1d9a0d1641171551.npz,npz,1226,de01996b6b48dbcbe782dfc7e32ea9f2c0c11dec,043650ef9a09608db8e01b7c65b85801c30962d79cd782a0da4dc545d1cc1fb0,large frozen feature or model-state array,false,false,"Large array is not duplicated; its path, size, Git blob, and SHA-256 are indexed."
artifacts/final_audit/pre_event_features/re2ob/re2ob-23213ee605c6b050.npz,npz,1230,ad904098d7731c0e878f431227451691bb414e34,b0bb9f85d87b7c3ba61e34d8afc6e46a99d51f2ec962d0b5fd727a1964374304,large frozen feature or model-state array,false,false,"Large array is not duplicated; its path, size, Git blob, and SHA-256 are indexed."
artifacts/final_audit/pre_event_features/re2ob/re2ob-34c4e276dad53220.npz,npz,1196,4468894171a87ce80063b9efcf5e86c59d29d54c,91912617b43d434de13377197c542de7f3895babcb1dcb633d4c5156eb93201d,large frozen feature or model-state array,false,false,"Large array is not duplicated; its path, size, Git blob, and SHA-256 are indexed."
artifacts/final_audit/pre_event_features/re2ob/re2ob-35bd9974d6b59069.npz,npz,1243,f9b658101085acba420aeb2d20fc016e8e0cb1f6,40378638394c4c464bbb4c338d67c43933fe2084242b4af9e5142ba1bbd12e58,large frozen feature or model-state array,false,false,"Large array is not duplicated; its path, size, Git blob, and SHA-256 are indexed."
artifacts/final_audit/pre_event_features/re2ob/re2ob-3758cb8f0f1277f3.npz,npz,1209,129feadeae83c3f557407eb20376c56d6253be5d,389a52f5a0621da39f892a07eec6f474ba020393995637bb89a810a1652e8099,large frozen feature or model-state array,false,false,"Large array is not duplicated; its path, size, Git blob, and SHA-256 are indexed."
artifacts/final_audit/pre_event_features/re2ob/re2ob-3827c8c9ef1e8592.npz,npz,1184,3787220c38e18c9d833df3a2799dc1b8dfccb3ac,cfd07bd95551078634b9387145f219f492197c6b1d14e937e93112979305ccbe,large frozen feature or model-state array,false,false,"Large array is not duplicated; its path, size, Git blob, and SHA-256 are indexed."
artifacts/final_audit/pre_event_features/re2ob/re2ob-3e7e71a1c83dbc41.npz,npz,1209,79048b80a47b9dcb30d1017a1a1844908c372723,eed6ed4bede9505af6f5762d1b5f55cf3134e1b9c2f407e4140a8d84fe5b0cb4,large frozen feature or model-state array,false,false,"Large array is not duplicated; its path, size, Git blob, and SHA-256 are indexed."
artifacts/final_audit/pre_event_features/re2ob/re2ob-40e1893e43abba5c.npz,npz,1202,abe02d272042a2e74f0b85eea7f602aa1d0f178b,4e5fc59b2e1142114d0f793640083c3d1043261d9639fc922b3a078520421cc8,large frozen feature or model-state array,false,false,"Large array is not duplicated; its path, size, Git blob, and SHA-256 are indexed."
artifacts/final_audit/pre_event_features/re2ob/re2ob-428d5ecf570372b5.npz,npz,1206,c476c55cd1ad8e01a481ca92830b16b13c4f985f,89500f3a9a5426ab5255ed17bc9720baeac1c9b71fe9cc06c56946ae55e084ff,large frozen feature or model-state array,false,false,"Large array is not duplicated; its path, size, Git blob, and SHA-256 are indexed."
artifacts/final_audit/pre_event_features/re2ob/re2ob-42e80cf6bcd9400f.npz,npz,1203,6f0dc0cc016648a2370500dac22b8c4b714be8ed,b90410d21987d7004050f92452e50a6369e8ce4bdb8fb496fe2407a9b350328b,large frozen feature or model-state array,false,false,"Large array is not duplicated; its path, size, Git blob, and SHA-256 are indexed."
artifacts/final_audit/pre_event_features/re2ob/re2ob-435f42d94b785472.npz,npz,1233,997406360b8fe32df7221548173914a39142f648,5e8af08789da8d38cbcfacf147b4c06aada79d54512df22ea62f6e3f6578df46,large frozen feature or model-state array,false,false,"Large array is not duplicated; its path, size, Git blob, and SHA-256 are indexed."
artifacts/final_audit/pre_event_features/re2ob/re2ob-45687a171f241b04.npz,npz,1232,61c655d9ba24639801d89d7bdcc187eb0b4333aa,0ed439a4d2b8d46beee8c3941cce36b83c164d4a4163ddbf8448243ec539df9c,large frozen feature or model-state array,false,false,"Large array is not duplicated; its path, size, Git blob, and SHA-256 are indexed."
artifacts/final_audit/pre_event_features/re2ob/re2ob-4677d4ce6ef327e0.npz,npz,1253,0cd19c8b1d75697e91a26f03b33ed63849294230,0f2ecf17375731c88dcdb86f9bc2adf8e51cd467c604542e19622c26e13a7100,large frozen feature or model-state array,false,false,"Large array is not duplicated; its path, size, Git blob, and SHA-256 are indexed."
artifacts/final_audit/pre_event_features/re2ob/re2ob-48e5379f4903b1d2.npz,npz,1251,edac9bd8537d11cd6701db5ce98bba45bb6c18e4,83675da2a1592d3188e9338e37489efe2a46b9be16258eaa5d3b18da0d6fec6d,large frozen feature or model-state array,false,false,"Large array is not duplicated; its path, size, Git blob, and SHA-256 are indexed."
artifacts/final_audit/pre_event_features/re2ob/re2ob-4af0de56834334d2.npz,npz,1232,0104efadce22a579522466a403fdbac334872d8a,96469af5f26365c3d0271132f1a95a4182e8335ab115cec0f32782135bc1f62e,large frozen feature or model-state array,false,false,"Large array is not duplicated; its path, size, Git blob, and SHA-256 are indexed."
artifacts/final_audit/pre_event_features/re2ob/re2ob-4b9110d974bb1875.npz,npz,1199,8ab5171248509a767617549576a0a690cd7c315d,f8453c9f73bedfb27f88ce7d2581ba64f812ef026cfd1019ddfd63bc24e6955f,large frozen feature or model-state array,false,false,"Large array is not duplicated; its path, size, Git blob, and SHA-256 are indexed."
artifacts/final_audit/pre_event_features/re2ob/re2ob-4f85dadf2507c3ca.npz,npz,1210,6e5a09e4fc05f3fca5bb8b250b6ddb555a1f53e6,8356772702c6e946c622ed5f9e7baad4a639eb8b45b514f20aeb202d0e6ad308,large frozen feature or model-state array,false,false,"Large array is not duplicated; its path, size, Git blob, and SHA-256 are indexed."
artifacts/final_audit/pre_event_features/re2ob/re2ob-505f802370635ec3.npz,npz,1261,dba3fe6efb0b8b92f52970ca7c776b9a1a6646a3,6d335e38e7a1395e32018ffef69689173d854d2a3466b3bc4de3181871364437,large frozen feature or model-state array,false,false,"Large array is not duplicated; its path, size, Git blob, and SHA-256 are indexed."
artifacts/final_audit/pre_event_features/re2ob/re2ob-557d49794f937ec6.npz,npz,1231,b0b126f5868c8e49f1f816f97231f14c15b18105,b95a7e5c314c892b8e437077f88d12b9e5f7f05556a3890dd016b7611fd37d8d,large frozen feature or model-state array,false,false,"Large array is not duplicated; its path, size, Git blob, and SHA-256 are indexed."
artifacts/final_audit/pre_event_features/re2ob/re2ob-57b75da971aabed5.npz,npz,1247,b55c991622a39a3770b91982b7cb876f5c9fecaa,01735370860663357b9dee0a0bb313adf521947660c98cdd3c4618bc48b82f96,large frozen feature or model-state array,false,false,"Large array is not duplicated; its path, size, Git blob, and SHA-256 are indexed."
artifacts/final_audit/pre_event_features/re2ob/re2ob-58cff4fc86081830.npz,npz,1224,aad02cc7af0a65a7167d0d94987fbfd01942f3d8,1bfc6a77792d9af3db24e8d81d3dfc1ea0ad86424e5c699ca7b81ed995ee547d,large frozen feature or model-state array,false,false,"Large array is not duplicated; its path, size, Git blob, and SHA-256 are indexed."
artifacts/final_audit/pre_event_features/re2ob/re2ob-58eb5ae1a41b77e4.npz,npz,1192,1f6d7778cf7365c8959bc0041daee0e905e131f0,b9076709e7b5339532598d002776ba48c50e66f93d720cffacb1380ff9591f96,large frozen feature or model-state array,false,false,"Large array is not duplicated; its path, size, Git blob, and SHA-256 are indexed."
artifacts/final_audit/pre_event_features/re2ob/re2ob-5a4d1a4785969ab2.npz,npz,1204,7762ade3e8079001c54af103bc8bc24eecbfb373,707119db80734069537cbc665ec8682bc2314404b38d26138097f6d37750d819,large frozen feature or model-state array,false,false,"Large array is not duplicated; its path, size, Git blob, and SHA-256 are indexed."
artifacts/final_audit/pre_event_features/re2ob/re2ob-5f261573c1b3bdc5.npz,npz,1203,71559ceca7f2e28b208898769cdf65a1f4aeeb31,d8c43e8ad1dca28cdc43a364724c1e44eafe3c0b0b2d355d6311212f82ab9d02,large frozen feature or model-state array,false,false,"Large array is not duplicated; its path, size, Git blob, and SHA-256 are indexed."
artifacts/final_audit/pre_event_features/re2ob/re2ob-6521847c78ca06e9.npz,npz,1202,365a1f345a979b2a902e9f90b29e4ed9c4c915e5,0babbc2c35ec9be335add9f8c40f2370275af94fd900d181cff8c911ff049b62,large frozen feature or model-state array,false,false,"Large array is not duplicated; its path, size, Git blob, and SHA-256 are indexed."
artifacts/final_audit/pre_event_features/re2ob/re2ob-66c4b614046569c9.npz,npz,1216,f31dfb6582636df3e5ef84359a78debb27ec889b,327913135c727a308aa9e149bde7a2e2d4f11a18459880d5e72a444d5a2a1bf8,large frozen feature or model-state array,false,false,"Large array is not duplicated; its path, size, Git blob, and SHA-256 are indexed."
artifacts/final_audit/pre_event_features/re2ob/re2ob-6aa36a4c6c99d55c.npz,npz,1171,e9d1e73111b4cfcfee5f6191e30c1b5699588bee,c53e93b4db171dc7af930dadab42bb740fe1fcc7b23da91d0b7cd052f79bfc6d,large frozen feature or model-state array,false,false,"Large array is not duplicated; its path, size, Git blob, and SHA-256 are indexed."
artifacts/final_audit/pre_event_features/re2ob/re2ob-71c7f9be34b19754.npz,npz,1286,a0e4286f94c946f1bf53111a274054e3db138f13,e61511d9930a6125c6507308066c347c0f8dde5dd8b221d46ac93ad54621727a,large frozen feature or model-state array,false,false,"Large array is not duplicated; its path, size, Git blob, and SHA-256 are indexed."
artifacts/final_audit/pre_event_features/re2ob/re2ob-72b5d278f8908a0a.npz,npz,1227,499b5034ed3e8c4b51be460f32dea256690d4c75,fc60e1fe6bc3f2838357b0ad7ffd80c6e2d71f4874b7fd8b54a3110f3e54793b,large frozen feature or model-state array,false,false,"Large array is not duplicated; its path, size, Git blob, and SHA-256 are indexed."
artifacts/final_audit/pre_event_features/re2ob/re2ob-7732042f2a190c79.npz,npz,1206,989cb768ecc002ae67384a8e39e655a197c315c0,efee2a7df6c885abbc5b04e4725b4a3a8911f7b24d0f54792d68e5e37d1ea471,large frozen feature or model-state array,false,false,"Large array is not duplicated; its path, size, Git blob, and SHA-256 are indexed."
artifacts/final_audit/pre_event_features/re2ob/re2ob-784d7eb25137c3c9.npz,npz,1189,87742aff5e83d1320943f284e9ad9e692b382d77,b8d87ec2e46deb45d29e42a32d3548c1bb247d896e4d73c6ba16ba2f3ea582d5,large frozen feature or model-state array,false,false,"Large array is not duplicated; its path, size, Git blob, and SHA-256 are indexed."
artifacts/final_audit/pre_event_features/re2ob/re2ob-7858d4d3815cf005.npz,npz,1272,2eef4ef3e124841d34982bfdafc3dabddfba5cfb,1b2f7c1cee03f1c8c8c33793c6ef88860ba0e38155990f03753c09349f0cc867,large frozen feature or model-state array,false,false,"Large array is not duplicated; its path, size, Git blob, and SHA-256 are indexed."
artifacts/final_audit/pre_event_features/re2ob/re2ob-7890056e7915d551.npz,npz,1195,16209206eaa8c9364ea5989165f4c6b62d9e3049,70ba998f5825a40fa0e148ac5c04005f8b85a64ac53d614ab4eafde278120c73,large frozen feature or model-state array,false,false,"Large array is not duplicated; its path, size, Git blob, and SHA-256 are indexed."
artifacts/final_audit/pre_event_features/re2ob/re2ob-79fcefff48aef53b.npz,npz,1228,7143b4b848ac9a7d74e9ad4aa1f58878a15c1897,2d3daf465145072cc5cd99049e15f94075dc9fa60666cbbb351f1d781d5151ea,large frozen feature or model-state array,false,false,"Large array is not duplicated; its path, size, Git blob, and SHA-256 are indexed."
artifacts/final_audit/pre_event_features/re2ob/re2ob-7a91adc6e16587c6.npz,npz,1217,ab7d4a22abded6a3fe54e222b7fc8c33e7c443e4,659d3af8483b424fee7cc00546a8e08be11ec478f8ad1d12d8474e213fe3fe22,large frozen feature or model-state array,false,false,"Large array is not duplicated; its path, size, Git blob, and SHA-256 are indexed."
artifacts/final_audit/pre_event_features/re2ob/re2ob-7aec8ac514e0d064.npz,npz,1235,eaede4894d3b4c5c9d901d51139f9a2851457781,9eeb0daace9f98280be7dcdeccef16f92c5a6873955d0c20fe107930ff51cec8,large frozen feature or model-state array,false,false,"Large array is not duplicated; its path, size, Git blob, and SHA-256 are indexed."
artifacts/final_audit/pre_event_features/re2ob/re2ob-7b0a90583e047a88.npz,npz,1226,b3d454de3b94a6ae4ffaf8814294e526240dc3fd,f57cf75205e34f8b9090dd306c67bed53b154a4ff4476dc29d071dfaf3ca7943,large frozen feature or model-state array,false,false,"Large array is not duplicated; its path, size, Git blob, and SHA-256 are indexed."
artifacts/final_audit/pre_event_features/re2ob/re2ob-7c278a568194196b.npz,npz,1226,578276007ee69c900189572fd7e120f86488941f,9d0426bf36212463b2168206a0861a1341746d9a481d80829ef47a2e1a3cda22,large frozen feature or model-state array,false,false,"Large array is not duplicated; its path, size, Git blob, and SHA-256 are indexed."
artifacts/final_audit/pre_event_features/re2ob/re2ob-7f2201e9884e818e.npz,npz,1192,a15374df5efa7b840a24d4ff7ada6346e65e98fd,a4585249a0344ee4c494828d0f9b6f601b4ebcb818483995f4ee7ae2f700ecb3,large frozen feature or model-state array,false,false,"Large array is not duplicated; its path, size, Git blob, and SHA-256 are indexed."
artifacts/final_audit/pre_event_features/re2ob/re2ob-80bf4d093e6ab818.npz,npz,1173,658cb361cc58c800173d55e129a92b240be3dcdd,e80ab3d037f6c137b4506169a9cbdfabbc311f425dfb9ef5cc6304637efc9d5a,large frozen feature or model-state array,false,false,"Large array is not duplicated; its path, size, Git blob, and SHA-256 are indexed."
artifacts/final_audit/pre_event_features/re2ob/re2ob-84724d7aa2b9dabd.npz,npz,1231,fb57afe05e6b5d088875f65ac0f951b8b884c415,5a681f34e44fe08c1cc4cc87b9a08797daf6be0dd5f2d7f1d43dfa4e96f53cf3,large frozen feature or model-state array,false,false,"Large array is not duplicated; its path, size, Git blob, and SHA-256 are indexed."
artifacts/final_audit/pre_event_features/re2ob/re2ob-8f991393cb9debdf.npz,npz,1227,9a882a393aed0bc1b4da5060af4e80fd5483a352,2ab5cc9f2ab226ce50c926c3089046509ee03406fe0acef5dbc7208b2d608f81,large frozen feature or model-state array,false,false,"Large array is not duplicated; its path, size, Git blob, and SHA-256 are indexed."
artifacts/final_audit/pre_event_features/re2ob/re2ob-93de1fab2ca56e86.npz,npz,1217,e347a9bad416a3bdbe8446e3fe9d465e075ddabc,e38af1fee13f4b70e94d4e1e63bb59050960b951d37e90e3652272121c760f5b,large frozen feature or model-state array,false,false,"Large array is not duplicated; its path, size, Git blob, and SHA-256 are indexed."
artifacts/final_audit/pre_event_features/re2ob/re2ob-97935dcb7cfd6e82.npz,npz,1232,d12aa8ab0fd7731efe7ffa9a04d53ac1d9274377,70f1232f8cda7afda39825cf92a9c750f6f782f509120741cdebdf8303f0fe1c,large frozen feature or model-state array,false,false,"Large array is not duplicated; its path, size, Git blob, and SHA-256 are indexed."
artifacts/final_audit/pre_event_features/re2ob/re2ob-9e575f44de987a1a.npz,npz,1257,38b87d78b3d1f033772119dbec43a46ab1336883,f356d13cc758ffbccfab14d07007b41cdf76390a495927acd0ac8feb9df41219,large frozen feature or model-state array,false,false,"Large array is not duplicated; its path, size, Git blob, and SHA-256 are indexed."
artifacts/final_audit/pre_event_features/re2ob/re2ob-a6318b7e89546125.npz,npz,1254,893474801d191a0f31d43abf9cb7317574d607fa,214e0c32dfb3cc8916b7feb55707bb9f040c50ef14461b2f44f4cc08a3bfcff8,large frozen feature or model-state array,false,false,"Large array is not duplicated; its path, size, Git blob, and SHA-256 are indexed."
artifacts/final_audit/pre_event_features/re2ob/re2ob-a84cfdf477d8bf62.npz,npz,1181,4b20593a693a9eff1d708b173b630b063df82565,297bfe31352629a906491e7b0b1365c22c0ebe4045aaa89762e596266296f961,large frozen feature or model-state array,false,false,"Large array is not duplicated; its path, size, Git blob, and SHA-256 are indexed."
artifacts/final_audit/pre_event_features/re2ob/re2ob-abc29368674e8298.npz,npz,1218,4e8e1c2cda032e34d0b6ebf8e61869f23a38b2af,0ecb3bf828278699b2c686256919f03c24962b58854cf6ea9f3dd894352e8e56,large frozen feature or model-state array,false,false,"Large array is not duplicated; its path, size, Git blob, and SHA-256 are indexed."
artifacts/final_audit/pre_event_features/re2ob/re2ob-acf69e21960f63d8.npz,npz,1197,2481fdc9457e69516c19ea94cc4118fd391d78b3,62de221872bdb9ba1eeed8ef93a2dc8826ad4a5c27f379a46bb1c75d28e67e9d,large frozen feature or model-state array,false,false,"Large array is not duplicated; its path, size, Git blob, and SHA-256 are indexed."
artifacts/final_audit/pre_event_features/re2ob/re2ob-af1b6a7e1667e3f5.npz,npz,1219,74327f3fdafa453ca328d68290c5ddceee77eb7e,fca858f192028dd671d1bf3ecd700a51ee8553218a87f5cdf247a1aaddb0d4f1,large frozen feature or model-state array,false,false,"Large array is not duplicated; its path, size, Git blob, and SHA-256 are indexed."
artifacts/final_audit/pre_event_features/re2ob/re2ob-b17ce68eb2ce01ee.npz,npz,1221,8bd1d0fa57b3a46571cb831bae0c59395ec52746,916083929d19001eaaa6bae2a2204dafefb8d0a7b993be8163868f177fd8298d,large frozen feature or model-state array,false,false,"Large array is not duplicated; its path, size, Git blob, and SHA-256 are indexed."
artifacts/final_audit/pre_event_features/re2ob/re2ob-b6db72fc58931786.npz,npz,1194,c81b6ce8f26ba24d55714e51b4344542686a1a8d,7862990b84236a6066a6d15021cad7d69fc2f2c39be2d33bdf73271826ae371c,large frozen feature or model-state array,false,false,"Large array is not duplicated; its path, size, Git blob, and SHA-256 are indexed."
artifacts/final_audit/pre_event_features/re2ob/re2ob-b78a14faa7ea7263.npz,npz,1226,abf774494686c462c3e0f2a7ec8a08768d7712cd,9179ca83a120430f9168b99435ff6da95b5259282a20b00ffb227c7f3a2a5b7f,large frozen feature or model-state array,false,false,"Large array is not duplicated; its path, size, Git blob, and SHA-256 are indexed."
artifacts/final_audit/pre_event_features/re2ob/re2ob-b84066a37ca0c417.npz,npz,1247,66c3b71c111759a81d69e4f0c7fa5853a375aed9,d41f71ab0e9ebe2989e56ef0158e9755c0f0a81a9e736a41654e581ae3a811df,large frozen feature or model-state array,false,false,"Large array is not duplicated; its path, size, Git blob, and SHA-256 are indexed."
artifacts/final_audit/pre_event_features/re2ob/re2ob-bb4a5b75716772f9.npz,npz,1262,85823d5ee454a901eee62fc18d3f3a595e3e74c7,92ecd9a6cd7e11e736cae4d429604d85379096b890b56175d301a4ab3c9cd6f3,large frozen feature or model-state array,false,false,"Large array is not duplicated; its path, size, Git blob, and SHA-256 are indexed."
artifacts/final_audit/pre_event_features/re2ob/re2ob-bd6f4fb8e84ccb69.npz,npz,1250,2646889fe647ec531b8abf2638a638beaa47d10c,954151c32048b60e9717c88a3472a0918549a28a772fe3bbe9af06976f9104a4,large frozen feature or model-state array,false,false,"Large array is not duplicated; its path, size, Git blob, and SHA-256 are indexed."
artifacts/final_audit/pre_event_features/re2ob/re2ob-c2ac02db4e3370a9.npz,npz,1181,1841931805f3c0dd83e05abdcf1a1c7f0ea90a4e,f936b653289b6928f26be8a74de1ea4876fad0feb1cb8b056be1a0eb80619f1d,large frozen feature or model-state array,false,false,"Large array is not duplicated; its path, size, Git blob, and SHA-256 are indexed."
artifacts/final_audit/pre_event_features/re2ob/re2ob-c9c8f348d3f5974b.npz,npz,1160,67f815c9113d84a6668b4dd7d53f50a9136904c4,c25348d4a75d6ea7755808893650fd8cf39067c76fa802a8267dfc8e07a49cf6,large frozen feature or model-state array,false,false,"Large array is not duplicated; its path, size, Git blob, and SHA-256 are indexed."
artifacts/final_audit/pre_event_features/re2ob/re2ob-ca26cbb7c2cc0c87.npz,npz,1184,d7c6e0d2ea6ea9a959ed9b5d6cfe44ec2d5dc6fb,052ef860f8157b68176d8729118a5672dbfe5297d68fe77f3724b4f677cf8d42,large frozen feature or model-state array,false,false,"Large array is not duplicated; its path, size, Git blob, and SHA-256 are indexed."
artifacts/final_audit/pre_event_features/re2ob/re2ob-ce3f410f61f739c2.npz,npz,1232,91f6089cc6873736c32187e76f75ebb9fb66182d,d094ab4643e931372cd26d1a0c2fa46aa40c13ed8c43880519e0f42429649bc7,large frozen feature or model-state array,false,false,"Large array is not duplicated; its path, size, Git blob, and SHA-256 are indexed."
artifacts/final_audit/pre_event_features/re2ob/re2ob-ce93ebf8eb13a5ed.npz,npz,1241,c55da146f48b32b04ae72fe5ec067b9a9239514c,9857f85db2d931e79709ee9de79b226b58b82bbfc7bff9ddb7105b46e4678e1e,large frozen feature or model-state array,false,false,"Large array is not duplicated; its path, size, Git blob, and SHA-256 are indexed."
artifacts/final_audit/pre_event_features/re2ob/re2ob-cec5183e3f5418cf.npz,npz,1215,db77117115de7c722644a0989cb6b116eef90944,9800383e150203fcbb7d9d968bfe217ffca2371717231998ebfb39e8a7dfd821,large frozen feature or model-state array,false,false,"Large array is not duplicated; its path, size, Git blob, and SHA-256 are indexed."
artifacts/final_audit/pre_event_features/re2ob/re2ob-d0382ea6cedfbd82.npz,npz,1202,8529d1df69a4a977e10162c3842d05a572470d30,389a866e0706f66d183be0c86e8ddb63978fc4afce6f3edf2739224c4feb10e0,large frozen feature or model-state array,false,false,"Large array is not duplicated; its path, size, Git blob, and SHA-256 are indexed."
artifacts/final_audit/pre_event_features/re2ob/re2ob-d0d93705e784491a.npz,npz,1199,d74a17b3141e1d8042d275721e3973dd98928ec1,21cec5bf2ddc184ec86f1e06ff060650f5c5ed3fddd6267e2d813613128d351a,large frozen feature or model-state array,false,false,"Large array is not duplicated; its path, size, Git blob, and SHA-256 are indexed."
artifacts/final_audit/pre_event_features/re2ob/re2ob-d3f1403a4a08a3b1.npz,npz,1213,66d4cb4e66d0975959c5110be7ffc40a7474a9ff,48ecbef74fe25c66fd6d7090b1bb6e4b175f352af85a3abaf4aa1e4695dc2be4,large frozen feature or model-state array,false,false,"Large array is not duplicated; its path, size, Git blob, and SHA-256 are indexed."
artifacts/final_audit/pre_event_features/re2ob/re2ob-d7f2f8eb2f0ad646.npz,npz,1245,4637356c8fbbb39c9d21ef138bf4162a67b7a197,f738bd77e7c24b3669ec2bc2eea88b2f7d489991930e534029e52c1a2d4495c2,large frozen feature or model-state array,false,false,"Large array is not duplicated; its path, size, Git blob, and SHA-256 are indexed."
artifacts/final_audit/pre_event_features/re2ob/re2ob-da48e150772a24fd.npz,npz,1215,e3233482693b8adc341e0ccfcbf18384c364010b,f8e0b01f1a46c1f3cbabed83f45a0b43c8b4cbb3af53e6f9f6e1881695c957a4,large frozen feature or model-state array,false,false,"Large array is not duplicated; its path, size, Git blob, and SHA-256 are indexed."
artifacts/final_audit/pre_event_features/re2ob/re2ob-df7b6eca09a6c41f.npz,npz,1215,9499ab9c973e21b40a712013700b930393782d4d,2a73474c6bf0cee625c863ecbf51f122e096b9f7f311de792df732d7ae027df0,large frozen feature or model-state array,false,false,"Large array is not duplicated; its path, size, Git blob, and SHA-256 are indexed."
artifacts/final_audit/pre_event_features/re2ob/re2ob-df7e831dddfac76c.npz,npz,1216,65c64b9ef6a2296c8fd1c9bd4bd572d8fdb89adc,f40fbfc2a9f8a7ecd1a1d8f1db63ce20d1d1cd9b71848c0b278ed69b8a9e0e2d,large frozen feature or model-state array,false,false,"Large array is not duplicated; its path, size, Git blob, and SHA-256 are indexed."
artifacts/final_audit/pre_event_features/re2ob/re2ob-e16e6de30ae75ccd.npz,npz,1258,c3a6731639e95bfbd814421aa1cee091e502cdbc,110a41a2f2ea5715c1883df739f133edf1bc5be32b9e5d79d117fd78893b7d52,large frozen feature or model-state array,false,false,"Large array is not duplicated; its path, size, Git blob, and SHA-256 are indexed."
artifacts/final_audit/pre_event_features/re2ob/re2ob-e357bd8aec246cdb.npz,npz,1221,6d593362ff9598d190556f0d339860872f02339e,7e6ad654739394d7dc7ad6ae0e95b81c287bc19e82eec933d8c6f3c9d334ffb2,large frozen feature or model-state array,false,false,"Large array is not duplicated; its path, size, Git blob, and SHA-256 are indexed."
artifacts/final_audit/pre_event_features/re2ob/re2ob-e849d2be7be5c713.npz,npz,1211,f968e03ea351da81121e3569e74060df844a7ad6,01aa775e1e7523e0f93d2d4067e66ce8870744bc35dde2a2e18eec02afdbd351,large frozen feature or model-state array,false,false,"Large array is not duplicated; its path, size, Git blob, and SHA-256 are indexed."
artifacts/final_audit/pre_event_features/re2ob/re2ob-eb8f50fda4f9095f.npz,npz,1184,e129edbcd377c6c4bdd1fa7363d9de33b5274ddd,dbc0ddb8bb5fb474a17629f1ed8888be8791c090f8fb3231aaad191374f83d11,large frozen feature or model-state array,false,false,"Large array is not duplicated; its path, size, Git blob, and SHA-256 are indexed."
artifacts/final_audit/pre_event_features/re2ob/re2ob-f209212fc63ac713.npz,npz,1214,44e457ff40c14a73d46d8a52d4843aa96ef79f5a,7907e3ee799fb6b865461424799a56e976899705a5721947843abc935a27b018,large frozen feature or model-state array,false,false,"Large array is not duplicated; its path, size, Git blob, and SHA-256 are indexed."
artifacts/final_audit/pre_event_features/re2ob/re2ob-f2b4cc2f87b35c03.npz,npz,1262,b2205614e9c592269ed4f88885461d300bf27d2a,122c2d4be7b584ec1a499672948843df3051e7975c6219d97bdae6baa70a3807,large frozen feature or model-state array,false,false,"Large array is not duplicated; its path, size, Git blob, and SHA-256 are indexed."
artifacts/final_audit/pre_event_features/re2ob/re2ob-f30e2feeaa5218b8.npz,npz,1196,85bd25e45f8a8bac0038ff90ed906f179a1fd215,d24570a8433daf32ef55c0e012d334ccbc69781c601198ed5d27f9a3be80a918,large frozen feature or model-state array,false,false,"Large array is not duplicated; its path, size, Git blob, and SHA-256 are indexed."
artifacts/final_audit/pre_event_features/re2ob/re2ob-f874f110aae8efa9.npz,npz,1213,bfc31c6792bde4a5d441bcad0d9ac465c8683b3e,51ece4c0362cbcd7a68738715d8f76fac4d6045dc6177da860247428b763b089,large frozen feature or model-state array,false,false,"Large array is not duplicated; its path, size, Git blob, and SHA-256 are indexed."
artifacts/final_audit/pre_event_features/re2ob/re2ob-f88fc943d724a354.npz,npz,1181,f7224f1291d7260d18643f515f86a6d14750f4ea,eac5e8a58b988836d00757c773e3e8a22a6f0e1170578965e3c58089f0094851,large frozen feature or model-state array,false,false,"Large array is not duplicated; its path, size, Git blob, and SHA-256 are indexed."
artifacts/final_audit/pre_event_features/re2ob/re2ob-fa8a8fae0fda7c42.npz,npz,1226,d33d823737831535c33986106a562dcbf5bd4442,94b689961d81e69333997d861a6811792554431fc9e15e3c576fcc7be34fcd70,large frozen feature or model-state array,false,false,"Large array is not duplicated; its path, size, Git blob, and SHA-256 are indexed."
artifacts/final_audit/pre_event_features/re2ob/re2ob-fd67c49516fa2028.npz,npz,1202,123cdfe5ed9c04cd920cb14043188a6f4c04cf36,c67e6213720e1533bc251bc0459ed4a4bc1babde889ac46e3def009b59de3e3b,large frozen feature or model-state array,false,false,"Large array is not duplicated; its path, size, Git blob, and SHA-256 are indexed."
artifacts/final_audit/pre_event_features/re2ob/re2ob-feeaaba6c71377df.npz,npz,1208,d110e7c9f7ba534da1a857d284a5fe741c6e2cc3,462fc4e614d4bac64f899ff78bdeabb08a57776a2d945db70aed7b7eecc6c46a,large frozen feature or model-state array,false,false,"Large array is not duplicated; its path, size, Git blob, and SHA-256 are indexed."
artifacts/final_audit/pre_event_features/re2tt/manifest.json,json,846,5edf12c03c5c6a41296b470235b1db6cb1df8912,fbb8ced192d81a69d5e10e82087a0548f7d50ce199138db251b5958979af7c99,copied compact evidence,true,true,
artifacts/final_audit/pre_event_features/re2tt/re2tt-010695b192f8dbea.npz,npz,3031,f093f3820dca45ef0a4d23e997e7b3d970298448,60e6066d5f948da96ab78e70d0307311406b88722d9e8202d6535f2298237959,large frozen feature or model-state array,false,false,"Large array is not duplicated; its path, size, Git blob, and SHA-256 are indexed."
artifacts/final_audit/pre_event_features/re2tt/re2tt-01d0096e9a504ced.npz,npz,2987,fd0799555f3ae2d54cf3635400a0c9e7ca61c668,84faaa77913c68e25afca52b7b2dec7f0019120bcdfe4b2142cd4fe3f132cb91,large frozen feature or model-state array,false,false,"Large array is not duplicated; its path, size, Git blob, and SHA-256 are indexed."
artifacts/final_audit/pre_event_features/re2tt/re2tt-04ce93a682b70df6.npz,npz,3015,5e2792e81445817d00a7bffdb6a0ddc001b006fd,93de218cfcc24e48061c232586b5b2faa6ee75f2ed710e105aa9af378107e401,large frozen feature or model-state array,false,false,"Large array is not duplicated; its path, size, Git blob, and SHA-256 are indexed."
artifacts/final_audit/pre_event_features/re2tt/re2tt-0b529d9f6ca88d4b.npz,npz,2999,4a4de9ccf5444990199d6f4c703bf55ff7c5c585,7184c6e773273606b3674b03dcabe6159f195da915bab7ff0dd980132c64d410,large frozen feature or model-state array,false,false,"Large array is not duplicated; its path, size, Git blob, and SHA-256 are indexed."
artifacts/final_audit/pre_event_features/re2tt/re2tt-0f6b6213169d6acc.npz,npz,3001,8951bd6ffa07427f6b6e67140076bf0fdc721a5d,85f4a17ac5795681cd691db262aa76ea5fd4fba606207b3b2c228bca450a6207,large frozen feature or model-state array,false,false,"Large array is not duplicated; its path, size, Git blob, and SHA-256 are indexed."
artifacts/final_audit/pre_event_features/re2tt/re2tt-1283c56ed7675282.npz,npz,2975,2969dcdff4b1d2d786c4876253ed72e0af04dbf7,ff171026eae352ecd21f630166b6ccd20e923aa70a37a05e448734dd03ebace1,large frozen feature or model-state array,false,false,"Large array is not duplicated; its path, size, Git blob, and SHA-256 are indexed."
artifacts/final_audit/pre_event_features/re2tt/re2tt-14c6e1b70d0c21e5.npz,npz,3039,57e174d02a99a6cc60186da51e1a9b7e839621d2,e4b4641cb08e506c19f8e814f7cb8e3232bd01bbfd4500e2768107582538ee90,large frozen feature or model-state array,false,false,"Large array is not duplicated; its path, size, Git blob, and SHA-256 are indexed."
artifacts/final_audit/pre_event_features/re2tt/re2tt-1d48b3aec1ec4470.npz,npz,3008,2c68d9de8384b200cc0c5346e37ac44bb8b07faa,9cad1f11897e2e8a68cfb908eb05e770ae8d97f7aa0514e6dec07fc836a89657,large frozen feature or model-state array,false,false,"Large array is not duplicated; its path, size, Git blob, and SHA-256 are indexed."
artifacts/final_audit/pre_event_features/re2tt/re2tt-20258ce8dbcd2300.npz,npz,2963,5d8be0c1107f550f4d4f4eb296bc45cefc4e222c,6aab4680af841831010020b9044aeab456dff8dec0ba193dc3967099620dba3b,large frozen feature or model-state array,false,false,"Large array is not duplicated; its path, size, Git blob, and SHA-256 are indexed."
artifacts/final_audit/pre_event_features/re2tt/re2tt-22292d58b67911fb.npz,npz,3016,5dbb631a120a2b5a49854dcf0220d731aee18e8a,7797d6a3adfd9573f58331bfbf8aca54c62a2671a138583ae7f6a86db1c93dd3,large frozen feature or model-state array,false,false,"Large array is not duplicated; its path, size, Git blob, and SHA-256 are indexed."
artifacts/final_audit/pre_event_features/re2tt/re2tt-2782358136a64e6c.npz,npz,3040,968e6fae900e859439c143a4b9451c7f3a58b5ec,3b1f4558b74066bc4114e8ef53dba86fc6540e59eea5025146c83baefea987a7,large frozen feature or model-state array,false,false,"Large array is not duplicated; its path, size, Git blob, and SHA-256 are indexed."
artifacts/final_audit/pre_event_features/re2tt/re2tt-2a03e4ad1a1d6f85.npz,npz,2984,fd9189a5f6b0e6c08db726650f79e80f42cac4ac,7f9d39afdb1829b09b228323d2957c829f0269127a5dcccf90c96e2fb8e9a187,large frozen feature or model-state array,false,false,"Large array is not duplicated; its path, size, Git blob, and SHA-256 are indexed."
artifacts/final_audit/pre_event_features/re2tt/re2tt-2ae0e149b3ab15f1.npz,npz,2792,1c633f6fd70f4de3d5151d08061977d455ff91a3,41a3887d86f7127e92ffaa33b91a4898c1605872bea1e2ba91e83d01ce0e1430,large frozen feature or model-state array,false,false,"Large array is not duplicated; its path, size, Git blob, and SHA-256 are indexed."
artifacts/final_audit/pre_event_features/re2tt/re2tt-2ca7cff33586ca18.npz,npz,2440,1078797bcb7874a0ca8426a5a5c09430b77287b9,52cf7b43b05565b930ebe5f455991168e8d287637a4724fd9eceaa8e7b96b214,large frozen feature or model-state array,false,false,"Large array is not duplicated; its path, size, Git blob, and SHA-256 are indexed."
artifacts/final_audit/pre_event_features/re2tt/re2tt-2defd6e102bdaf53.npz,npz,3009,d3dcf697bb4ef93573ce04626a23461c239a4bcb,dc7341d87ff3defefc895cfb875a442699bad4fb93292fd48cf19b856d6393c0,large frozen feature or model-state array,false,false,"Large array is not duplicated; its path, size, Git blob, and SHA-256 are indexed."
artifacts/final_audit/pre_event_features/re2tt/re2tt-2fc3d2fb9c492b7c.npz,npz,2987,cef6cff2157e02687b3c50a01ea4c42cb187ae3c,83af8f3be4933dd83771762a953590f7276e5723385356ed932387bfaf13cada,large frozen feature or model-state array,false,false,"Large array is not duplicated; its path, size, Git blob, and SHA-256 are indexed."
artifacts/final_audit/pre_event_features/re2tt/re2tt-35e803c63786ac4e.npz,npz,2991,3219cee84c68fb65b6e82ce8bacbc10a455b5463,99dffeb87eccafdd03c98a55f2ae1cf97269483533edc1b40ae67cb78f7d418d,large frozen feature or model-state array,false,false,"Large array is not duplicated; its path, size, Git blob, and SHA-256 are indexed."
artifacts/final_audit/pre_event_features/re2tt/re2tt-38941ca70beb687a.npz,npz,3006,94ec449220ac11bff31f2db9aa2b056ca8872774,3c03c8b3941f52c0fb4beaf72cdf6efef62eff8e8aa082b5ed16909362cc80fd,large frozen feature or model-state array,false,false,"Large array is not duplicated; its path, size, Git blob, and SHA-256 are indexed."
artifacts/final_audit/pre_event_features/re2tt/re2tt-3bd96ed8cc02f613.npz,npz,2999,199939478037af494fba7bc25bc6ef5a7fb21f55,20498db5340d87ab6970e4815acb02ddc04a3097f186cd064f1293e4e4608c17,large frozen feature or model-state array,false,false,"Large array is not duplicated; its path, size, Git blob, and SHA-256 are indexed."
artifacts/final_audit/pre_event_features/re2tt/re2tt-3e24ca7f9747c84e.npz,npz,3011,a858e63063908854d9423f7385f08f0be320f7ae,18c5edeeae9ad1df246b649640c44b1f6dd37f1c40308d6c0dfb4901634c431c,large frozen feature or model-state array,false,false,"Large array is not duplicated; its path, size, Git blob, and SHA-256 are indexed."
artifacts/final_audit/pre_event_features/re2tt/re2tt-3fffa88dd3653f99.npz,npz,3000,7b8c118d027adf394e77d6aadb119c643cfafb9e,c3b6977a9d31c774f7b8e851d4b8e66abe079843aef3c7f31a52b6ac88ff3503,large frozen feature or model-state array,false,false,"Large array is not duplicated; its path, size, Git blob, and SHA-256 are indexed."
artifacts/final_audit/pre_event_features/re2tt/re2tt-406c40ff0016fa9c.npz,npz,2908,6670bcc70b012d5d35a8e0f5c3e23c3b9fbfee64,3cdb04c15bd952c0eda15ebba6e703c77823e5aa7419fc47e2f9455b8b58d000,large frozen feature or model-state array,false,false,"Large array is not duplicated; its path, size, Git blob, and SHA-256 are indexed."
artifacts/final_audit/pre_event_features/re2tt/re2tt-420fff915c5f5bc5.npz,npz,2897,5f34f55a07f88dea5493e0316b848d1f3614f85f,4f553991b9d04318937d92a11ea366ab065487b979e05d096ef9602fd8561a7f,large frozen feature or model-state array,false,false,"Large array is not duplicated; its path, size, Git blob, and SHA-256 are indexed."
artifacts/final_audit/pre_event_features/re2tt/re2tt-426ec979883ae8dc.npz,npz,2772,e02f096aea08a4a4b79cc8b25f8626c3c8aeca76,a6f08040cec6865cb1f709c074efaacdfb0a54ba7e82a1e677ff2beebc5179a9,large frozen feature or model-state array,false,false,"Large array is not duplicated; its path, size, Git blob, and SHA-256 are indexed."
artifacts/final_audit/pre_event_features/re2tt/re2tt-44604ef8713a5943.npz,npz,2788,012c8ce0803ec324767dfacb1987346fad908ee5,ab72bc3b67b3002cbe8076d61e0531553ecaccd23cecc041fc36b6015073eefc,large frozen feature or model-state array,false,false,"Large array is not duplicated; its path, size, Git blob, and SHA-256 are indexed."
artifacts/final_audit/pre_event_features/re2tt/re2tt-472c8339fd3703e9.npz,npz,2762,fe47671b58239066225a30d8eabd71aa9d99db0a,8ab8389f0121914e621f4a466042e77becc9bf6ce4d0b28dd4be9ceec4a527dc,large frozen feature or model-state array,false,false,"Large array is not duplicated; its path, size, Git blob, and SHA-256 are indexed."
artifacts/final_audit/pre_event_features/re2tt/re2tt-4780a4f90c190bf4.npz,npz,2796,86415517e5bf02c588ce07bdb5b099cd981a455f,3cfcf5e03b4c114236dfe50847bbbebb6d83cc188a6865264ff4b29e513fcce8,large frozen feature or model-state array,false,false,"Large array is not duplicated; its path, size, Git blob, and SHA-256 are indexed."
artifacts/final_audit/pre_event_features/re2tt/re2tt-56db4956167f9980.npz,npz,3024,ff3bc4a103a5f0cd12779e6b4364b426ceb19708,c3e0d5862e593f6bd247b3fd65911b7c9a73a2165b7a32f126ad841d3b77a715,large frozen feature or model-state array,false,false,"Large array is not duplicated; its path, size, Git blob, and SHA-256 are indexed."
artifacts/final_audit/pre_event_features/re2tt/re2tt-575015aa80c376c6.npz,npz,2991,d223fd05a1b8c5e28b9b0428163187c6764bb4df,7df5fa74dd8a2a46392ec8dedbe9fb14880553c985f460c124056f6fe1a3c697,large frozen feature or model-state array,false,false,"Large array is not duplicated; its path, size, Git blob, and SHA-256 are indexed."
artifacts/final_audit/pre_event_features/re2tt/re2tt-5a65eea398ba8435.npz,npz,3025,3ac58d45b6203816d5e0abce466d20eb69f7462f,4976412b637263aa461e0db5de4a788b8abce7ef6a342ab443a32f0995d00864,large frozen feature or model-state array,false,false,"Large array is not duplicated; its path, size, Git blob, and SHA-256 are indexed."
artifacts/final_audit/pre_event_features/re2tt/re2tt-5bb89b87741349d7.npz,npz,3003,990734b1d7aed4e46e30d9a5f470897342d9119c,7a573590debc9338fb9e184aa912d4f1451285c7148b735a136d515cfea46b6b,large frozen feature or model-state array,false,false,"Large array is not duplicated; its path, size, Git blob, and SHA-256 are indexed."
artifacts/final_audit/pre_event_features/re2tt/re2tt-5d2e4747cab0d818.npz,npz,2982,5a55ba52f5826c649df2806208f8b7e3d386844a,d9a729dc2303ae4e67f688d6db246438567bee86c29568088b4b6aa26c513f3b,large frozen feature or model-state array,false,false,"Large array is not duplicated; its path, size, Git blob, and SHA-256 are indexed."
artifacts/final_audit/pre_event_features/re2tt/re2tt-5f50dc54f6cb9fce.npz,npz,2955,d269fb27255588e57b090926329867c788037f05,dda28d53e0ba847f7ac473b501cf7c22db8f73adfd966983d45a1447f384adfa,large frozen feature or model-state array,false,false,"Large array is not duplicated; its path, size, Git blob, and SHA-256 are indexed."
artifacts/final_audit/pre_event_features/re2tt/re2tt-606ef267348d40e5.npz,npz,3012,0eb77fce91b7e214899539c37daf3328309332e7,d0b94947f4681b0493f6ed39ac2e5f733245434f84f783c8b0103e442df09150,large frozen feature or model-state array,false,false,"Large array is not duplicated; its path, size, Git blob, and SHA-256 are indexed."
artifacts/final_audit/pre_event_features/re2tt/re2tt-653810995a9aa3db.npz,npz,2995,a8dbe3c0029a85cec0fa2dbf21e4c68382a2cf68,1dbed9bf9b6c823b95ae60f914fa841528dcf141937096c62553073689ed53e2,large frozen feature or model-state array,false,false,"Large array is not duplicated; its path, size, Git blob, and SHA-256 are indexed."
artifacts/final_audit/pre_event_features/re2tt/re2tt-67172e499653d426.npz,npz,3040,a06a5f085c138c643c8e9bc997f1b06dc3e79e88,8bceed6ca42572c67b97951a4303a40eae4bea6c52cd223efa9c8d442952b323,large frozen feature or model-state array,false,false,"Large array is not duplicated; its path, size, Git blob, and SHA-256 are indexed."
artifacts/final_audit/pre_event_features/re2tt/re2tt-6a0d1ebf31fb52a6.npz,npz,2952,7e49c421b304d2ebbac7fe7f917cf2d47f0a17bf,f0e43f017abe1376be0284a692e508d0edb4f9669e558f4ea3c215a6601e8745,large frozen feature or model-state array,false,false,"Large array is not duplicated; its path, size, Git blob, and SHA-256 are indexed."
artifacts/final_audit/pre_event_features/re2tt/re2tt-714d157727edd2d0.npz,npz,2772,4734e06ce7486c0183387fd046f82f941e1f3aba,c41e574d099f57303106828405d59f36e9f0a587e34a8198bdd4faba2565c885,large frozen feature or model-state array,false,false,"Large array is not duplicated; its path, size, Git blob, and SHA-256 are indexed."
artifacts/final_audit/pre_event_features/re2tt/re2tt-722f5f89a57be699.npz,npz,2912,7f7c54c736fb0b5cb6408c0cd6fe84606a9aa5a1,cb8a8784186b8c995ed1b73c49d48b58de9df99359708b3d804930ffeb89eea1,large frozen feature or model-state array,false,false,"Large array is not duplicated; its path, size, Git blob, and SHA-256 are indexed."
artifacts/final_audit/pre_event_features/re2tt/re2tt-727331fee88d4ce7.npz,npz,2979,a79ce013fff962aef73be8f1e88b8ac47d8bc8d6,966f7152f320f25cce52f30db665e01b30b16a91b1160f28f1e8e3e0f8e92193,large frozen feature or model-state array,false,false,"Large array is not duplicated; its path, size, Git blob, and SHA-256 are indexed."
artifacts/final_audit/pre_event_features/re2tt/re2tt-72822d018b0df53f.npz,npz,3011,30ca036210f39ac9e7f72d67e70626caa7368495,4d6b5da12c8a32600ae57632c85e5f4c827e975d2561063fc40cc8cb6911c45d,large frozen feature or model-state array,false,false,"Large array is not duplicated; its path, size, Git blob, and SHA-256 are indexed."
artifacts/final_audit/pre_event_features/re2tt/re2tt-739ad24f1e2d7c29.npz,npz,2999,8600548e476bbe3508de67e428ff48b7ba43ac14,d21b18867131c8406bd92cf58112346021739b7512270de8e39611ffea2047f1,large frozen feature or model-state array,false,false,"Large array is not duplicated; its path, size, Git blob, and SHA-256 are indexed."
artifacts/final_audit/pre_event_features/re2tt/re2tt-783d045c8102f972.npz,npz,2995,79f33911dc4d0c094b144093df24ceb7e0bbc1d0,e3a9b9bc939dd1e7f6d5552053a858997568209fe92f4ef3ac4019a98e522a61,large frozen feature or model-state array,false,false,"Large array is not duplicated; its path, size, Git blob, and SHA-256 are indexed."
artifacts/final_audit/pre_event_features/re2tt/re2tt-7cff180e5ff1cc71.npz,npz,2984,08f35a4ee0e9e3c842fb560935c60ec62becab74,aeac04b87a09f858979e57a5031984be308cc5d99798c38090abed14b964e12d,large frozen feature or model-state array,false,false,"Large array is not duplicated; its path, size, Git blob, and SHA-256 are indexed."
artifacts/final_audit/pre_event_features/re2tt/re2tt-7d3fb265c1c0f9ed.npz,npz,2997,cd96c95d20eb5416a463c4988e8bf9c0fa45ddf1,191c8e3e227c6e80f3e446bc74df4a03d59962458129690a9a53f72f629786ca,large frozen feature or model-state array,false,false,"Large array is not duplicated; its path, size, Git blob, and SHA-256 are indexed."
artifacts/final_audit/pre_event_features/re2tt/re2tt-7d84c0b80f7f0032.npz,npz,2745,970b756a19cc9940d1b74966844263a3f7bf5fa1,447b801ed77fd8b6ddee8c450665bac32146b2f99994bb6ea5bf2a75f35163e8,large frozen feature or model-state array,false,false,"Large array is not duplicated; its path, size, Git blob, and SHA-256 are indexed."
artifacts/final_audit/pre_event_features/re2tt/re2tt-877f6cbd0cb33e7c.npz,npz,2989,697f01aec2f39f02b501ee1832ac8fb7e839209d,49f25008c6daf76e3ae79fdccf2f68d359806220443cbe02017c425727f0e656,large frozen feature or model-state array,false,false,"Large array is not duplicated; its path, size, Git blob, and SHA-256 are indexed."
artifacts/final_audit/pre_event_features/re2tt/re2tt-93fbbdf23f58f440.npz,npz,2982,609f50432cf70a67b97d58a008c9323bf704582e,6ddb79272aa9b7285048b9f4d672cbc3d6d85d6b427a4d9a27e51499b2308832,large frozen feature or model-state array,false,false,"Large array is not duplicated; its path, size, Git blob, and SHA-256 are indexed."
artifacts/final_audit/pre_event_features/re2tt/re2tt-94bd05feab03461e.npz,npz,3018,56bac0fd00f928a1f7a79bbfa7613e0ab0c3b993,f60417189f948fdb345420b25bc421d17cc50a175de3b89f043837dab38077d5,large frozen feature or model-state array,false,false,"Large array is not duplicated; its path, size, Git blob, and SHA-256 are indexed."
artifacts/final_audit/pre_event_features/re2tt/re2tt-995607e863fb7731.npz,npz,2758,c959a9fd1e9fafece6e6dee827c0e1f56eb4c329,32d92611578a7f085262d6fb26ee53d2c41b66b3471deca65b5445477bd7c0fb,large frozen feature or model-state array,false,false,"Large array is not duplicated; its path, size, Git blob, and SHA-256 are indexed."
artifacts/final_audit/pre_event_features/re2tt/re2tt-a0c0a90c5448e7fa.npz,npz,2983,71d05ed108050dc777858d0ac511fcd9e6f74c7b,47341cf6fbb6b55cd1970ed213a1cdcfea12aa246f4713ea4fcca57979052c94,large frozen feature or model-state array,false,false,"Large array is not duplicated; its path, size, Git blob, and SHA-256 are indexed."
artifacts/final_audit/pre_event_features/re2tt/re2tt-a141811c79edaa0b.npz,npz,3025,a594428d26864b2975a8b4e8e11847e134aca4a1,46b98f176f49e71e27ca86c4617004b9550423a182376dbb8c78be2c07144c7d,large frozen feature or model-state array,false,false,"Large array is not duplicated; its path, size, Git blob, and SHA-256 are indexed."
artifacts/final_audit/pre_event_features/re2tt/re2tt-a33887653c475d04.npz,npz,2935,d21d87cb073e230776ff05408db77a20bd9ece41,89b9719b82712a7d845641af5a2c69d7ba6ac9f98e2f66221cc9ae8ee302df8c,large frozen feature or model-state array,false,false,"Large array is not duplicated; its path, size, Git blob, and SHA-256 are indexed."
artifacts/final_audit/pre_event_features/re2tt/re2tt-a7213c3da47edbd0.npz,npz,2993,602f620cd138142eff0ed000b54eabc60d2b17b6,40ba9ca022e4c47cb9762df759e55af5569abf238dd0a913b9a353b96c405546,large frozen feature or model-state array,false,false,"Large array is not duplicated; its path, size, Git blob, and SHA-256 are indexed."
artifacts/final_audit/pre_event_features/re2tt/re2tt-aa71e41ec8e7922d.npz,npz,3012,4f88e8bf59cac7960cd8908d9ef6d499781522ca,2c259eaf5b2e9171618d8b0ed975294d359bb1ec15fc0373ca2fc699bb653c35,large frozen feature or model-state array,false,false,"Large array is not duplicated; its path, size, Git blob, and SHA-256 are indexed."
artifacts/final_audit/pre_event_features/re2tt/re2tt-ae09714023e727e1.npz,npz,2891,8a98a3667b545725716e93616f86cbfac1547414,fde98e716ceb220161287365e63e1510341551c16834201b1afd41df4a9cd215,large frozen feature or model-state array,false,false,"Large array is not duplicated; its path, size, Git blob, and SHA-256 are indexed."
artifacts/final_audit/pre_event_features/re2tt/re2tt-afdac60e6b000d3c.npz,npz,3003,cdd0eb5517a088c5074377471791ae8f2fd1e481,dc771597c68b329780352b336924b7b9bbf6a3edfff539dbfa894db6fe09daff,large frozen feature or model-state array,false,false,"Large array is not duplicated; its path, size, Git blob, and SHA-256 are indexed."
artifacts/final_audit/pre_event_features/re2tt/re2tt-b2342b2478b249cb.npz,npz,3012,0aebc88bddd0cb34ab30281c6078ee5aea5f6afb,2551073538bb1939e7f564c6cd063c9a61c3c46521baddf3c647209f3922c178,large frozen feature or model-state array,false,false,"Large array is not duplicated; its path, size, Git blob, and SHA-256 are indexed."
artifacts/final_audit/pre_event_features/re2tt/re2tt-b5173d4edf252af8.npz,npz,2988,fea70fb6741cd91de4f4bd5447afb7d2fd0b275f,20132ea43ca89295fc4510cf0610ac0b374f1d0cf9945ba2a962ed81b6302883,large frozen feature or model-state array,false,false,"Large array is not duplicated; its path, size, Git blob, and SHA-256 are indexed."
artifacts/final_audit/pre_event_features/re2tt/re2tt-bbbcbf7787fa152c.npz,npz,2900,eb0b3132cbff855794c112e7439b771d225c9b5b,8483c8540ca353f401df369e86d01190443477fb38e6d68ba5145c9431f9095b,large frozen feature or model-state array,false,false,"Large array is not duplicated; its path, size, Git blob, and SHA-256 are indexed."
artifacts/final_audit/pre_event_features/re2tt/re2tt-bc9cd2d131533d16.npz,npz,2847,7145b0bcfec62519c72ca0c7df653432dfdd5a97,dffb2575123358233e502251be07aca2c8ad38e5db1677689c1623615bd9805f,large frozen feature or model-state array,false,false,"Large array is not duplicated; its path, size, Git blob, and SHA-256 are indexed."
artifacts/final_audit/pre_event_features/re2tt/re2tt-bed634aec03e773f.npz,npz,2819,d07b2637c07eba02274a07419a2e591c57a859f6,df5615f2c9929d635ec8bb8ac0c866a27e53826df79c10120a5dc6d9af6a6265,large frozen feature or model-state array,false,false,"Large array is not duplicated; its path, size, Git blob, and SHA-256 are indexed."
artifacts/final_audit/pre_event_features/re2tt/re2tt-c1b234f6cc4acbee.npz,npz,3042,073743214c70985ccbdbb91e1636556c6241e56b,5484f0b731dc72f379b2f209b94cbba4cc179e10b226c7d797cafe796a940e5f,large frozen feature or model-state array,false,false,"Large array is not duplicated; its path, size, Git blob, and SHA-256 are indexed."
artifacts/final_audit/pre_event_features/re2tt/re2tt-c7f9112580bfde33.npz,npz,3008,0b57e5eb45be64df8bc9f0dd5ed5c9f3df794472,e4e4bd5d9ff568ff3ebd8f0a29006122cecf7dc23e167958103d53672287c8cb,large frozen feature or model-state array,false,false,"Large array is not duplicated; its path, size, Git blob, and SHA-256 are indexed."
artifacts/final_audit/pre_event_features/re2tt/re2tt-c82529d65e13adc0.npz,npz,3038,63de32885a0fa0aae035fe01e257eaba3105138a,45b720fa408604f4ccf485c7968b0a66659c5fd1b0a263a369424cfff8f0954f,large frozen feature or model-state array,false,false,"Large array is not duplicated; its path, size, Git blob, and SHA-256 are indexed."
artifacts/final_audit/pre_event_features/re2tt/re2tt-c8fbd9a7d1e92284.npz,npz,3035,d482c0c7b0adbe1e41a0c91cdec3a48ddcd7dbf8,52077736d189ce13ecac0c5a725dce39d0e067ef26c35b69230bc19ef2155773,large frozen feature or model-state array,false,false,"Large array is not duplicated; its path, size, Git blob, and SHA-256 are indexed."
artifacts/final_audit/pre_event_features/re2tt/re2tt-cb1f1df38c99005a.npz,npz,3001,6eaf0538bdb1c4d46866f5f3fe180c9e6cd6fa06,a196fe9bef827bf1ad534674e8eb2c1bdfcedd1594289cd4a3febd33f12f15c0,large frozen feature or model-state array,false,false,"Large array is not duplicated; its path, size, Git blob, and SHA-256 are indexed."
artifacts/final_audit/pre_event_features/re2tt/re2tt-cb3381bf9ed05034.npz,npz,2982,1e0dde8940edb394a16ca18969eca59aa6bf57d1,121e2ad13206267d2bd20e1bf950cef903f835b53d8de52155745040d7bd5a8f,large frozen feature or model-state array,false,false,"Large array is not duplicated; its path, size, Git blob, and SHA-256 are indexed."
artifacts/final_audit/pre_event_features/re2tt/re2tt-cc6c772d4116d054.npz,npz,3031,f1df4e71eb2ab60890e8646cba24312eae9ab0ab,d5d19e2e1cd0f6f9803e0145a660abd443ed174c93ee6d354d0189fc7096416e,large frozen feature or model-state array,false,false,"Large array is not duplicated; its path, size, Git blob, and SHA-256 are indexed."
artifacts/final_audit/pre_event_features/re2tt/re2tt-cdf514b035f34990.npz,npz,2993,b2a132307b8a7a46eea30a3b254864237e0bc91c,57c1cd80505381cca78215431d1fcf431f4e6d24c5ef0346cb4094b168418596,large frozen feature or model-state array,false,false,"Large array is not duplicated; its path, size, Git blob, and SHA-256 are indexed."
artifacts/final_audit/pre_event_features/re2tt/re2tt-d0a74725c5d96362.npz,npz,2766,e2213da3fa97d3d8743a23f5d3c756895fcc353f,d2eaf54673d6c1e488f5284629bd7c355e7d71d0170335a0b2382d0916c5a1eb,large frozen feature or model-state array,false,false,"Large array is not duplicated; its path, size, Git blob, and SHA-256 are indexed."
artifacts/final_audit/pre_event_features/re2tt/re2tt-d14727a3c74e9768.npz,npz,2947,88373650128e8b5ef4cc8df496253b9db86cbef5,6e6ef9619e2f96153d8d9bc83c716a3e8ef92124f13d5c8975556393827e9dd4,large frozen feature or model-state array,false,false,"Large array is not duplicated; its path, size, Git blob, and SHA-256 are indexed."
artifacts/final_audit/pre_event_features/re2tt/re2tt-d4b1d66aaaa1a728.npz,npz,3004,382f36c5e9870296e6a4f172eba880fe2bdc901d,f22ccd673578224606d458b81b04555818ff20f63bcfff8c3958d4aeaffb789b,large frozen feature or model-state array,false,false,"Large array is not duplicated; its path, size, Git blob, and SHA-256 are indexed."
artifacts/final_audit/pre_event_features/re2tt/re2tt-d83931768111dc58.npz,npz,2760,1db8622cf533590e6240720fba9c568e1374115d,82d0d1de88200b4b6934f2b83b14f64f88300cf5fd12cfa3117607dec58c9c4f,large frozen feature or model-state array,false,false,"Large array is not duplicated; its path, size, Git blob, and SHA-256 are indexed."
artifacts/final_audit/pre_event_features/re2tt/re2tt-e3f89de859062727.npz,npz,2988,876045efb2007ea282e12ce615ba067e7f6bf0a4,abb6d251deba98d35fedf9e26859a9cddfaf414514e3a5a5ba9de4b48050b95f,large frozen feature or model-state array,false,false,"Large array is not duplicated; its path, size, Git blob, and SHA-256 are indexed."
artifacts/final_audit/pre_event_features/re2tt/re2tt-e44ccb97e7cc1570.npz,npz,3001,c93e2e41c2cbcb08a34fcecb09ec4bde4c66fd17,e034bd82db64ad4d1292c2b9156c3ce9f553fe7836827f48273d1b15e34a1322,large frozen feature or model-state array,false,false,"Large array is not duplicated; its path, size, Git blob, and SHA-256 are indexed."
artifacts/final_audit/pre_event_features/re2tt/re2tt-e4be9aa8e249ddf3.npz,npz,3024,f51a5a824f6ac6048a12e5184333880840ee9267,52e64d5290a1d7f44335e2f97b1ad3e8930078598cbf54bd7a5cd3142b582d1c,large frozen feature or model-state array,false,false,"Large array is not duplicated; its path, size, Git blob, and SHA-256 are indexed."
artifacts/final_audit/pre_event_features/re2tt/re2tt-e76e500ff655313b.npz,npz,3051,c2f44c56aa3fb82e7ff89c8ac8c4f22ac94c5695,517f59b649852dfd08f126a3e47a8e7d37befbb362869a709e2b55e9aac331ed,large frozen feature or model-state array,false,false,"Large array is not duplicated; its path, size, Git blob, and SHA-256 are indexed."
artifacts/final_audit/pre_event_features/re2tt/re2tt-e9071bdee1904785.npz,npz,3021,fddaf54b75a0024adde822dc4d572b4fb860555f,e16bc8fb0f69acc940497eb70be68701b57cfba515084d1cb492915d0b6d6096,large frozen feature or model-state array,false,false,"Large array is not duplicated; its path, size, Git blob, and SHA-256 are indexed."
artifacts/final_audit/pre_event_features/re2tt/re2tt-ee2421859dfb0792.npz,npz,2779,a4679cde36c5c53934209bc4b1430ed8402437b9,1a4fa5d2695cd90f24403cbda3ff8dde9cee300399d0f8e06b7e3cf255ebde22,large frozen feature or model-state array,false,false,"Large array is not duplicated; its path, size, Git blob, and SHA-256 are indexed."
artifacts/final_audit/pre_event_features/re2tt/re2tt-f09cbf3636ad02de.npz,npz,3025,fd3536f3b0d09b77eae094b297db184e2921ce6f,af2039fe1d881bea88685c618eecee13d346f3cfbb281c76f1b3b2181a066477,large frozen feature or model-state array,false,false,"Large array is not duplicated; its path, size, Git blob, and SHA-256 are indexed."
artifacts/final_audit/pre_event_features/re2tt/re2tt-f1aa29dd3ba2343f.npz,npz,3015,2f7ad3d6a6269b222ba217ad5f87b6a0a27e9be1,d031e113839ed8a1d2725f178203920977489084ddc6c14d861c4544e474a87f,large frozen feature or model-state array,false,false,"Large array is not duplicated; its path, size, Git blob, and SHA-256 are indexed."
artifacts/final_audit/pre_event_features/re2tt/re2tt-f5512e2434f96386.npz,npz,2989,7b0a5c30b9b0a8451b4566efe3c55a37e147f242,976a56deeeb428fdd6c6182ee89d8ecd4a20909e646ae8223da2c2951de97374,large frozen feature or model-state array,false,false,"Large array is not duplicated; its path, size, Git blob, and SHA-256 are indexed."
artifacts/final_audit/pre_event_features/re2tt/re2tt-f578fe138f6d4c7a.npz,npz,2989,a5f181e209d539c6052a0f72cc8d5fa60fd07a88,e9f43f8f37fb18626c096b06926b1cd3b76f39499ddaffb7e763fc9fc2ec65a1,large frozen feature or model-state array,false,false,"Large array is not duplicated; its path, size, Git blob, and SHA-256 are indexed."
artifacts/final_audit/pre_event_features/re2tt/re2tt-fa81461ebec56b42.npz,npz,2994,6677b234b31dc52e43227719e66d8710d9a178a8,ec960ce659bda5e71fb0b78acd0d137a47794f9ee131374099cb099a3f9f41c1,large frozen feature or model-state array,false,false,"Large array is not duplicated; its path, size, Git blob, and SHA-256 are indexed."
artifacts/final_audit/pre_event_features/re2tt/re2tt-fb57d883cd727c81.npz,npz,2998,7a8be90e19ec4c0f275acb6695f938d0246cb07b,22ff845b0981f8590f716837c2982adf1ca443aaaacd39ed74672336577b9ca0,large frozen feature or model-state array,false,false,"Large array is not duplicated; its path, size, Git blob, and SHA-256 are indexed."
artifacts/final_audit/pre_event_features/re2tt/re2tt-fc53b7fb52199fb7.npz,npz,2888,9685f5383c063fb94d3056a79eddfd024abdeb65,6151c8efaaf27bc21f809d2e012ab62db44f1d651c0daa8b2b09f3027e189ec1,large frozen feature or model-state array,false,false,"Large array is not duplicated; its path, size, Git blob, and SHA-256 are indexed."
artifacts/final_audit/pre_event_features/re2tt/re2tt-fd20b1f93a6ff4c0.npz,npz,2977,e17dea0c2e487bf7b72dcba599970c1f3a06817b,51fecd9070eb631d191b97b2ab2dd075ee292920faf28972c1b4a41549ecf5d3,large frozen feature or model-state array,false,false,"Large array is not duplicated; its path, size, Git blob, and SHA-256 are indexed."
artifacts/final_audit/pre_event_features/re2tt/re2tt-fe28a6c0dbd7d892.npz,npz,3008,c3c1c4c7cfaa1b006131dfa7a8b9258793b612f3,68398808042b21fa5af9453bc9feacb98e5987905312794b63be69b8e6180bbd,large frozen feature or model-state array,false,false,"Large array is not duplicated; its path, size, Git blob, and SHA-256 are indexed."
artifacts/final_audit/pre_event_features/re2tt/re2tt-ffda523857bbf5c2.npz,npz,2988,c2ec8a2a6606d86d9e18a85e3194b3bec057e5eb,a7d3ca04dff7394918e22d2758c2874a24125fbc802142e7b3e4f387982dccb4,large frozen feature or model-state array,false,false,"Large array is not duplicated; its path, size, Git blob, and SHA-256 are indexed."
artifacts/final_audit/provenance.json,json,645,8e1765a160034618c6771a046cf74e6f7443d927,d10457cfc2340361f5ed6dd4d4890c82c47e41d76a90e88d907821f24c18f7fe,copied compact evidence,true,true,
artifacts/final_audit/runtime.json,json,44,792604ebccc642a293f1923aedf584a7aaf674d9,89c4d25cc4ced52e0e86ede953bb2a92b6b0dcf993a2f5da0b148778a8367adb,copied compact evidence,true,true,
artifacts/final_audit/s3_service_identity/checksums.json,json,346,d5c30782eec0edebfa45a199527a09f974a52241,e74431dbe79215144081677cde25dbcbe915e22316da127a03e4c9e46f2fd7fc,copied compact evidence,true,true,
artifacts/final_audit/s3_service_identity/provenance.json,json,687,dfcdeb9acc5a5be8bdd2d09591433cda3443320e,df1760644a17a026c00c05d81611873c4a470305e10b3869a68ec997bfd874d3,copied compact evidence,true,true,
artifacts/final_audit/s3_service_identity/re2ob.json,json,4163,c7867ebe04c3ed6521b6d3380dea76665268252a,6da767f62c62ac8c66dd0e4425bdd70afa3c720492112379f89634204a3c2bc5,copied compact evidence,true,true,
artifacts/final_audit/s3_service_identity/re2tt.json,json,18209,f06ec2132381af1b85fa084fd35d221ecb0e467c,12e31175902dd9b1b772b373f8a182ba1d30f8abdab38307cba2e3ecc42bca59,copied compact evidence,true,true,
artifacts/final_audit/s3_service_identity/summary.json,json,23983,aa2e88adde1dd6b47238752dfc404c1db0d92505,3a7d75b0ced5a3128a6597aee7ae7902a57b3daaa6110990e8912a340f61cc39,copied compact evidence,true,true,
artifacts/final_audit/summary.json,json,12903,03d71623f1602899ed65ea998a887e54972f324c,61d48c6c9b505874ac0929452f5f8f5416b8c224057b04a90aecf92c4576de1f,copied compact evidence,true,true,
artifacts/final_method/re2ob/checksums.json,json,1299,ec0472f03cec8d554f97fbaeba2dda6766b199a8,d7027e190d776a9091f84f81f3dc293973c4cb3e7abcc45932c0a9ebd90d624f,copied compact evidence,true,true,
artifacts/final_method/re2ob/config.json,json,3088,4acd42e43527e9274aa12029effbab509136475c,7c05c384d20e9538da30a4fd6d4ab9467053396b250c1d1051db0236ce1aadcf,copied compact evidence,true,true,
artifacts/final_method/re2ob/environment.json,json,158,e5c137b3f414143b2022ffa332692fb3eb5d944c,37cf8c8c8e79e7dc9bf036fbe29c3a9b97d3de61274ccf57553bdcc2ebe7d0c9,copied compact evidence,true,true,
artifacts/final_method/re2ob/metrics.json,json,23819,0283f6bd6145d2423624d7446d262ee38e944d40,080a4035753de2d9c8eeb15e9f4d18d43be34116ee9a3b7e0954ed797f5a43d1,copied compact evidence,true,true,
artifacts/final_method/re2ob/model_state/fold_0.json,json,3559,144524ab060e9afdc2071fc9f4be2ec6cbef5c68,3c337dc225a6a912f7bc6fa5ee9c80e6a230c8cc0a70ab1d0b3e97ce3c443aaf,supporting source artifact,true,false,Not copied because the thesis package keeps only compact evidence needed for its tables.
artifacts/final_method/re2ob/model_state/fold_0.npz,npz,2410,ecebfbdb063874e954d8523620d38365a0080b60,7bacd758134fcd8363e032dab2096b7d73ca79d9da618928f455a9f083ec40cd,large frozen feature or model-state array,false,false,"Large array is not duplicated; its path, size, Git blob, and SHA-256 are indexed."
artifacts/final_method/re2ob/model_state/fold_1.json,json,3559,87e833df4bda1ac3bca42b052e0e5b062f3e2815,95e88bb82867cb46df48512cde8fea7cc70dab0904b2bcd8fc332282f6c075ab,supporting source artifact,true,false,Not copied because the thesis package keeps only compact evidence needed for its tables.
artifacts/final_method/re2ob/model_state/fold_1.npz,npz,2410,ad3dd7223bb5ac0c7c5a7aac6764112bdd4159a0,0517eaeba39f202140d96ed9d0405204ec1729b19c5a7080e6a448991f5190fd,large frozen feature or model-state array,false,false,"Large array is not duplicated; its path, size, Git blob, and SHA-256 are indexed."
artifacts/final_method/re2ob/model_state/fold_2.json,json,3558,acc1dc559a65378f9c07ab4675eb67c878bc8554,498e541283be70c14269bc21f4f63b1ddd5aea3a21650958f7bd3e09769c750f,supporting source artifact,true,false,Not copied because the thesis package keeps only compact evidence needed for its tables.
artifacts/final_method/re2ob/model_state/fold_2.npz,npz,2410,58ac7980271276c9c8ff590e5844d2f15f99e942,1a818fa1faf0a541c15a7055f492feca0454d8b98da0308e8ed504e36a80e557,large frozen feature or model-state array,false,false,"Large array is not duplicated; its path, size, Git blob, and SHA-256 are indexed."
artifacts/final_method/re2ob/model_state_manifest.json,json,11255,2887f1b40778350940c824d5a60ffc6d896d543e,cdd1ed0a94418b9d1d61fafee87fda5624ea9a7adbbb01f4509b5300572b11fc,copied compact evidence,true,true,
artifacts/final_method/re2ob/predictions.jsonl,jsonl,66819,6e77ba9133cbd94d564ef07c9500ef4a76c26164,1d3bbc30869062c30569bd7b752cc2520d8e1337b8861bf11e55bbd69eaf5ff5,copied compact evidence,true,true,
artifacts/final_method/re2ob/provenance.json,json,703,1ebf9a8d19f0953147aafa7178a36ac81405994f,34c0628c090b8fedaa6da3d6544d591cf541f3904bbed809ed06c21922ef3232,copied compact evidence,true,true,
artifacts/final_method/re2ob/replay_audit.json,json,835,5242fc19b2761d227a309f9dbdf81a11f39a6ee4,53da9cb191a47a064aecb7e32393df74ab56960bcf0aab068d54cd52deb85537,copied compact evidence,true,true,
artifacts/final_method/re2ob/runtime.json,json,94,a35ae20a426b7d8be0ccdc2ecaebf34b48616d72,6eb3159371e835b68950982453c0b79d6ea0ca6b590217cc7350a6f6282ff757,copied compact evidence,true,true,
artifacts/final_method/re2tt/checksums.json,json,1299,5b3c74644a2ae8029e605d7be258b0ab8615412f,d831a32eaf7599e90513fe850ad7fcd8575646261f7afb0276d375a3569c467e,copied compact evidence,true,true,
artifacts/final_method/re2tt/config.json,json,3088,4acd42e43527e9274aa12029effbab509136475c,7c05c384d20e9538da30a4fd6d4ab9467053396b250c1d1051db0236ce1aadcf,copied compact evidence,true,true,
artifacts/final_method/re2tt/environment.json,json,158,e5c137b3f414143b2022ffa332692fb3eb5d944c,37cf8c8c8e79e7dc9bf036fbe29c3a9b97d3de61274ccf57553bdcc2ebe7d0c9,copied compact evidence,true,true,
artifacts/final_method/re2tt/metrics.json,json,24205,4e4ac01621dc4d635a3ce3a11020cbc59385bf68,7dfcafc271420df860877e11c87778fba32a75793a3006a5ab48d3fad4f5ef5c,copied compact evidence,true,true,
artifacts/final_method/re2tt/model_state/fold_0.json,json,3560,d8838965cb69943816475f412bced3f9876e7b31,c2662b56d5bc39ea28aee4e5c109a067bccbc446bbe6ed9cbb28eabaf6c67a45,supporting source artifact,true,false,Not copied because the thesis package keeps only compact evidence needed for its tables.
artifacts/final_method/re2tt/model_state/fold_0.npz,npz,2410,f3aad601181df9cd124abcbc3474484d77d59544,8f79631b997c55e236cecb6241a0b564ce9e925a0f502ab5ed78b3f141494cd7,large frozen feature or model-state array,false,false,"Large array is not duplicated; its path, size, Git blob, and SHA-256 are indexed."
artifacts/final_method/re2tt/model_state/fold_1.json,json,3559,1e74a3b9ab9b472bd3a84906c479a55ae3c5e68a,85ad3b2b4391d131e2911c6ba4f737ddc5340aea22498cf9ad36c66224be9b01,supporting source artifact,true,false,Not copied because the thesis package keeps only compact evidence needed for its tables.
artifacts/final_method/re2tt/model_state/fold_1.npz,npz,2410,5d90c79636ce5ad015ffd45ca4957af0c219c9f9,22968da20fba03ff12db5a5127f45e5e227ced0e896e4d5e5363f080b2c2fc00,large frozen feature or model-state array,false,false,"Large array is not duplicated; its path, size, Git blob, and SHA-256 are indexed."
artifacts/final_method/re2tt/model_state/fold_2.json,json,3560,89b7700a61cea62bf21d65f04189c5d2d922624f,6592209d6138138c3518c14ef6a2aaa931cdfd7bffa8182685cd071e23f2202d,supporting source artifact,true,false,Not copied because the thesis package keeps only compact evidence needed for its tables.
artifacts/final_method/re2tt/model_state/fold_2.npz,npz,2410,fa0677b8304b599c8732e07417198bfd978fa551,7edac4c7b9747ad25b1105e20566a33a47265b3e5a6fd18b52be0956822c3906,large frozen feature or model-state array,false,false,"Large array is not duplicated; its path, size, Git blob, and SHA-256 are indexed."
artifacts/final_method/re2tt/model_state_manifest.json,json,11258,a1acddc98d4ee86189346ea91a90bc9c0e15ae3d,f617759a7531f73c927d1a63f3158874685154590b025975a1a0edc0e39fa793,copied compact evidence,true,true,
artifacts/final_method/re2tt/predictions.jsonl,jsonl,408722,bc1833b5235899be63eab71165f0f1594ab4432d,e937897d182735651959ad9449a7d6837ac71b029bec0fe90e143395009dd57d,copied compact evidence,true,true,
artifacts/final_method/re2tt/provenance.json,json,703,903e689c8ff2a6edd796f09f5f3da7191839739a,24c25d1cb6fe1a3f76b878ba6a396cfa310072a4e52ec1b669447afc5dbaaa3b,copied compact evidence,true,true,
artifacts/final_method/re2tt/replay_audit.json,json,853,46f91a3e6fc61f6a1ba372ab012b47ea8b6cb1ee,a2f88ee2a9d643ba432a88422548e591d1b4a59ebfa40d88752069bf103b343f,copied compact evidence,true,true,
artifacts/final_method/re2tt/runtime.json,json,94,7bde22b9ae42d8ae25a467fa5935581c7a66de82,eba2ff25779810ed84830dd7268eeceee5d553d220972adf0516f3ebb90255fd,copied compact evidence,true,true,
artifacts/opt/diagnostics/shortcut_audit.json,json,804,66f99314feccab4a9ac60bd67cbd6a39f30614bc,35bf8e4497fa451daee1c7fcdc0d9796801fc39c66711992a1064e43fa2d8ad8,copied compact evidence,true,true,
artifacts/opt/final/GLOBAL-OPT/re2ob/config.json,json,3243,98e9b973a5c60ca4ece41a583039bf19c503e1d2,7bc0dc7fb57f453bcbd48630a24e6477a91c486ce980ed6c213d6ad3b86324e9,copied compact evidence,true,true,
artifacts/opt/final/GLOBAL-OPT/re2ob/metrics.json,json,23819,0283f6bd6145d2423624d7446d262ee38e944d40,080a4035753de2d9c8eeb15e9f4d18d43be34116ee9a3b7e0954ed797f5a43d1,copied compact evidence,true,true,
artifacts/opt/final/GLOBAL-OPT/re2ob/predictions.jsonl,jsonl,66819,6e77ba9133cbd94d564ef07c9500ef4a76c26164,1d3bbc30869062c30569bd7b752cc2520d8e1337b8861bf11e55bbd69eaf5ff5,copied compact evidence,true,true,
artifacts/opt/final/GLOBAL-OPT/re2tt/config.json,json,3243,98e9b973a5c60ca4ece41a583039bf19c503e1d2,7bc0dc7fb57f453bcbd48630a24e6477a91c486ce980ed6c213d6ad3b86324e9,copied compact evidence,true,true,
artifacts/opt/final/GLOBAL-OPT/re2tt/metrics.json,json,24205,4e4ac01621dc4d635a3ce3a11020cbc59385bf68,7dfcafc271420df860877e11c87778fba32a75793a3006a5ab48d3fad4f5ef5c,copied compact evidence,true,true,
artifacts/opt/final/GLOBAL-OPT/re2tt/predictions.jsonl,jsonl,408722,bc1833b5235899be63eab71165f0f1594ab4432d,e937897d182735651959ad9449a7d6837ac71b029bec0fe90e143395009dd57d,copied compact evidence,true,true,
artifacts/opt/final/PER-DATASET-OPT/re2ob/case_ranks.csv,csv,4544,a0587c29ab671a8ee9bf73b67d066161d9a0668b,dd1d6ec06e96e627320f8978f4c2c9deb19c4c7a5b9226e624cb0349accaf7c7,copied compact evidence,true,true,
artifacts/opt/final/PER-DATASET-OPT/re2ob/config.json,json,662,ea648f75573cc27a849517d0c931ee627eaf98ae,6260ce93c177e2c4aa8c8d7b1382c5bb60a3bde0120c658187a10f30eae7c1ca,copied compact evidence,true,true,
artifacts/opt/final/PER-DATASET-OPT/re2ob/feature_names.json,json,4910,f17ac08a73c8e8099e43fd7ebffe9d65dade1b76,c0e6b9ebb5d2a323bae2983fc039be5ede64073dc63650090edc12c07a18c2a5,copied compact evidence,true,true,
artifacts/opt/final/PER-DATASET-OPT/re2ob/metrics.json,json,23984,b071cd99c13c846592d71cfd06c556aa87a89ada,f11cea33636487eae7706f78ca71f6b6ac39d149e3bb6fce5f7acb5de43c5d87,copied compact evidence,true,true,
artifacts/opt/final/PER-DATASET-OPT/re2ob/outer_predictions.csv,csv,4544,a0587c29ab671a8ee9bf73b67d066161d9a0668b,dd1d6ec06e96e627320f8978f4c2c9deb19c4c7a5b9226e624cb0349accaf7c7,copied compact evidence,true,true,
artifacts/opt/final/PER-DATASET-OPT/re2ob/selection_trace.json,json,29806,241370086a0f16f8c0665815787edff030afde1b,5094e8abf88673dea07678df569d7abac9a3b804ad7c729277633cff35f3319a,copied compact evidence,true,true,
artifacts/opt/final/PER-DATASET-OPT/re2tt/case_ranks.csv,csv,4479,1021e23e2df568c2754d9be3296e54f24ec7259f,8758769c66809804faf168b2a5e0a4601f0a40990b2c183dcff314780b52b700,copied compact evidence,true,true,
artifacts/opt/final/PER-DATASET-OPT/re2tt/config.json,json,662,516b9221a542d8f93dbf1958f5088e004020e808,4c98d49704c859b37ab3ef52a9f30656a466eda5f19e3c63a773eb73ce8f5d94,copied compact evidence,true,true,
artifacts/opt/final/PER-DATASET-OPT/re2tt/feature_names.json,json,4910,f17ac08a73c8e8099e43fd7ebffe9d65dade1b76,c0e6b9ebb5d2a323bae2983fc039be5ede64073dc63650090edc12c07a18c2a5,copied compact evidence,true,true,
artifacts/opt/final/PER-DATASET-OPT/re2tt/metrics.json,json,24087,cab7c1956a4b47a0a43aac848405fa514cc30ae4,5d691c9ebdd7c27d0183384704f50c7da3628d4cf91c9727a6d45dc2e101205e,copied compact evidence,true,true,
artifacts/opt/final/PER-DATASET-OPT/re2tt/outer_predictions.csv,csv,4479,1021e23e2df568c2754d9be3296e54f24ec7259f,8758769c66809804faf168b2a5e0a4601f0a40990b2c183dcff314780b52b700,copied compact evidence,true,true,
artifacts/opt/final/PER-DATASET-OPT/re2tt/selection_trace.json,json,30049,d3eebe93800eb0b6b0ca9f37275be1ef45efa49c,f94c1c1b82b47daaf78f8d3baac6808928bb6ee100c7ec981c480b9e1576e2b0,copied compact evidence,true,true,
artifacts/opt/final/bootstrap.json,json,2067,339ec0bd7c94383e41aa0c961ce98a9fbf385098,23cd9e27592746191f116a163341f5b8d241ad290a7572aef2ea882f711d927e,legacy optimization bootstrap,false,false,HISTORICAL_SUPERSEDED; use raw/evidence_closure/bootstrap_corrected_v1_1.json and BOOTSTRAP_FORENSIC_AUDIT.md
artifacts/opt/o0_integrity/re2ob/checksums.json,json,1299,ec0472f03cec8d554f97fbaeba2dda6766b199a8,d7027e190d776a9091f84f81f3dc293973c4cb3e7abcc45932c0a9ebd90d624f,supporting source artifact,true,false,Not copied because the thesis package keeps only compact evidence needed for its tables.
artifacts/opt/o0_integrity/re2ob/config.json,json,3088,4acd42e43527e9274aa12029effbab509136475c,7c05c384d20e9538da30a4fd6d4ab9467053396b250c1d1051db0236ce1aadcf,supporting source artifact,true,false,Not copied because the thesis package keeps only compact evidence needed for its tables.
artifacts/opt/o0_integrity/re2ob/environment.json,json,158,e5c137b3f414143b2022ffa332692fb3eb5d944c,37cf8c8c8e79e7dc9bf036fbe29c3a9b97d3de61274ccf57553bdcc2ebe7d0c9,supporting source artifact,true,false,Not copied because the thesis package keeps only compact evidence needed for its tables.
artifacts/opt/o0_integrity/re2ob/metrics.json,json,23819,0283f6bd6145d2423624d7446d262ee38e944d40,080a4035753de2d9c8eeb15e9f4d18d43be34116ee9a3b7e0954ed797f5a43d1,supporting source artifact,true,false,Not copied because the thesis package keeps only compact evidence needed for its tables.
artifacts/opt/o0_integrity/re2ob/model_state/fold_0.json,json,3559,144524ab060e9afdc2071fc9f4be2ec6cbef5c68,3c337dc225a6a912f7bc6fa5ee9c80e6a230c8cc0a70ab1d0b3e97ce3c443aaf,supporting source artifact,true,false,Not copied because the thesis package keeps only compact evidence needed for its tables.
artifacts/opt/o0_integrity/re2ob/model_state/fold_0.npz,npz,2410,ecebfbdb063874e954d8523620d38365a0080b60,7bacd758134fcd8363e032dab2096b7d73ca79d9da618928f455a9f083ec40cd,large frozen feature or model-state array,false,false,"Large array is not duplicated; its path, size, Git blob, and SHA-256 are indexed."
artifacts/opt/o0_integrity/re2ob/model_state/fold_1.json,json,3559,87e833df4bda1ac3bca42b052e0e5b062f3e2815,95e88bb82867cb46df48512cde8fea7cc70dab0904b2bcd8fc332282f6c075ab,supporting source artifact,true,false,Not copied because the thesis package keeps only compact evidence needed for its tables.
artifacts/opt/o0_integrity/re2ob/model_state/fold_1.npz,npz,2410,ad3dd7223bb5ac0c7c5a7aac6764112bdd4159a0,0517eaeba39f202140d96ed9d0405204ec1729b19c5a7080e6a448991f5190fd,large frozen feature or model-state array,false,false,"Large array is not duplicated; its path, size, Git blob, and SHA-256 are indexed."
artifacts/opt/o0_integrity/re2ob/model_state/fold_2.json,json,3558,acc1dc559a65378f9c07ab4675eb67c878bc8554,498e541283be70c14269bc21f4f63b1ddd5aea3a21650958f7bd3e09769c750f,supporting source artifact,true,false,Not copied because the thesis package keeps only compact evidence needed for its tables.
artifacts/opt/o0_integrity/re2ob/model_state/fold_2.npz,npz,2410,58ac7980271276c9c8ff590e5844d2f15f99e942,1a818fa1faf0a541c15a7055f492feca0454d8b98da0308e8ed504e36a80e557,large frozen feature or model-state array,false,false,"Large array is not duplicated; its path, size, Git blob, and SHA-256 are indexed."
artifacts/opt/o0_integrity/re2ob/model_state_manifest.json,json,11255,2887f1b40778350940c824d5a60ffc6d896d543e,cdd1ed0a94418b9d1d61fafee87fda5624ea9a7adbbb01f4509b5300572b11fc,supporting source artifact,true,false,Not copied because the thesis package keeps only compact evidence needed for its tables.
artifacts/opt/o0_integrity/re2ob/predictions.jsonl,jsonl,66819,6e77ba9133cbd94d564ef07c9500ef4a76c26164,1d3bbc30869062c30569bd7b752cc2520d8e1337b8861bf11e55bbd69eaf5ff5,supporting source artifact,true,false,Not copied because the thesis package keeps only compact evidence needed for its tables.
artifacts/opt/o0_integrity/re2ob/provenance.json,json,703,1ebf9a8d19f0953147aafa7178a36ac81405994f,34c0628c090b8fedaa6da3d6544d591cf541f3904bbed809ed06c21922ef3232,supporting source artifact,true,false,Not copied because the thesis package keeps only compact evidence needed for its tables.
artifacts/opt/o0_integrity/re2ob/replay_audit.json,json,835,5242fc19b2761d227a309f9dbdf81a11f39a6ee4,53da9cb191a47a064aecb7e32393df74ab56960bcf0aab068d54cd52deb85537,supporting source artifact,true,false,Not copied because the thesis package keeps only compact evidence needed for its tables.
artifacts/opt/o0_integrity/re2ob/runtime.json,json,94,a35ae20a426b7d8be0ccdc2ecaebf34b48616d72,6eb3159371e835b68950982453c0b79d6ea0ca6b590217cc7350a6f6282ff757,supporting source artifact,true,false,Not copied because the thesis package keeps only compact evidence needed for its tables.
artifacts/opt/o0_integrity/re2tt/checksums.json,json,1299,5b3c74644a2ae8029e605d7be258b0ab8615412f,d831a32eaf7599e90513fe850ad7fcd8575646261f7afb0276d375a3569c467e,supporting source artifact,true,false,Not copied because the thesis package keeps only compact evidence needed for its tables.
artifacts/opt/o0_integrity/re2tt/config.json,json,3088,4acd42e43527e9274aa12029effbab509136475c,7c05c384d20e9538da30a4fd6d4ab9467053396b250c1d1051db0236ce1aadcf,supporting source artifact,true,false,Not copied because the thesis package keeps only compact evidence needed for its tables.
artifacts/opt/o0_integrity/re2tt/environment.json,json,158,e5c137b3f414143b2022ffa332692fb3eb5d944c,37cf8c8c8e79e7dc9bf036fbe29c3a9b97d3de61274ccf57553bdcc2ebe7d0c9,supporting source artifact,true,false,Not copied because the thesis package keeps only compact evidence needed for its tables.
artifacts/opt/o0_integrity/re2tt/metrics.json,json,24205,4e4ac01621dc4d635a3ce3a11020cbc59385bf68,7dfcafc271420df860877e11c87778fba32a75793a3006a5ab48d3fad4f5ef5c,supporting source artifact,true,false,Not copied because the thesis package keeps only compact evidence needed for its tables.
artifacts/opt/o0_integrity/re2tt/model_state/fold_0.json,json,3560,d8838965cb69943816475f412bced3f9876e7b31,c2662b56d5bc39ea28aee4e5c109a067bccbc446bbe6ed9cbb28eabaf6c67a45,supporting source artifact,true,false,Not copied because the thesis package keeps only compact evidence needed for its tables.
artifacts/opt/o0_integrity/re2tt/model_state/fold_0.npz,npz,2410,f3aad601181df9cd124abcbc3474484d77d59544,8f79631b997c55e236cecb6241a0b564ce9e925a0f502ab5ed78b3f141494cd7,large frozen feature or model-state array,false,false,"Large array is not duplicated; its path, size, Git blob, and SHA-256 are indexed."
artifacts/opt/o0_integrity/re2tt/model_state/fold_1.json,json,3559,1e74a3b9ab9b472bd3a84906c479a55ae3c5e68a,85ad3b2b4391d131e2911c6ba4f737ddc5340aea22498cf9ad36c66224be9b01,supporting source artifact,true,false,Not copied because the thesis package keeps only compact evidence needed for its tables.
artifacts/opt/o0_integrity/re2tt/model_state/fold_1.npz,npz,2410,5d90c79636ce5ad015ffd45ca4957af0c219c9f9,22968da20fba03ff12db5a5127f45e5e227ced0e896e4d5e5363f080b2c2fc00,large frozen feature or model-state array,false,false,"Large array is not duplicated; its path, size, Git blob, and SHA-256 are indexed."
artifacts/opt/o0_integrity/re2tt/model_state/fold_2.json,json,3560,89b7700a61cea62bf21d65f04189c5d2d922624f,6592209d6138138c3518c14ef6a2aaa931cdfd7bffa8182685cd071e23f2202d,supporting source artifact,true,false,Not copied because the thesis package keeps only compact evidence needed for its tables.
artifacts/opt/o0_integrity/re2tt/model_state/fold_2.npz,npz,2410,fa0677b8304b599c8732e07417198bfd978fa551,7edac4c7b9747ad25b1105e20566a33a47265b3e5a6fd18b52be0956822c3906,large frozen feature or model-state array,false,false,"Large array is not duplicated; its path, size, Git blob, and SHA-256 are indexed."
artifacts/opt/o0_integrity/re2tt/model_state_manifest.json,json,11258,a1acddc98d4ee86189346ea91a90bc9c0e15ae3d,f617759a7531f73c927d1a63f3158874685154590b025975a1a0edc0e39fa793,supporting source artifact,true,false,Not copied because the thesis package keeps only compact evidence needed for its tables.
artifacts/opt/o0_integrity/re2tt/predictions.jsonl,jsonl,408722,bc1833b5235899be63eab71165f0f1594ab4432d,e937897d182735651959ad9449a7d6837ac71b029bec0fe90e143395009dd57d,supporting source artifact,true,false,Not copied because the thesis package keeps only compact evidence needed for its tables.
artifacts/opt/o0_integrity/re2tt/provenance.json,json,703,903e689c8ff2a6edd796f09f5f3da7191839739a,24c25d1cb6fe1a3f76b878ba6a396cfa310072a4e52ec1b669447afc5dbaaa3b,supporting source artifact,true,false,Not copied because the thesis package keeps only compact evidence needed for its tables.
artifacts/opt/o0_integrity/re2tt/replay_audit.json,json,853,46f91a3e6fc61f6a1ba372ab012b47ea8b6cb1ee,a2f88ee2a9d643ba432a88422548e591d1b4a59ebfa40d88752069bf103b343f,supporting source artifact,true,false,Not copied because the thesis package keeps only compact evidence needed for its tables.
artifacts/opt/o0_integrity/re2tt/runtime.json,json,94,7bde22b9ae42d8ae25a467fa5935581c7a66de82,eba2ff25779810ed84830dd7268eeceee5d553d220972adf0516f3ebb90255fd,supporting source artifact,true,false,Not copied because the thesis package keeps only compact evidence needed for its tables.
artifacts/opt/o1_historical/c0_m_summary.json,json,1626,76e7c130b84759d3e2064b91c7ab7d01b7dc5299,74a39bfbc447c1c7711e52c2b1e297b146f4be4e06c860a545bb5951c175936b,historical optimization or telemetry audit,false,false,Historical/legacy artifact retained in the source index; canonical Evidence Closure correction is used.
artifacts/opt/o1_historical/c1_i_bootstrap.json,json,2414,bc55cdc79dc5786183a6ba3f165e0f226f1cb98b,f7399673340d7af540af2336e997ef5fffb4ca7495247a72e36597a95ca77212,historical optimization or telemetry audit,false,false,Historical/legacy artifact retained in the source index; canonical Evidence Closure correction is used.
artifacts/opt/o1_historical/m1_s_bootstrap.json,json,2499,9eb602662554d6ce5f17da6cc12a41fec0bea405,65788c2dd7f8c79d82c4494255cf2b2295e64ab8f983f9ea48b33ca84f0b323a,historical optimization or telemetry audit,false,false,Historical/legacy artifact retained in the source index; canonical Evidence Closure correction is used.
artifacts/opt/o1_historical/m1_s_summary.json,json,1622,88efc561a7fcd016892c0465f4cedb1443ec4cfe,d77b31436e1eb0c0ec6dac61ad917d31418d82988e1b819b61c84be17a5dc495,historical optimization or telemetry audit,false,false,Historical/legacy artifact retained in the source index; canonical Evidence Closure correction is used.
artifacts/opt/o2_telemetry/event_feature_audit.json,json,30621,c5fd30e0a6db9752d59dbf39d2e49bc848c2cc45,27367fb5d14a46d74551a767507c119be7aeb11491bd2bc69de3aaf86e1d1ff3,historical optimization or telemetry audit,false,false,Historical/legacy artifact retained in the source index; canonical Evidence Closure correction is used.
artifacts/opt/o3_search_space/README.md,md,2392,8c782fc2c022c29ef26596e2b2ad9f2b888dc688,b1737ff725ac65dcab0c97295cef2e73a7ecc0c8ce14a298393707b0b4100d2f,copied compact evidence,true,true,
artifacts/opt/o4_nested/re2ob/case_ranks.csv,csv,4544,a0587c29ab671a8ee9bf73b67d066161d9a0668b,dd1d6ec06e96e627320f8978f4c2c9deb19c4c7a5b9226e624cb0349accaf7c7,copied compact evidence,true,true,
artifacts/opt/o4_nested/re2ob/config.json,json,632,e92f1b3f81f5c1083c8dfd998e83b56da0525577,a275eebe8449b94a025abc5fb60df75b886be3cb137ad02270ed7f6a1813a4dc,copied compact evidence,true,true,
artifacts/opt/o4_nested/re2ob/feature_names.json,json,4910,f17ac08a73c8e8099e43fd7ebffe9d65dade1b76,c0e6b9ebb5d2a323bae2983fc039be5ede64073dc63650090edc12c07a18c2a5,copied compact evidence,true,true,
artifacts/opt/o4_nested/re2ob/metrics.json,json,23984,b071cd99c13c846592d71cfd06c556aa87a89ada,f11cea33636487eae7706f78ca71f6b6ac39d149e3bb6fce5f7acb5de43c5d87,copied compact evidence,true,true,
artifacts/opt/o4_nested/re2ob/outer_predictions.csv,csv,4544,a0587c29ab671a8ee9bf73b67d066161d9a0668b,dd1d6ec06e96e627320f8978f4c2c9deb19c4c7a5b9226e624cb0349accaf7c7,copied compact evidence,true,true,
artifacts/opt/o4_nested/re2ob/selection_trace.json,json,29806,241370086a0f16f8c0665815787edff030afde1b,5094e8abf88673dea07678df569d7abac9a3b804ad7c729277633cff35f3319a,copied compact evidence,true,true,
artifacts/opt/o4_nested/re2ob/versions.json,json,66,092ea17904bea7a10cca04ad0d13092a90128464,d514eb1abeb6e16b346d1778f86f86e89e7e7cbe9ad188d52ebb8691f0851175,copied compact evidence,true,true,
artifacts/opt/o4_nested/re2tt/case_ranks.csv,csv,4479,1021e23e2df568c2754d9be3296e54f24ec7259f,8758769c66809804faf168b2a5e0a4601f0a40990b2c183dcff314780b52b700,copied compact evidence,true,true,
artifacts/opt/o4_nested/re2tt/config.json,json,632,76f5b44ca057b381493132312e139473987dd7f2,02ab2f5222b98f0c5a26d5873a99228b0592cebfccac5ec510cba5217205c7c2,copied compact evidence,true,true,
artifacts/opt/o4_nested/re2tt/feature_names.json,json,4910,f17ac08a73c8e8099e43fd7ebffe9d65dade1b76,c0e6b9ebb5d2a323bae2983fc039be5ede64073dc63650090edc12c07a18c2a5,copied compact evidence,true,true,
artifacts/opt/o4_nested/re2tt/metrics.json,json,24087,cab7c1956a4b47a0a43aac848405fa514cc30ae4,5d691c9ebdd7c27d0183384704f50c7da3628d4cf91c9727a6d45dc2e101205e,copied compact evidence,true,true,
artifacts/opt/o4_nested/re2tt/outer_predictions.csv,csv,4479,1021e23e2df568c2754d9be3296e54f24ec7259f,8758769c66809804faf168b2a5e0a4601f0a40990b2c183dcff314780b52b700,copied compact evidence,true,true,
artifacts/opt/o4_nested/re2tt/selection_trace.json,json,30049,d3eebe93800eb0b6b0ca9f37275be1ef45efa49c,f94c1c1b82b47daaf78f8d3baac6808928bb6ee100c7ec981c480b9e1576e2b0,copied compact evidence,true,true,
artifacts/opt/o4_nested/re2tt/versions.json,json,66,092ea17904bea7a10cca04ad0d13092a90128464,d514eb1abeb6e16b346d1778f86f86e89e7e7cbe9ad188d52ebb8691f0851175,copied compact evidence,true,true,
artifacts/p4_g0/bootstrap/p4_g0_bootstrap.json,json,4685,2ca376b3aa773d2bed492f458d46a1f1ec2c8a2b,40c883e5f8781cb0298609df0e2935157c9bb936fd203b3213112c1d33afd1b3,copied compact evidence,true,true,
artifacts/p4_g0/environment/environment.json,json,131,03045a0e4f65d96aecfd6891ca0e3a52a128ad6c,74bdcb301f018d76027fe3beb9d4c21d002a12b6b39c3e9dfe75c46d3abf8087,copied compact evidence,true,true,
artifacts/p4_g0/features/feature_manifest_bindings.json,json,449,a6be8f332c24a42e4e4915f11f52cab075b36bf9,3e465a6a4be7320b48f67d127aeea0961ebd3b2afa056b86d2395e5e053a2015,copied compact evidence,true,true,
artifacts/p4_g0/foreign_context/re2ob.json,json,212102,01fde1e8d535ac520c146f6287f404f708b8ced4,ad7d55a424d8fe645142d3501d7360263676bdbb2b7b8882404da69594cf40d2,copied compact evidence,true,true,
artifacts/p4_g0/foreign_context/re2tt.json,json,1140328,6ff63645eac2dbf624c1caac08a2476fd38cb55c,290f1490d47d2d4e15de884a53f3a04482a0c59d7faab1022ec14364b1aaa7de,copied compact evidence,true,true,
artifacts/p4_g0/loso/re2ob.json,json,207431,444898fe62f410bef81757f3a9d93189a16e41e9,5aab3431a12ba8004f40b81f19871da734602d69c1eaa5cc56475e321ac2622c,copied compact evidence,true,true,
artifacts/p4_g0/loso/re2tt.json,json,1135817,8e2c12ef30ea393e7c5c56152662ca8a5418a2c5,98e2a62824ffd462935fbbdd39af296cde5dcf034de94fe8e2e7c6cab75118a1,copied compact evidence,true,true,
artifacts/p4_g0/manifests/diagnostics_manifest.json,json,236,9cdec2080a58c271fb8e0a6ec5465bb4c8c29140,5005c793f21a0c09bc63bc649cf003b712b6e7dd05505a5636101f6091435230,copied compact evidence,true,true,
artifacts/p4_g0/metrics/case_transitions.csv,csv,18900,94b821b7d8afd154e661fea4154397c359f1ab66,921cd3092643556ef4e34431102d0415432a4cebbc8f9ea92d2fd6a14ef2dac2,copied compact evidence,true,true,
artifacts/p4_g0/metrics/subgroup_diagnostics.json,json,12740,871edcc38589f52c39facb9e5bab75c4a5c68e32,31a6dd02f354754bc184c3bd1d3f16dff8bfb4ad4ff733d714d4c78879bb8bd7,copied compact evidence,true,true,
artifacts/p4_g0/metrics/summary.json,json,2554,9fd0ff2506545521606a4fd83a6becdac0f75e02,74f0b979e1473256d5822be0805e807012f663775bd4a87c8cf7d78e034ec596,copied compact evidence,true,true,
artifacts/p4_g0/predictions/a0/re2ob/checksums.json,json,717,e497fb65935d3754e8deb4284f8938524b082447,14444d1812f22760daa9f21e2ecbf16569401726be342d3a3c3b915fe3240dfb,copied compact evidence,true,true,
artifacts/p4_g0/predictions/a0/re2ob/config.json,json,304,1828205a345a046bcd9bf52f7f760683fb797a74,6d7d04dcc84a64d66f162368751e9e6c6c71fcb427b4194ebf5e7c04819a69b1,copied compact evidence,true,true,
artifacts/p4_g0/predictions/a0/re2ob/environment.json,json,67,96aa74ada9d3aa9fefaf7a33a9066af4f94425f7,04919449c1c78af912d5e50a13fdbf03e51f79ded221953fd91473a7e13c7295,copied compact evidence,true,true,
artifacts/p4_g0/predictions/a0/re2ob/fit_summary.json,json,851,70d24a83c8eb255e62bb48c92a48d945d022b2a0,18ae83d7372bdf60e51f261cd7a01c9e8b7cbe3044dd72105a39153554bba933,copied compact evidence,true,true,
artifacts/p4_g0/predictions/a0/re2ob/manifest.json,json,480,589696f3c5bbf083d955385cce6486e6e080ee47,8b24c2072b805b9d983e8d91c3a93deae257390c54f7824d03048bd19a5f1cae,copied compact evidence,true,true,
artifacts/p4_g0/predictions/a0/re2ob/metrics.json,json,23906,d880d5a199ca4ab20426eb9ae6bfc5cd2b972504,b59baff4d59563636c9abb18a16352388cf7e9b3a12229f3a11c350ba7e72869,copied compact evidence,true,true,
artifacts/p4_g0/predictions/a0/re2ob/model_input_manifest.json,json,124,363ec6f9e02d6297c49dd3345bfd7ccec49e32b7,88a752ed610579bd7a5b74bf9cf8ef200afca743118bdf66df6983981f2bdc64,copied compact evidence,true,true,
artifacts/p4_g0/predictions/a0/re2ob/predictions.jsonl,jsonl,66791,0c7782758218f0d9fa097f5151572b51c9c7caf8,427671d9da42f2dc289b53bb6391d4a60a5c7b528047a6795790a9c8044106d9,copied compact evidence,true,true,
artifacts/p4_g0/predictions/a0/re2ob/runtime.json,json,84,c8f9dfab6bea8986055818acb88d9533c797a29c,ad3f12e0307daebc64626f75e4a0bb5d4f259d67b99dadc6fccf3da4719328bd,copied compact evidence,true,true,
artifacts/p4_g0/predictions/a0/re2tt/checksums.json,json,717,5fb6a1f465492ce6b6aa48f6523f1b895932be2e,535f2d39d68e12b09db0229af7975cf475886858cca560c6a5e3c26b7abb771f,copied compact evidence,true,true,
artifacts/p4_g0/predictions/a0/re2tt/config.json,json,304,1828205a345a046bcd9bf52f7f760683fb797a74,6d7d04dcc84a64d66f162368751e9e6c6c71fcb427b4194ebf5e7c04819a69b1,copied compact evidence,true,true,
artifacts/p4_g0/predictions/a0/re2tt/environment.json,json,67,96aa74ada9d3aa9fefaf7a33a9066af4f94425f7,04919449c1c78af912d5e50a13fdbf03e51f79ded221953fd91473a7e13c7295,copied compact evidence,true,true,
artifacts/p4_g0/predictions/a0/re2tt/fit_summary.json,json,857,e3e5e6364a322a106067b58913b6ec420a3ac367,1ce10cf86d29c673c5a423a5c8c711824a911afe7a4856b4cadd1a00eab697b3,copied compact evidence,true,true,
artifacts/p4_g0/predictions/a0/re2tt/manifest.json,json,480,333b26cdc16a3337a9823d0ab8481c0e3c19cf44,3ff807586e44afce54d1461c998862bd31fa94e1d9f8f0f93f497466824c0b8a,copied compact evidence,true,true,
artifacts/p4_g0/predictions/a0/re2tt/metrics.json,json,24298,4cc8658da0a16c0d05de810d4a8e47ecd843d9ad,98ce68902bbdd4386881cc5fdcdfb802b5c321368e3ae65982365b3c604d9df7,copied compact evidence,true,true,
artifacts/p4_g0/predictions/a0/re2tt/model_input_manifest.json,json,124,2ab99eec4f974775856591dcdd100117440303ff,fb7dee19a6bf03fc5b729cb52dab52a0b0d8066a64676b1bdd3ecd4c689d75bc,copied compact evidence,true,true,
artifacts/p4_g0/predictions/a0/re2tt/predictions.jsonl,jsonl,408166,3f95112cbf4e4da891fa207c4a7feeb0bc544f11,ffedb6b4a79f09984c8f56353388cdf1825b75470fe591614113b84af10d84c4,copied compact evidence,true,true,
artifacts/p4_g0/predictions/a0/re2tt/runtime.json,json,83,9551d5446e2dee84638f66ea2b3b37f2cbb745a5,87ebb56821adb3d94706632160d02ddc0ef96ddf35b278676f9e3f7dfc611f9b,copied compact evidence,true,true,
artifacts/p4_g0/predictions/a1/re2ob/checksums.json,json,717,9ab791a556526b1b7b5d941fd68e9f9e32d3bd4f,b21928c454a38a4f3c37d0dad719c8f47e2673d3a4eaa1a0687f1fe054fcab0b,copied compact evidence,true,true,
artifacts/p4_g0/predictions/a1/re2ob/config.json,json,303,b3639131f3fdb7fd516c39e0886d59732683ac0b,5a6f14ae8493d40f90b45ef4ef2241d7ef7ee634094af91a31b65bd8363ba18a,copied compact evidence,true,true,
artifacts/p4_g0/predictions/a1/re2ob/environment.json,json,67,96aa74ada9d3aa9fefaf7a33a9066af4f94425f7,04919449c1c78af912d5e50a13fdbf03e51f79ded221953fd91473a7e13c7295,copied compact evidence,true,true,
artifacts/p4_g0/predictions/a1/re2ob/fit_summary.json,json,852,7e7c13a92fcd783e077012d0402e883a01e15ced,66e626be5dee855d710dc59826c8d5e58f19cdb0496edb2e602820a002e4f7ac,copied compact evidence,true,true,
artifacts/p4_g0/predictions/a1/re2ob/manifest.json,json,480,ea814aea50657cb390e6adc6931d1351774fe72c,977693175a49cda0df88259559a5913e7954fd44c508783b762d13462d8e6849,copied compact evidence,true,true,
artifacts/p4_g0/predictions/a1/re2ob/metrics.json,json,23973,1598a37e58c6ef5797028ecca9adfe008834b42c,36604429ef99e0e4319a1113543f2501b24e2bbe7b477748cbb741144b2cef75,copied compact evidence,true,true,
artifacts/p4_g0/predictions/a1/re2ob/model_input_manifest.json,json,124,6f2619e66aa92b73cd02567b2658835626cfb987,1522c19c75c87423cdc6100986e64f9672bd5f7b6d3d6cd373b9799b13de85a9,copied compact evidence,true,true,
artifacts/p4_g0/predictions/a1/re2ob/predictions.jsonl,jsonl,66775,2b7ad30f178084cb29985b8cf07259683c8c6745,f3a8cdf1a58e9d878ee870db9f0269b0689c67e5a90cb1298bf500c7b6dd7833,copied compact evidence,true,true,
artifacts/p4_g0/predictions/a1/re2ob/runtime.json,json,83,71ecd5e8e4d13d5bba55e32da5f2092db6eb16a6,2c2d692a0074ffcd9030c64c1b5569fece29382fe3adc592db3b30fa97c526dc,copied compact evidence,true,true,
artifacts/p4_g0/predictions/a1/re2tt/checksums.json,json,717,10f5df64142bc86317a2db2acfe7f8de90527d2c,dda4f68598b440e0f05f4d2e99a1dda3fdac96cfff7b69fdf1b1c2ef997f21c4,copied compact evidence,true,true,
artifacts/p4_g0/predictions/a1/re2tt/config.json,json,303,b3639131f3fdb7fd516c39e0886d59732683ac0b,5a6f14ae8493d40f90b45ef4ef2241d7ef7ee634094af91a31b65bd8363ba18a,copied compact evidence,true,true,
artifacts/p4_g0/predictions/a1/re2tt/environment.json,json,67,96aa74ada9d3aa9fefaf7a33a9066af4f94425f7,04919449c1c78af912d5e50a13fdbf03e51f79ded221953fd91473a7e13c7295,copied compact evidence,true,true,
artifacts/p4_g0/predictions/a1/re2tt/fit_summary.json,json,856,b8cf7cb03ffafd993146afd01d91c87fd71df232,2092ab4c1b50b2c5dfc2768d232aef1de5a39d269bac7bf3aca1295c77c12f3f,copied compact evidence,true,true,
artifacts/p4_g0/predictions/a1/re2tt/manifest.json,json,480,8e7e1180c730958e46c9c802f514d596e7c24c83,276753effc97c54b344025bb45ac639139922ef9b17c077b2729e174da122ebd,copied compact evidence,true,true,
artifacts/p4_g0/predictions/a1/re2tt/metrics.json,json,24235,4d2477655f1d4d83b8b247945ad15e8643593cd0,ac266fd95ee071f9862d95f6a958257a81c04cb8a2900f7ca30c022f5abfc6c0,copied compact evidence,true,true,
artifacts/p4_g0/predictions/a1/re2tt/model_input_manifest.json,json,124,8cc81aceae964af1464a401a683d6678e374df7e,77330e2502584b6d6d94d14fbbb22fe8cdd63b510c2a71cd807c30d5fe512750,copied compact evidence,true,true,
artifacts/p4_g0/predictions/a1/re2tt/predictions.jsonl,jsonl,407244,8b5eee92bd5f07ed119780370de3ec98970c7e5e,7a5e1c3874ade363aeb3413d7b92bfe1950a152438e8443e2db2819dfc75cf37,copied compact evidence,true,true,
artifacts/p4_g0/predictions/a1/re2tt/runtime.json,json,85,0933cf0880731423c53881ed6552f0a46cb6784d,0c129b6a7fac97af55d43a63ca4829f0cf0f514428f53a0281052b24dd98ed32,copied compact evidence,true,true,
artifacts/p4_g0/predictions/a2/re2ob/checksums.json,json,717,28f7336bff6fce7da265b6eb08d1cb6da51f86a5,54956e03417c7e5237b0b37b2017d4ae2a607c95a1a9929f492fd7d860ab4bbd,copied compact evidence,true,true,
artifacts/p4_g0/predictions/a2/re2ob/config.json,json,304,ae7362c5aa035251b463d21430b9d3b00ad03b26,f985324970cedef3e91e86aef1f116266a3ba56b234817d0484c72d443109fd8,copied compact evidence,true,true,
artifacts/p4_g0/predictions/a2/re2ob/environment.json,json,67,96aa74ada9d3aa9fefaf7a33a9066af4f94425f7,04919449c1c78af912d5e50a13fdbf03e51f79ded221953fd91473a7e13c7295,copied compact evidence,true,true,
artifacts/p4_g0/predictions/a2/re2ob/fit_summary.json,json,851,0e82571cc4bfeebbd36c0066d31016fc5e4fecd9,2915826a03f44115c1466aae84d0802914fbc292bcb8ba53a780ad2ab980b477,copied compact evidence,true,true,
artifacts/p4_g0/predictions/a2/re2ob/manifest.json,json,480,bfbdebf31ff8705db77eec994f611f3ee508a89f,79940ddad10b9088ce2d92485c75a995bbb48abfe27b1052fc2b7cdcd8e9a480,copied compact evidence,true,true,
artifacts/p4_g0/predictions/a2/re2ob/metrics.json,json,23819,0283f6bd6145d2423624d7446d262ee38e944d40,080a4035753de2d9c8eeb15e9f4d18d43be34116ee9a3b7e0954ed797f5a43d1,copied compact evidence,true,true,
artifacts/p4_g0/predictions/a2/re2ob/model_input_manifest.json,json,124,f9f7e1d6fcf9b8ecc41e41204a64a4bdf9cf1d65,eb1036f1fda7cf89469e4a7e96ae4bd116b58b71074176d563b2da11e07878a4,copied compact evidence,true,true,
artifacts/p4_g0/predictions/a2/re2ob/predictions.jsonl,jsonl,66819,6e77ba9133cbd94d564ef07c9500ef4a76c26164,1d3bbc30869062c30569bd7b752cc2520d8e1337b8861bf11e55bbd69eaf5ff5,copied compact evidence,true,true,
artifacts/p4_g0/predictions/a2/re2ob/runtime.json,json,84,fc177de2da8002710292a8257ee360669ce6787e,ffd5918ce53a62783ad5eed7784208ac610497e49b94c0c6be86490d8331cd9e,copied compact evidence,true,true,
artifacts/p4_g0/predictions/a2/re2tt/checksums.json,json,717,93c5efc99b6992074e53a7717f0719c5b6d366f0,da5a958fa610ae63e46e452c4f4a91d8d7a8500e91d04486d6eb2f3c26e03c93,copied compact evidence,true,true,
artifacts/p4_g0/predictions/a2/re2tt/config.json,json,304,ae7362c5aa035251b463d21430b9d3b00ad03b26,f985324970cedef3e91e86aef1f116266a3ba56b234817d0484c72d443109fd8,copied compact evidence,true,true,
artifacts/p4_g0/predictions/a2/re2tt/environment.json,json,67,96aa74ada9d3aa9fefaf7a33a9066af4f94425f7,04919449c1c78af912d5e50a13fdbf03e51f79ded221953fd91473a7e13c7295,copied compact evidence,true,true,
artifacts/p4_g0/predictions/a2/re2tt/fit_summary.json,json,854,cb2f06462220b577cde7216f017573f4a1e49194,9fde5c921816f8d2b035ff2d63f26865467e1ba2369af7d98ae2d0f4162392ab,copied compact evidence,true,true,
artifacts/p4_g0/predictions/a2/re2tt/manifest.json,json,480,d8d72b707860aa215639511aaf8592407f665c7b,2a7f656b9025f155fdf52cb03de1876b9527a9a6266c2503c0469a1bc5bd5472,copied compact evidence,true,true,
artifacts/p4_g0/predictions/a2/re2tt/metrics.json,json,24205,4e4ac01621dc4d635a3ce3a11020cbc59385bf68,7dfcafc271420df860877e11c87778fba32a75793a3006a5ab48d3fad4f5ef5c,copied compact evidence,true,true,
artifacts/p4_g0/predictions/a2/re2tt/model_input_manifest.json,json,124,b932c6041368dbdf7fd9e5224b778916ac676301,ea5733969492d37dca8d973c161a35886f733a89ed5762ea5aaf89b31acc5e61,copied compact evidence,true,true,
artifacts/p4_g0/predictions/a2/re2tt/predictions.jsonl,jsonl,408722,bc1833b5235899be63eab71165f0f1594ab4432d,e937897d182735651959ad9449a7d6837ac71b029bec0fe90e143395009dd57d,copied compact evidence,true,true,
artifacts/p4_g0/predictions/a2/re2tt/runtime.json,json,84,98467d83870b59e6121e3808a8240114f04bbfaf,41dda522a823247988945f8066b6d701e7a6292b2f0c4d71fdc90b5f2bb8d3f7,copied compact evidence,true,true,
artifacts/p4_g0/predictions/a3/re2ob/checksums.json,json,717,dffe42530d38b538429e51ed60922620cd7d8eaa,7aeef8ee48bf06b6460f0855554b7ba667fc85261e5f129e883fb92e23bc4290,copied compact evidence,true,true,
artifacts/p4_g0/predictions/a3/re2ob/config.json,json,303,f2a041e6d973611c7176d344b98866b60f88235f,ac1ea23043f9e9389dfbb1708052e0c070c2ae9643f3b478fed95db64276d7e2,copied compact evidence,true,true,
artifacts/p4_g0/predictions/a3/re2ob/environment.json,json,67,96aa74ada9d3aa9fefaf7a33a9066af4f94425f7,04919449c1c78af912d5e50a13fdbf03e51f79ded221953fd91473a7e13c7295,copied compact evidence,true,true,
artifacts/p4_g0/predictions/a3/re2ob/fit_summary.json,json,851,3fcbd9645881ece65097850446171a1b43769ead,5838ca0e06cec2fc53bb2ddb722ebec7f77a05c52481ea879c054937c80709a7,copied compact evidence,true,true,
artifacts/p4_g0/predictions/a3/re2ob/manifest.json,json,480,e2f6f581b5db830e62340157ff60a1c1b572710d,c838c491962e058ccba39072aadad3d6408f127417279c31efd0f0568e4255d1,copied compact evidence,true,true,
artifacts/p4_g0/predictions/a3/re2ob/metrics.json,json,24031,14b4c27f09c00dcbd1c0804e1812044795cee94b,fdb551cf0ebbbc260b363bbf6c6180d2f489329883dd28eb180c5297d2262c99,copied compact evidence,true,true,
artifacts/p4_g0/predictions/a3/re2ob/model_input_manifest.json,json,124,d3531a91e44b97e272f1f67eda7c0e8a0a2cd9b3,9cf962913aa7b140bce0d6d745170746943cac7545e530cc9b9cb8788d757af7,copied compact evidence,true,true,
artifacts/p4_g0/predictions/a3/re2ob/predictions.jsonl,jsonl,66815,7b52180baf9a11e981349a47a700aa9fb3344c23,90b6f34a6ae2133088bac201a5c64cb36f22fb355aa5294f8576e33b1804f2eb,copied compact evidence,true,true,
artifacts/p4_g0/predictions/a3/re2ob/runtime.json,json,83,6717d47db8acd6f3a9a9e5cc44b370a2736298e5,9149dc5c585d79f63905368a9857efa40d4f10c5fde3ed7a82dda7792ba8294e,copied compact evidence,true,true,
artifacts/p4_g0/predictions/a3/re2tt/checksums.json,json,717,ff214bdbfaba627d39226d5512e50a06f04fa69e,d174192d3dad67340d9deadc8a51d78b4e99c702b7f242964a3caa5c17ece834,copied compact evidence,true,true,
artifacts/p4_g0/predictions/a3/re2tt/config.json,json,303,f2a041e6d973611c7176d344b98866b60f88235f,ac1ea23043f9e9389dfbb1708052e0c070c2ae9643f3b478fed95db64276d7e2,copied compact evidence,true,true,
artifacts/p4_g0/predictions/a3/re2tt/environment.json,json,67,96aa74ada9d3aa9fefaf7a33a9066af4f94425f7,04919449c1c78af912d5e50a13fdbf03e51f79ded221953fd91473a7e13c7295,copied compact evidence,true,true,
artifacts/p4_g0/predictions/a3/re2tt/fit_summary.json,json,857,4222617a2e03545a3940be47f66af23fac55686d,e1f09bfb767515e42d8a6cf5b7f1ba05c6de4b83225918975d85dc4d075b92f6,copied compact evidence,true,true,
artifacts/p4_g0/predictions/a3/re2tt/manifest.json,json,480,27c8ee811e8b4daee44c9746aef5d4a6a77726bd,740ef3da72087bc25284df906b048a5de004caee00ff2e8474eba84f574c8629,copied compact evidence,true,true,
artifacts/p4_g0/predictions/a3/re2tt/metrics.json,json,24206,d78363a7a9ca9f1bb8b4ef25c84a3f30181ee98d,579cd208e51406e29492fea75ff629d7b7f7caee8cca741327aac7204c5b7f54,copied compact evidence,true,true,
artifacts/p4_g0/predictions/a3/re2tt/model_input_manifest.json,json,124,0c534faa778e1e7b2ae40901b68a8ebf8364c37f,38c6f5acbb9a048ad001bce1358c71a6c70fcc73425af04e75f8b863fc1ff564,copied compact evidence,true,true,
artifacts/p4_g0/predictions/a3/re2tt/predictions.jsonl,jsonl,408292,0e40913a4884a9824463214dfbb2b29df597074c,6821f47918359ec4d4ed300c535b50d8170767adbcb960ca64644f87e10a6736,copied compact evidence,true,true,
artifacts/p4_g0/predictions/a3/re2tt/runtime.json,json,85,19b3aafe9fa78b802f6891251fb9f63384b9fa0e,f1bfc2d6dc857b24796751a0ac3643a935b73dea9ae9d80bad50a848124599cb,copied compact evidence,true,true,
artifacts/p4_g0/runtime/diagnostics.json,json,43,fcb0ecd0473d7ea626c703fc22703329a57e7345,85ecef02dab0e6a11bed3e331f9e7bd88f5693d7a4378cf2f1fbcb9662aaea88,copied compact evidence,true,true,
artifacts/postmortem/case_rank_transitions.csv,csv,29213,f613677f1e3eb9ea92a1397e82f442e8c7d35283,238ec10e7824504feaeefe955a118c7f7c7cc3388b03a11372feb7dcd7410297,copied compact evidence,true,true,
artifacts/postmortem/coverage_analysis.json,json,2199,de2cc1f109e05deebfecac2b21aeaefd81d2ab13,19ab2e4978457dc9f62ab169e51d8c25a2017aff194753ed44945abd36e3f20f,copied compact evidence,true,true,
artifacts/postmortem/fault_root_fold_analysis.json,json,30880,11b6c0690c1c323715ad70bd99004ca4443137be,d2c753c04f3406de970adc3c4d5dd50b6034b371eb0d9e02d511ea877a2f58a1,copied compact evidence,true,true,
artifacts/postmortem/mi_subset_analysis.json,json,6597,859edf23451e8c50e37cf47647527f94ea21c888,6fabccc2af9c504bfbd341a07ccc4f2a94d5a15b44c93ad1482ce902a4dc2539,copied compact evidence,true,true,
artifacts/postmortem/z2_vs_z1_bootstrap.json,json,1287,d906f41bf18816cc0a6f6ad29164e9d5c3ab0405,f9e5a8a97bc0719e132bce698cdd3479b28f56ba27835922d9f1ba418bb4fd21,copied compact evidence,true,true,
artifacts/runs/p3_a2_summary.json,json,1981,54b7d735ebabd2010e8ed12de30173a09a74a791,fccc92d8d8deedce2153fdf4873de6238a71f0820696cac6c3bbd98b55f14138,copied compact evidence,true,true,
artifacts/runs/z0/re2ob/checksums.json,json,528,687d4a3e49bedf752a7493f7d6cca65039b00d78,d993b1cde1f2525b643a9a8a78553e86a999737cb643b9aa48741ab73c590c70,copied compact evidence,true,true,
artifacts/runs/z0/re2ob/config.json,json,299,869d7718cc4ed20d1fa3964ef539d5d853555656,7f8b6f15a28192a6e6bc5c5d47852588bcceeac15cffd4d95e7602bf70636a3e,copied compact evidence,true,true,
artifacts/runs/z0/re2ob/environment.json,json,158,d39635301ce7780d01a680b7e2f0e6cdf08c22ed,2c8791528d621e17dd45c962d49b659e7b1e338b61d8b4d3f32f6176569d7cef,copied compact evidence,true,true,
artifacts/runs/z0/re2ob/manifest.json,json,954,47536ede8e754510ba46d947455f9c1255d88c2f,dbf06faf468f52ebf18b03304bc25357dc307d8d05315893f35d8fdfe55fd243,copied compact evidence,true,true,
artifacts/runs/z0/re2ob/metrics.json,json,17748,bf96f94053942da6b34ff273c9ee931de9526c7d,e32b0ce4310f197fe811a414c02d34c5236428e0695b6a21e196d8f724ef58ff,copied compact evidence,true,true,
artifacts/runs/z0/re2ob/predictions.jsonl,jsonl,69230,874fc124aec1d005f3f485ff901b01af3a73bf40,dd4ad7ead990544b1afb278e0ef2058273932238e229a436a487c7a819da0496,copied compact evidence,true,true,
artifacts/runs/z0/re2ob/runtime.json,json,85,a29c732d3bd17937eda0746e0e661d3906af65bf,3e0628d985dd009af903ef6ddade41ded99dd782aa9634f2f541118a3bdc78a4,copied compact evidence,true,true,
artifacts/runs/z0/re2tt/checksums.json,json,528,6d05b1049154ae0f87af3f392a2efbbf7b0f8a5e,8e38fc0dab04eba2de2e8c1429734c147eb048a27f2b186e3c6b90d66fe55241,copied compact evidence,true,true,
artifacts/runs/z0/re2tt/config.json,json,299,869d7718cc4ed20d1fa3964ef539d5d853555656,7f8b6f15a28192a6e6bc5c5d47852588bcceeac15cffd4d95e7602bf70636a3e,copied compact evidence,true,true,
artifacts/runs/z0/re2tt/environment.json,json,158,d39635301ce7780d01a680b7e2f0e6cdf08c22ed,2c8791528d621e17dd45c962d49b659e7b1e338b61d8b4d3f32f6176569d7cef,copied compact evidence,true,true,
artifacts/runs/z0/re2tt/manifest.json,json,954,ec51c7d863030fd8e5fbeebfa3fab3cff3852540,b7db7790840045d44691ccec321fcdd3e2599d6970eedf196177ce77bdf0029e,copied compact evidence,true,true,
artifacts/runs/z0/re2tt/metrics.json,json,18440,c789cb1cdba70ebce0b0ad602f149ab4530cd72b,f3c57914035588e4ae5b5e55f20f53767c499c7786562894798fe3bb4db9f32c,copied compact evidence,true,true,
artifacts/runs/z0/re2tt/predictions.jsonl,jsonl,410872,8fd85b0a2883f1e6a7c390c750d69c0eb434be08,933963d4c4ab8a8ed5e088ba3476cc4352ba482344aefe373a4dd288d5e82a6e,copied compact evidence,true,true,
artifacts/runs/z0/re2tt/runtime.json,json,86,d6727bc4089cd9f2e16e552e7a0639e686b50172,55cd1174eba5d8cee1869640c6cc5e9f7ed42b8005842120cb3329db1f373471,copied compact evidence,true,true,
artifacts/runs/z1/re2ob/checksums.json,json,528,f72fe1ffd22002b660bb61c1ca7795e866795d96,f9680c11805616db0933f81deb9bdcc6b1474823f9aed6cc80329c97754e3a81,copied compact evidence,true,true,
artifacts/runs/z1/re2ob/config.json,json,299,9fd8d86925abccbd8c41afe0e5c44c8bdab39f5c,79d24f8d544962887473be18d9538a7adf9f62e700a69bb7944ac8ffa4943798,copied compact evidence,true,true,
artifacts/runs/z1/re2ob/environment.json,json,158,d39635301ce7780d01a680b7e2f0e6cdf08c22ed,2c8791528d621e17dd45c962d49b659e7b1e338b61d8b4d3f32f6176569d7cef,copied compact evidence,true,true,
artifacts/runs/z1/re2ob/manifest.json,json,954,698f3e1473aff736998dc2a89a7a73bda0e8d799,75d6cc062bd17d34648bacc1c3ea10dc6b65b74ee4a36bbb7726f5057b08f102,copied compact evidence,true,true,
artifacts/runs/z1/re2ob/metrics.json,json,17589,a848fa92aad08f706a27e9e3c542e1f4afc0f6e2,453f31d49dda3d2a050f685b26bf2acd4133fff20bb0bdacf562d3ceb2dc2e62,copied compact evidence,true,true,
artifacts/runs/z1/re2ob/predictions.jsonl,jsonl,69104,1dea19f8e7bf7cb40c30ee796c523ee6affa5d81,f60e5c5566d01da0ce64187ebf2285813666edd69f24085c6fb60795b93b7e7e,copied compact evidence,true,true,
artifacts/runs/z1/re2ob/runtime.json,json,85,ce498e083833564cf248bc206195aad7480f53a6,0f57d9cf43649e8bc1360d01226ae720f225be216cb7f605bb65692e49d0d806,copied compact evidence,true,true,
artifacts/runs/z1/re2tt/checksums.json,json,528,87ec169436e2477e1ad559cca9cc7cc5a2b48c9a,5808903ff3fbb39f43913f23f8f7851fca2d1bf9a603846a92816e4cf20dad6e,copied compact evidence,true,true,
artifacts/runs/z1/re2tt/config.json,json,299,9fd8d86925abccbd8c41afe0e5c44c8bdab39f5c,79d24f8d544962887473be18d9538a7adf9f62e700a69bb7944ac8ffa4943798,copied compact evidence,true,true,
artifacts/runs/z1/re2tt/environment.json,json,158,d39635301ce7780d01a680b7e2f0e6cdf08c22ed,2c8791528d621e17dd45c962d49b659e7b1e338b61d8b4d3f32f6176569d7cef,copied compact evidence,true,true,
artifacts/runs/z1/re2tt/manifest.json,json,954,9db26e5f7e2c09ce9f5b8e0f2a02b9e3e1c904b3,4aae813ffcbe74ae6da669179fcac4179fb2a5dbf55f450e12c18a0763b73359,copied compact evidence,true,true,
artifacts/runs/z1/re2tt/metrics.json,json,17692,3e21d1814e47ebf3b75465a787719dfdec1872c9,6f5c03aff6769c5e7b8f7437df9f676723830f4272fdbbd5150a06727d21a4d8,copied compact evidence,true,true,
artifacts/runs/z1/re2tt/predictions.jsonl,jsonl,411895,895e763ef132f4210db06c87e781e73fd98a4f9c,2ed3c3055954f534377e94bf7bd03996c7ee08677e21782d43cd80f406d12ce9,copied compact evidence,true,true,
artifacts/runs/z1/re2tt/runtime.json,json,85,d745f85d07cc6f9186edb82243b4315fc1a6c7a9,30e9dcd8109ba181a23ce87854e6c75565a96f5002459e0191ae88d48b0d052b,copied compact evidence,true,true,
artifacts/runs/z2/re2ob/checksums.json,json,528,6e3f63ded2bb4504082ef47ca85f3251500ad4c2,4bcfc36f3e14faabcd81e2527b9d6314e92ea8bb247a659959f55cf2bba536e4,copied compact evidence,true,true,
artifacts/runs/z2/re2ob/config.json,json,299,999e8e61685b417fef4c5acc1b24d3f1a95da198,4638468ece8a552457c0c36add875ac80968b210d24f8a337cc1920d356d9534,copied compact evidence,true,true,
artifacts/runs/z2/re2ob/environment.json,json,158,d39635301ce7780d01a680b7e2f0e6cdf08c22ed,2c8791528d621e17dd45c962d49b659e7b1e338b61d8b4d3f32f6176569d7cef,copied compact evidence,true,true,
artifacts/runs/z2/re2ob/manifest.json,json,954,fd556674555602c461e6a885bb28c7a9716c7bf4,e264441318622e7748684fdc80ba459b16030993cf6168cc68b6e7a5376eded5,copied compact evidence,true,true,
artifacts/runs/z2/re2ob/metrics.json,json,17407,35443db0d9359edf55578b87a302f787603dc847,9e831241097f2cce883ec63c658e78267cb0af01c27c3c37499b3126c556b356,copied compact evidence,true,true,
artifacts/runs/z2/re2ob/predictions.jsonl,jsonl,69039,fc20b0647606ebde4997256df3016481a1969494,1f481fe4067c398d02e0be0227e2cf7266e403ed78568dfdb40e10bcf5669b1b,copied compact evidence,true,true,
artifacts/runs/z2/re2ob/runtime.json,json,85,ca6be36d576dc327e8a15750f39716f56d225deb,312c53821463d22faf6f8afe767b58b1b199b5cd4472a594a2d5f099ab12fd0a,copied compact evidence,true,true,
artifacts/runs/z2/re2tt/checksums.json,json,528,f96de3a5ba778e512160691a1c8b5cc0f75053c4,26887f9fa0dd20d49f46a47ea3d2cfc2619088ba9201f0fd250c91dca856beee,copied compact evidence,true,true,
artifacts/runs/z2/re2tt/config.json,json,299,999e8e61685b417fef4c5acc1b24d3f1a95da198,4638468ece8a552457c0c36add875ac80968b210d24f8a337cc1920d356d9534,copied compact evidence,true,true,
artifacts/runs/z2/re2tt/environment.json,json,158,d39635301ce7780d01a680b7e2f0e6cdf08c22ed,2c8791528d621e17dd45c962d49b659e7b1e338b61d8b4d3f32f6176569d7cef,copied compact evidence,true,true,
artifacts/runs/z2/re2tt/manifest.json,json,954,bbb84505da0a0f81a458f990cae2f12c0f22ff89,5a96a2d7b433712db8b44a8c2704766df810eae09878df3ae65a2ac97018f475,copied compact evidence,true,true,
artifacts/runs/z2/re2tt/metrics.json,json,17538,9747151c395f7f06f4ec599a23b2cc15cb97f5d6,da3917ce35e32a7cfea7d0a5d8710b1e5acd97e0c710050d7084864c60d7f2e2,copied compact evidence,true,true,
artifacts/runs/z2/re2tt/predictions.jsonl,jsonl,411837,f77a5037f36c8863510e32f3def843326a2bda7d,cf770b5ff4226f51625622bdd766d638793eb9a92c49ceff3c9f16b0cb05a702,copied compact evidence,true,true,
artifacts/runs/z2/re2tt/runtime.json,json,85,0d184bdaff55eeb9dafc6bbb50ea1190e6e2978e,2cd745eab846a958f3c06f5bea119ced9a4aa3e352ce3a1d86ec499401f14616,copied compact evidence,true,true,
artifacts/runs/z3/re2ob/checksums.json,json,528,35857be4a40f47e1f014ba5d3f6e141397cc7b35,e094e0e62c29fdd448fe093e78617cc760c6f829644a2e3bdee9b52d6cf49a31,copied compact evidence,true,true,
artifacts/runs/z3/re2ob/config.json,json,299,fcdab3876a51026f5565fd81d41896e1e4d61458,56ca7d3353d871d8fe2ee2b093f80e19cd6c7a554192c8129e00767df9cf7d20,copied compact evidence,true,true,
artifacts/runs/z3/re2ob/environment.json,json,158,d39635301ce7780d01a680b7e2f0e6cdf08c22ed,2c8791528d621e17dd45c962d49b659e7b1e338b61d8b4d3f32f6176569d7cef,copied compact evidence,true,true,
artifacts/runs/z3/re2ob/manifest.json,json,954,8797a6664683ee8afcc19542909c17bd67ac13c6,64e0ba9d38a51ffcbeb38f419d6e487a63d0f50680716aee48c74804fac43694,copied compact evidence,true,true,
artifacts/runs/z3/re2ob/metrics.json,json,17544,ed4d8e0f3e2131ce4294ea748b5708d94e852d87,7707f6b1a01e5c41b315e9e22cb551e3b31fc8029fc0ec1552ab298c27805d02,copied compact evidence,true,true,
artifacts/runs/z3/re2ob/predictions.jsonl,jsonl,69058,3c7e5ed5af4ad324430a40efdd9ec70529107964,9132c68db9a504055e211a3706b6f0d72208db1616d6196ad5b18b3db2608607,copied compact evidence,true,true,
artifacts/runs/z3/re2ob/runtime.json,json,84,ce8b331ee036b641c48cb92ba89843fdd8cf4589,752cdfe7fdd35b42956ad4644b1c27747d7b9deb05d3649b861f4422037029bc,copied compact evidence,true,true,
artifacts/runs/z3/re2tt/checksums.json,json,528,068cada942284d46b7dca5a13376edba010ce65c,b66e86d22dcdc0cc5509182383d98f6fd2c41f84f7b62bf7b19aa35be332a6ff,copied compact evidence,true,true,
artifacts/runs/z3/re2tt/config.json,json,299,fcdab3876a51026f5565fd81d41896e1e4d61458,56ca7d3353d871d8fe2ee2b093f80e19cd6c7a554192c8129e00767df9cf7d20,copied compact evidence,true,true,
artifacts/runs/z3/re2tt/environment.json,json,158,d39635301ce7780d01a680b7e2f0e6cdf08c22ed,2c8791528d621e17dd45c962d49b659e7b1e338b61d8b4d3f32f6176569d7cef,copied compact evidence,true,true,
artifacts/runs/z3/re2tt/manifest.json,json,954,fcdd8e30c9d7cbfd125d77d01d123c1062cad86d,4ce9bacc0412320ac433fb5983079fceffa10ede5fb8200abef4f7e29efac507,copied compact evidence,true,true,
artifacts/runs/z3/re2tt/metrics.json,json,17683,f0952ac9f2bce1d3c8f156c881c9645936220190,917fae0c6b64b4f84c13c93ffe3513eed096b8112565eefc1c996a001c892bb3,copied compact evidence,true,true,
artifacts/runs/z3/re2tt/predictions.jsonl,jsonl,413220,ee5f93d752d1f372c8dda872f3911e11375fbc47,370decd2e086b32cb49c35186dcbc05ea9aec22531b16c8cafd3931d7760b162,copied compact evidence,true,true,
artifacts/runs/z3/re2tt/runtime.json,json,84,02a4dffd34b62fcecd39bda6bac7fe797d2ba030,7ef6b4bb8f4e01014e93eb25b4f31be67b6a8e7e1d72b7525f0ea7c988c9626a,copied compact evidence,true,true,
artifacts/runs/z3_shuffle/re2ob/checksums.json,json,528,29ee446518ad2ff89c033af9ffdb000ba22e6005,fb7f1395b827a06c2386df7df050e759054284a877aa62ddc917b69c3ba8ea2d,copied compact evidence,true,true,
artifacts/runs/z3_shuffle/re2ob/config.json,json,350,1b95d5ef899a795013dd5e230f1524330a834edb,43103aea8fbf8596bd8f25af0b13fd1ec33a7690a9019dcf3330d736d3f25528,copied compact evidence,true,true,
artifacts/runs/z3_shuffle/re2ob/environment.json,json,158,d39635301ce7780d01a680b7e2f0e6cdf08c22ed,2c8791528d621e17dd45c962d49b659e7b1e338b61d8b4d3f32f6176569d7cef,copied compact evidence,true,true,
artifacts/runs/z3_shuffle/re2ob/manifest.json,json,962,cea187e287f13d65824568491ce606f3d7073827,c0df7d7d197eb22286862f524f46e072aac3a078d22571bd494e7b1e4a1b7976,copied compact evidence,true,true,
artifacts/runs/z3_shuffle/re2ob/metrics.json,json,17644,aba0381e46a25ced1f7ec77c4eb9bca622b0b908,849e3140f32731e081d671f6b1c3cc3da2f2fd0db82ea4049e6e7922fb5d0eca,copied compact evidence,true,true,
artifacts/runs/z3_shuffle/re2ob/predictions.jsonl,jsonl,69038,9ab6108edb29976babf6015ce5011190372844cc,1f37944f0ab6d07f75988ffd9c2a04a3ea03e6e1e1d1d0312b0e25f5ac6df7ac,copied compact evidence,true,true,
artifacts/runs/z3_shuffle/re2ob/runtime.json,json,84,6be292bd447b6211e31ec64a63e58f451daa1139,f85a0c4e24694cf8ca0b5fb3d62879bcaf8fb1dc3f6ad49f257ad84cf63fce26,copied compact evidence,true,true,
artifacts/runs/z3_shuffle/re2tt/checksums.json,json,528,066935b3a5e04063001486f7011ca0a84a2c45a2,7e4efb2b350c204ec63e6ec58b606085c53ad278d87be1b2d9ffda3fc0b7868c,copied compact evidence,true,true,
artifacts/runs/z3_shuffle/re2tt/config.json,json,350,1b95d5ef899a795013dd5e230f1524330a834edb,43103aea8fbf8596bd8f25af0b13fd1ec33a7690a9019dcf3330d736d3f25528,copied compact evidence,true,true,
artifacts/runs/z3_shuffle/re2tt/environment.json,json,158,d39635301ce7780d01a680b7e2f0e6cdf08c22ed,2c8791528d621e17dd45c962d49b659e7b1e338b61d8b4d3f32f6176569d7cef,copied compact evidence,true,true,
artifacts/runs/z3_shuffle/re2tt/manifest.json,json,962,3a050b57e60c15fd93f77db1b5322361d63262b7,daf6db4953b611edb37fe024a205bc3d4ea469844b246025dac254da50110b59,copied compact evidence,true,true,
artifacts/runs/z3_shuffle/re2tt/metrics.json,json,18132,f39191de630c1cd73c17ed73ace2869293add57f,dc5a359bcc9448bfd89fd2801a58378715e59d0259ed80f6aed919bc7feba7db,copied compact evidence,true,true,
artifacts/runs/z3_shuffle/re2tt/predictions.jsonl,jsonl,413055,7cfa3c9b2d7b4ed4a986c20aa32c236cfe1c469f,ffd43b547ada1ad8e233932ce4028a2f423612875f49e76f10d4d6d278e76a14,copied compact evidence,true,true,
artifacts/runs/z3_shuffle/re2tt/runtime.json,json,84,c3aa1bf81bd1e1a50f8d22d7ddaf8af05545b4be,58bf9254e684f879c847c10e0ab86bb0188ea232ae26dd75c1af80b701229b39,copied compact evidence,true,true,
artifacts/source/p3_a0_audit.json,json,1943,86651bc6aaed91b7fd36ac5a61d3ffe4d78bbc69,e45687883c7d471420fcb1b90c9da932fb297c3fd8f12b664cf617da745f2f37,supporting source artifact,true,false,Not copied because the thesis package keeps only compact evidence needed for its tables.
artifacts/source/p3_r0_audit.json,json,741545,29faf59be5dff6453ee1a95a5b70ac9a5eaab6d6,2f2bd7bd9fe2d8ff690ea28505a452ea424e6ca14afe3add394ce46cff69ffd3,supporting source artifact,true,false,Not copied because the thesis package keeps only compact evidence needed for its tables.
artifacts/source/re2ob/inputs.jsonl,jsonl,86940,ad2e6fb9928ef942615f028cd915869b3f122f31,151cdf4cf89d89b5036cbf7b309c95e04fbf4a77a0012bd54cf7784778206dbb,copied compact evidence,true,true,
artifacts/source/re2ob/labels.jsonl,jsonl,8277,13456fbdb3e064a0521b8243ccd34f695a753f26,f3dd164e03d9207af4d4e432a1848c2100ec7a65c125b420c80642a56be3dba7,copied compact evidence,true,true,
artifacts/source/re2ob/manifest.json,json,1312,cb92122fc18eaa34a0067f6a9d4830f6dbeec1f7,c0f830b4b89256fe1fe8b69d425173731769268a6e5869a3ade53bcdc0d8bbfc,copied compact evidence,true,true,
artifacts/source/re2ob/service_registry.json,json,490,6666ce39ee6451fe639f56254ad44bf0175bc1e9,9eae7e79662ade83e0f6034073ab5c424bbf93be5765bd4bc5ea51d90c0efd19,copied compact evidence,true,true,
artifacts/source/re2ob/sources.jsonl,jsonl,97170,963f74cd7fde50dbf0c2adf5e01f450069356c1d,c162bb9882035d7b50d94f69e25fd638746519a3f3d4ad6029468d1eee606591,path-heavy source mapping,false,false,Path-heavy source mapping is indexed only; compact inputs/labels/registry are retained.
artifacts/source/re2ob_dataset_manifest.json,json,332456,c7d31366b0ae7149d9ea7393bdcfca57c77546cd,7495df585e8a28a328fa8a956953af8ebffb01736702da7ee4ce51815be67bd0,supporting source artifact,true,false,Not copied because the thesis package keeps only compact evidence needed for its tables.
artifacts/source/re2tt/inputs.jsonl,jsonl,201150,1a4babbc914a14692d78d495f04cb947f584fa3a,1ca5e91387641c891e75a6e26bc3979f2398dae93e46147e97864cd503c7655d,copied compact evidence,true,true,
artifacts/source/re2tt/labels.jsonl,jsonl,8205,bbc2b3e906eab2555de3f45ecb64e018092466cb,950885c2d89872f670d8cb06121a0d8d4c3e9fbd6be5e97a29af89a6013481ca,copied compact evidence,true,true,
artifacts/source/re2tt/manifest.json,json,2872,cf42a9f80945fd5da04b5a85a56de14f470067d4,710901cb6a86fcf7537929f594af723be3d4d600364efde1ad397c707646b9d8,copied compact evidence,true,true,
artifacts/source/re2tt/service_registry.json,json,2044,cc22c894c15c33b28992d88f3f7c0750979460d8,67ad834a58be40802d9a8071ae849b7812ee390b87b08b5d82567596a39d236a,copied compact evidence,true,true,
artifacts/source/re2tt/sources.jsonl,jsonl,99690,2be1e233b9af7067e7649a7794c10a65592c78a3,866ee17bec973d004984822eadef3076ca12c3b67505ba2ccabd7f4cfb9bc931,path-heavy source mapping,false,false,Path-heavy source mapping is indexed only; compact inputs/labels/registry are retained.
artifacts/source/re2tt_dataset_manifest.json,json,334875,b75606432d8d39518caedd5538dca3f43876b40a,d35cf37a3b7c5f6fb0f5644241a01b328ad5daa029abe407e8d3ad3b759d5984,supporting source artifact,true,false,Not copied because the thesis package keeps only compact evidence needed for its tables.
artifacts/splits/re2ob/assignments.json,json,11790,2ce15415da59005219eb4c522443ee38895e485b,ca576819554ebe3d1cddd8f261bb661e7111896ff7b7dd6258e9f5daafad5195,copied compact evidence,true,true,
artifacts/splits/re2ob/folds.json,json,8859,5bfdc6e1c0ecf91244a61786171c6d2874070ec3,6bd2d53a5d6e6a15986fc94d6c2aaf70dd6a34567f3de990b29cd7b35a71412c,copied compact evidence,true,true,
artifacts/splits/re2ob/split_manifest.json,json,4007,ff9df40a51ecf300f251427bc110d26b72a0637b,a672d12be89e91efd7fe69cdf81713b3d18482bba6b46620b0bfd0b4ff7bfd62,copied compact evidence,true,true,
artifacts/splits/re2ob_3fold.json,json,26614,4245faed3463cf228f910fc5e0bfe2bee5268ec9,45217554ffa5c1f270937b67bc1c5ede6b238e8b5067cd1771712146892d7558,copied compact evidence,true,true,
artifacts/splits/re2tt/assignments.json,json,11718,9f55c3e93d4bf17bcea561143d08f8e3d857e89f,88b4615ed3c950569ed7e4c4e9c66a302e8f88adf1715a8457540e00390b68e7,copied compact evidence,true,true,
artifacts/splits/re2tt/folds.json,json,8859,0660cee6263b8e392ec65842766497f2f49a1c2a,778da57478abb9f5e2d3b9bad333015fb530f2dc4554bf375a8942c64417ed37,copied compact evidence,true,true,
artifacts/splits/re2tt/split_manifest.json,json,3935,017af4ec893ad94af5478314476a6331c3b463e8,3c3947d6377433507ca1ea6b69d88f6d8f359b42937bbcff1a7ac98422f05d7e,copied compact evidence,true,true,
artifacts/splits/re2tt_3fold.json,json,26470,720e232a229084b71d7c8d3ee5cedb2def56e9a4,2cfb46e9b88bed79b852832fdec8a55f8aca536899ecb268ead23afd392fc710,copied compact evidence,true,true,
artifacts/splits/split_summary.json,json,8457,192d0ce56c9ed4f6648b9ebcb9b1c9b91416ac03,384d013fd78f5d83cc33bdfbc6a14bfb0cea72447fc6b8d120f51e0af32e4fe4,copied compact evidence,true,true,
