source_file,statistic,value,evidence_class,confirmatory
artifacts/postmortem/coverage_analysis.json,re2ob.by_transition.degraded.cases,5,DIAGNOSTIC,false
artifacts/postmortem/coverage_analysis.json,re2ob.by_transition.degraded.channel_available_ratio,0.5454545454545454,DIAGNOSTIC,false
artifacts/postmortem/coverage_analysis.json,re2ob.by_transition.degraded.morphology_active_ratio,0.5454545454545454,DIAGNOSTIC,false
artifacts/postmortem/coverage_analysis.json,re2ob.by_transition.degraded.q_observed_ratio,0.4992613636363636,DIAGNOSTIC,false
artifacts/postmortem/coverage_analysis.json,re2ob.by_transition.improved.cases,10,DIAGNOSTIC,false
artifacts/postmortem/coverage_analysis.json,re2ob.by_transition.improved.channel_available_ratio,0.5295454545454544,DIAGNOSTIC,false
artifacts/postmortem/coverage_analysis.json,re2ob.by_transition.improved.morphology_active_ratio,0.5295454545454544,DIAGNOSTIC,false
artifacts/postmortem/coverage_analysis.json,re2ob.by_transition.improved.q_observed_ratio,0.5295454545454544,DIAGNOSTIC,false
artifacts/postmortem/coverage_analysis.json,re2ob.by_transition.unchanged.cases,75,DIAGNOSTIC,false
artifacts/postmortem/coverage_analysis.json,re2ob.by_transition.unchanged.channel_available_ratio,0.5509090909090909,DIAGNOSTIC,false
artifacts/postmortem/coverage_analysis.json,re2ob.by_transition.unchanged.morphology_active_ratio,0.5509090909090909,DIAGNOSTIC,false
artifacts/postmortem/coverage_analysis.json,re2ob.by_transition.unchanged.q_observed_ratio,0.5490454545454546,DIAGNOSTIC,false
artifacts/postmortem/coverage_analysis.json,re2ob.overall.channel_available_ratio,0.5482323232323233,DIAGNOSTIC,false
artifacts/postmortem/coverage_analysis.json,re2ob.overall.morphology_active_ratio,0.5482323232323233,DIAGNOSTIC,false
artifacts/postmortem/coverage_analysis.json,re2ob.overall.q_observed_ratio,0.5441130050505051,DIAGNOSTIC,false
artifacts/postmortem/coverage_analysis.json,re2ob.rank_gain_correlation.channel_available_ratio,-0.12590257002619457,DIAGNOSTIC,false
artifacts/postmortem/coverage_analysis.json,re2ob.rank_gain_correlation.morphology_active_ratio,-0.12590257002619457,DIAGNOSTIC,false
artifacts/postmortem/coverage_analysis.json,re2ob.rank_gain_correlation.q_observed_ratio,0.018361100810836518,DIAGNOSTIC,false
artifacts/postmortem/coverage_analysis.json,re2ob.status,AVAILABLE_FROM_FROZEN_FEATURE_ARTIFACTS,DIAGNOSTIC,false
artifacts/postmortem/coverage_analysis.json,re2tt.by_transition.degraded.cases,14,DIAGNOSTIC,false
artifacts/postmortem/coverage_analysis.json,re2tt.by_transition.degraded.channel_available_ratio,0.3595063025210084,DIAGNOSTIC,false
artifacts/postmortem/coverage_analysis.json,re2tt.by_transition.degraded.morphology_active_ratio,0.3595063025210084,DIAGNOSTIC,false
artifacts/postmortem/coverage_analysis.json,re2tt.by_transition.degraded.q_observed_ratio,0.35837710084033614,DIAGNOSTIC,false
artifacts/postmortem/coverage_analysis.json,re2tt.by_transition.improved.cases,27,DIAGNOSTIC,false
artifacts/postmortem/coverage_analysis.json,re2tt.by_transition.improved.channel_available_ratio,0.3555283224400871,DIAGNOSTIC,false
artifacts/postmortem/coverage_analysis.json,re2tt.by_transition.improved.morphology_active_ratio,0.3555283224400871,DIAGNOSTIC,false
artifacts/postmortem/coverage_analysis.json,re2tt.by_transition.improved.q_observed_ratio,0.3555283224400871,DIAGNOSTIC,false
artifacts/postmortem/coverage_analysis.json,re2tt.by_transition.unchanged.cases,49,DIAGNOSTIC,false
artifacts/postmortem/coverage_analysis.json,re2tt.by_transition.unchanged.channel_available_ratio,0.35219087635054014,DIAGNOSTIC,false
artifacts/postmortem/coverage_analysis.json,re2tt.by_transition.unchanged.morphology_active_ratio,0.35219087635054014,DIAGNOSTIC,false
artifacts/postmortem/coverage_analysis.json,re2tt.by_transition.unchanged.q_observed_ratio,0.35219087635054014,DIAGNOSTIC,false
artifacts/postmortem/coverage_analysis.json,re2tt.overall.channel_available_ratio,0.3543300653594771,DIAGNOSTIC,false
artifacts/postmortem/coverage_analysis.json,re2tt.overall.morphology_active_ratio,0.3543300653594771,DIAGNOSTIC,false
artifacts/postmortem/coverage_analysis.json,re2tt.overall.q_observed_ratio,0.35415441176470586,DIAGNOSTIC,false
artifacts/postmortem/coverage_analysis.json,re2tt.rank_gain_correlation.channel_available_ratio,-0.061031257091353305,DIAGNOSTIC,false
artifacts/postmortem/coverage_analysis.json,re2tt.rank_gain_correlation.morphology_active_ratio,-0.061031257091353305,DIAGNOSTIC,false
artifacts/postmortem/coverage_analysis.json,re2tt.rank_gain_correlation.q_observed_ratio,-0.05801899317700052,DIAGNOSTIC,false
artifacts/postmortem/coverage_analysis.json,re2tt.status,AVAILABLE_FROM_FROZEN_FEATURE_ARTIFACTS,DIAGNOSTIC,false
artifacts/postmortem/fault_root_fold_analysis.json,re2ob.fault.cpu.z1.AC@1,0.8666666666666667,DIAGNOSTIC,false
artifacts/postmortem/fault_root_fold_analysis.json,re2ob.fault.cpu.z1.AC@3,1.0,DIAGNOSTIC,false
artifacts/postmortem/fault_root_fold_analysis.json,re2ob.fault.cpu.z1.AC@5,1.0,DIAGNOSTIC,false
artifacts/postmortem/fault_root_fold_analysis.json,re2ob.fault.cpu.z1.Avg@5,0.9600000000000001,DIAGNOSTIC,false
artifacts/postmortem/fault_root_fold_analysis.json,re2ob.fault.cpu.z1.MRR,0.9222222222222223,DIAGNOSTIC,false
artifacts/postmortem/fault_root_fold_analysis.json,re2ob.fault.cpu.z1.cases,15,DIAGNOSTIC,false
artifacts/postmortem/fault_root_fold_analysis.json,re2ob.fault.cpu.z1.mean_root_rank,1.2,DIAGNOSTIC,false
artifacts/postmortem/fault_root_fold_analysis.json,re2ob.fault.cpu.z2.AC@1,0.8666666666666667,DIAGNOSTIC,false
artifacts/postmortem/fault_root_fold_analysis.json,re2ob.fault.cpu.z2.AC@3,1.0,DIAGNOSTIC,false
artifacts/postmortem/fault_root_fold_analysis.json,re2ob.fault.cpu.z2.AC@5,1.0,DIAGNOSTIC,false
artifacts/postmortem/fault_root_fold_analysis.json,re2ob.fault.cpu.z2.Avg@5,0.9733333333333334,DIAGNOSTIC,false
artifacts/postmortem/fault_root_fold_analysis.json,re2ob.fault.cpu.z2.MRR,0.9333333333333333,DIAGNOSTIC,false
artifacts/postmortem/fault_root_fold_analysis.json,re2ob.fault.cpu.z2.cases,15,DIAGNOSTIC,false
artifacts/postmortem/fault_root_fold_analysis.json,re2ob.fault.cpu.z2.mean_root_rank,1.1333333333333333,DIAGNOSTIC,false
artifacts/postmortem/fault_root_fold_analysis.json,re2ob.fault.cpu.z2_minus_z1.AC@1,0.0,DIAGNOSTIC,false
artifacts/postmortem/fault_root_fold_analysis.json,re2ob.fault.cpu.z2_minus_z1.Avg@5,0.013333333333333308,DIAGNOSTIC,false
artifacts/postmortem/fault_root_fold_analysis.json,re2ob.fault.cpu.z2_minus_z1.mean_root_rank,-0.06666666666666665,DIAGNOSTIC,false
artifacts/postmortem/fault_root_fold_analysis.json,re2ob.fault.cpu.z3.AC@1,0.8666666666666667,DIAGNOSTIC,false
artifacts/postmortem/fault_root_fold_analysis.json,re2ob.fault.cpu.z3.AC@3,1.0,DIAGNOSTIC,false
artifacts/postmortem/fault_root_fold_analysis.json,re2ob.fault.cpu.z3.AC@5,1.0,DIAGNOSTIC,false
artifacts/postmortem/fault_root_fold_analysis.json,re2ob.fault.cpu.z3.Avg@5,0.9466666666666667,DIAGNOSTIC,false
artifacts/postmortem/fault_root_fold_analysis.json,re2ob.fault.cpu.z3.MRR,0.9111111111111112,DIAGNOSTIC,false
artifacts/postmortem/fault_root_fold_analysis.json,re2ob.fault.cpu.z3.cases,15,DIAGNOSTIC,false
artifacts/postmortem/fault_root_fold_analysis.json,re2ob.fault.cpu.z3.mean_root_rank,1.2666666666666666,DIAGNOSTIC,false
artifacts/postmortem/fault_root_fold_analysis.json,re2ob.fault.cpu.z3_minus_z1.AC@1,0.0,DIAGNOSTIC,false
artifacts/postmortem/fault_root_fold_analysis.json,re2ob.fault.cpu.z3_minus_z1.Avg@5,-0.01333333333333342,DIAGNOSTIC,false
artifacts/postmortem/fault_root_fold_analysis.json,re2ob.fault.cpu.z3_minus_z1.mean_root_rank,0.06666666666666665,DIAGNOSTIC,false
artifacts/postmortem/fault_root_fold_analysis.json,re2ob.fault.delay.z1.AC@1,0.7333333333333333,DIAGNOSTIC,false
artifacts/postmortem/fault_root_fold_analysis.json,re2ob.fault.delay.z1.AC@3,1.0,DIAGNOSTIC,false
artifacts/postmortem/fault_root_fold_analysis.json,re2ob.fault.delay.z1.AC@5,1.0,DIAGNOSTIC,false
artifacts/postmortem/fault_root_fold_analysis.json,re2ob.fault.delay.z1.Avg@5,0.8933333333333333,DIAGNOSTIC,false
artifacts/postmortem/fault_root_fold_analysis.json,re2ob.fault.delay.z1.MRR,0.8222222222222223,DIAGNOSTIC,false
artifacts/postmortem/fault_root_fold_analysis.json,re2ob.fault.delay.z1.cases,15,DIAGNOSTIC,false
artifacts/postmortem/fault_root_fold_analysis.json,re2ob.fault.delay.z1.mean_root_rank,1.5333333333333334,DIAGNOSTIC,false
artifacts/postmortem/fault_root_fold_analysis.json,re2ob.fault.delay.z2.AC@1,0.8,DIAGNOSTIC,false
artifacts/postmortem/fault_root_fold_analysis.json,re2ob.fault.delay.z2.AC@3,1.0,DIAGNOSTIC,false
artifacts/postmortem/fault_root_fold_analysis.json,re2ob.fault.delay.z2.AC@5,1.0,DIAGNOSTIC,false
artifacts/postmortem/fault_root_fold_analysis.json,re2ob.fault.delay.z2.Avg@5,0.9333333333333333,DIAGNOSTIC,false
artifacts/postmortem/fault_root_fold_analysis.json,re2ob.fault.delay.z2.MRR,0.8777777777777778,DIAGNOSTIC,false
artifacts/postmortem/fault_root_fold_analysis.json,re2ob.fault.delay.z2.cases,15,DIAGNOSTIC,false
artifacts/postmortem/fault_root_fold_analysis.json,re2ob.fault.delay.z2.mean_root_rank,1.3333333333333333,DIAGNOSTIC,false
artifacts/postmortem/fault_root_fold_analysis.json,re2ob.fault.delay.z2_minus_z1.AC@1,0.06666666666666676,DIAGNOSTIC,false
artifacts/postmortem/fault_root_fold_analysis.json,re2ob.fault.delay.z2_minus_z1.Avg@5,0.040000000000000036,DIAGNOSTIC,false
artifacts/postmortem/fault_root_fold_analysis.json,re2ob.fault.delay.z2_minus_z1.mean_root_rank,-0.20000000000000018,DIAGNOSTIC,false
artifacts/postmortem/fault_root_fold_analysis.json,re2ob.fault.delay.z3.AC@1,0.8,DIAGNOSTIC,false
artifacts/postmortem/fault_root_fold_analysis.json,re2ob.fault.delay.z3.AC@3,1.0,DIAGNOSTIC,false
artifacts/postmortem/fault_root_fold_analysis.json,re2ob.fault.delay.z3.AC@5,1.0,DIAGNOSTIC,false
artifacts/postmortem/fault_root_fold_analysis.json,re2ob.fault.delay.z3.Avg@5,0.9466666666666667,DIAGNOSTIC,false
artifacts/postmortem/fault_root_fold_analysis.json,re2ob.fault.delay.z3.MRR,0.8888888888888888,DIAGNOSTIC,false
artifacts/postmortem/fault_root_fold_analysis.json,re2ob.fault.delay.z3.cases,15,DIAGNOSTIC,false
artifacts/postmortem/fault_root_fold_analysis.json,re2ob.fault.delay.z3.mean_root_rank,1.2666666666666666,DIAGNOSTIC,false
artifacts/postmortem/fault_root_fold_analysis.json,re2ob.fault.delay.z3_minus_z1.AC@1,0.06666666666666676,DIAGNOSTIC,false
artifacts/postmortem/fault_root_fold_analysis.json,re2ob.fault.delay.z3_minus_z1.Avg@5,0.053333333333333344,DIAGNOSTIC,false
artifacts/postmortem/fault_root_fold_analysis.json,re2ob.fault.delay.z3_minus_z1.mean_root_rank,-0.26666666666666683,DIAGNOSTIC,false
artifacts/postmortem/fault_root_fold_analysis.json,re2ob.fault.disk.z1.AC@1,0.9333333333333333,DIAGNOSTIC,false
artifacts/postmortem/fault_root_fold_analysis.json,re2ob.fault.disk.z1.AC@3,1.0,DIAGNOSTIC,false
artifacts/postmortem/fault_root_fold_analysis.json,re2ob.fault.disk.z1.AC@5,1.0,DIAGNOSTIC,false
artifacts/postmortem/fault_root_fold_analysis.json,re2ob.fault.disk.z1.Avg@5,0.9733333333333333,DIAGNOSTIC,false
artifacts/postmortem/fault_root_fold_analysis.json,re2ob.fault.disk.z1.MRR,0.9555555555555555,DIAGNOSTIC,false
artifacts/postmortem/fault_root_fold_analysis.json,re2ob.fault.disk.z1.cases,15,DIAGNOSTIC,false
artifacts/postmortem/fault_root_fold_analysis.json,re2ob.fault.disk.z1.mean_root_rank,1.1333333333333333,DIAGNOSTIC,false
artifacts/postmortem/fault_root_fold_analysis.json,re2ob.fault.disk.z2.AC@1,1.0,DIAGNOSTIC,false
artifacts/postmortem/fault_root_fold_analysis.json,re2ob.fault.disk.z2.AC@3,1.0,DIAGNOSTIC,false
artifacts/postmortem/fault_root_fold_analysis.json,re2ob.fault.disk.z2.AC@5,1.0,DIAGNOSTIC,false
artifacts/postmortem/fault_root_fold_analysis.json,re2ob.fault.disk.z2.Avg@5,1.0,DIAGNOSTIC,false
artifacts/postmortem/fault_root_fold_analysis.json,re2ob.fault.disk.z2.MRR,1.0,DIAGNOSTIC,false
artifacts/postmortem/fault_root_fold_analysis.json,re2ob.fault.disk.z2.cases,15,DIAGNOSTIC,false
artifacts/postmortem/fault_root_fold_analysis.json,re2ob.fault.disk.z2.mean_root_rank,1.0,DIAGNOSTIC,false
artifacts/postmortem/fault_root_fold_analysis.json,re2ob.fault.disk.z2_minus_z1.AC@1,0.06666666666666665,DIAGNOSTIC,false
artifacts/postmortem/fault_root_fold_analysis.json,re2ob.fault.disk.z2_minus_z1.Avg@5,0.026666666666666727,DIAGNOSTIC,false
artifacts/postmortem/fault_root_fold_analysis.json,re2ob.fault.disk.z2_minus_z1.mean_root_rank,-0.1333333333333333,DIAGNOSTIC,false
artifacts/postmortem/fault_root_fold_analysis.json,re2ob.fault.disk.z3.AC@1,0.9333333333333333,DIAGNOSTIC,false
artifacts/postmortem/fault_root_fold_analysis.json,re2ob.fault.disk.z3.AC@3,1.0,DIAGNOSTIC,false
artifacts/postmortem/fault_root_fold_analysis.json,re2ob.fault.disk.z3.AC@5,1.0,DIAGNOSTIC,false
artifacts/postmortem/fault_root_fold_analysis.json,re2ob.fault.disk.z3.Avg@5,0.9733333333333333,DIAGNOSTIC,false
artifacts/postmortem/fault_root_fold_analysis.json,re2ob.fault.disk.z3.MRR,0.9555555555555555,DIAGNOSTIC,false
artifacts/postmortem/fault_root_fold_analysis.json,re2ob.fault.disk.z3.cases,15,DIAGNOSTIC,false
artifacts/postmortem/fault_root_fold_analysis.json,re2ob.fault.disk.z3.mean_root_rank,1.1333333333333333,DIAGNOSTIC,false
artifacts/postmortem/fault_root_fold_analysis.json,re2ob.fault.disk.z3_minus_z1.AC@1,0.0,DIAGNOSTIC,false
artifacts/postmortem/fault_root_fold_analysis.json,re2ob.fault.disk.z3_minus_z1.Avg@5,0.0,DIAGNOSTIC,false
artifacts/postmortem/fault_root_fold_analysis.json,re2ob.fault.disk.z3_minus_z1.mean_root_rank,0.0,DIAGNOSTIC,false
artifacts/postmortem/fault_root_fold_analysis.json,re2ob.fault.loss.z1.AC@1,0.8666666666666667,DIAGNOSTIC,false
artifacts/postmortem/fault_root_fold_analysis.json,re2ob.fault.loss.z1.AC@3,0.8666666666666667,DIAGNOSTIC,false
artifacts/postmortem/fault_root_fold_analysis.json,re2ob.fault.loss.z1.AC@5,0.8666666666666667,DIAGNOSTIC,false
artifacts/postmortem/fault_root_fold_analysis.json,re2ob.fault.loss.z1.Avg@5,0.8666666666666667,DIAGNOSTIC,false
artifacts/postmortem/fault_root_fold_analysis.json,re2ob.fault.loss.z1.MRR,0.8851851851851851,DIAGNOSTIC,false
artifacts/postmortem/fault_root_fold_analysis.json,re2ob.fault.loss.z1.cases,15,DIAGNOSTIC,false
artifacts/postmortem/fault_root_fold_analysis.json,re2ob.fault.loss.z1.mean_root_rank,1.8666666666666667,DIAGNOSTIC,false
artifacts/postmortem/fault_root_fold_analysis.json,re2ob.fault.loss.z2.AC@1,0.8,DIAGNOSTIC,false
artifacts/postmortem/fault_root_fold_analysis.json,re2ob.fault.loss.z2.AC@3,0.9333333333333333,DIAGNOSTIC,false
artifacts/postmortem/fault_root_fold_analysis.json,re2ob.fault.loss.z2.AC@5,0.9333333333333333,DIAGNOSTIC,false
artifacts/postmortem/fault_root_fold_analysis.json,re2ob.fault.loss.z2.Avg@5,0.88,DIAGNOSTIC,false
artifacts/postmortem/fault_root_fold_analysis.json,re2ob.fault.loss.z2.MRR,0.8518518518518517,DIAGNOSTIC,false
artifacts/postmortem/fault_root_fold_analysis.json,re2ob.fault.loss.z2.cases,15,DIAGNOSTIC,false
artifacts/postmortem/fault_root_fold_analysis.json,re2ob.fault.loss.z2.mean_root_rank,1.8,DIAGNOSTIC,false
artifacts/postmortem/fault_root_fold_analysis.json,re2ob.fault.loss.z2_minus_z1.AC@1,-0.06666666666666665,DIAGNOSTIC,false
artifacts/postmortem/fault_root_fold_analysis.json,re2ob.fault.loss.z2_minus_z1.Avg@5,0.013333333333333308,DIAGNOSTIC,false
artifacts/postmortem/fault_root_fold_analysis.json,re2ob.fault.loss.z2_minus_z1.mean_root_rank,-0.06666666666666665,DIAGNOSTIC,false
artifacts/postmortem/fault_root_fold_analysis.json,re2ob.fault.loss.z3.AC@1,0.7333333333333333,DIAGNOSTIC,false
artifacts/postmortem/fault_root_fold_analysis.json,re2ob.fault.loss.z3.AC@3,0.8666666666666667,DIAGNOSTIC,false
artifacts/postmortem/fault_root_fold_analysis.json,re2ob.fault.loss.z3.AC@5,0.9333333333333333,DIAGNOSTIC,false
artifacts/postmortem/fault_root_fold_analysis.json,re2ob.fault.loss.z3.Avg@5,0.8666666666666667,DIAGNOSTIC,false
artifacts/postmortem/fault_root_fold_analysis.json,re2ob.fault.loss.z3.MRR,0.8277777777777777,DIAGNOSTIC,false
artifacts/postmortem/fault_root_fold_analysis.json,re2ob.fault.loss.z3.cases,15,DIAGNOSTIC,false
artifacts/postmortem/fault_root_fold_analysis.json,re2ob.fault.loss.z3.mean_root_rank,1.6666666666666667,DIAGNOSTIC,false
artifacts/postmortem/fault_root_fold_analysis.json,re2ob.fault.loss.z3_minus_z1.AC@1,-0.13333333333333341,DIAGNOSTIC,false
artifacts/postmortem/fault_root_fold_analysis.json,re2ob.fault.loss.z3_minus_z1.Avg@5,0.0,DIAGNOSTIC,false
artifacts/postmortem/fault_root_fold_analysis.json,re2ob.fault.loss.z3_minus_z1.mean_root_rank,-0.19999999999999996,DIAGNOSTIC,false
artifacts/postmortem/fault_root_fold_analysis.json,re2ob.fault.mem.z1.AC@1,0.8,DIAGNOSTIC,false
artifacts/postmortem/fault_root_fold_analysis.json,re2ob.fault.mem.z1.AC@3,0.9333333333333333,DIAGNOSTIC,false
artifacts/postmortem/fault_root_fold_analysis.json,re2ob.fault.mem.z1.AC@5,1.0,DIAGNOSTIC,false
artifacts/postmortem/fault_root_fold_analysis.json,re2ob.fault.mem.z1.Avg@5,0.92,DIAGNOSTIC,false
artifacts/postmortem/fault_root_fold_analysis.json,re2ob.fault.mem.z1.MRR,0.8722222222222221,DIAGNOSTIC,false
artifacts/postmortem/fault_root_fold_analysis.json,re2ob.fault.mem.z1.cases,15,DIAGNOSTIC,false
artifacts/postmortem/fault_root_fold_analysis.json,re2ob.fault.mem.z1.mean_root_rank,1.4,DIAGNOSTIC,false
artifacts/postmortem/fault_root_fold_analysis.json,re2ob.fault.mem.z2.AC@1,0.8,DIAGNOSTIC,false
artifacts/postmortem/fault_root_fold_analysis.json,re2ob.fault.mem.z2.AC@3,1.0,DIAGNOSTIC,false
artifacts/postmortem/fault_root_fold_analysis.json,re2ob.fault.mem.z2.AC@5,1.0,DIAGNOSTIC,false
artifacts/postmortem/fault_root_fold_analysis.json,re2ob.fault.mem.z2.Avg@5,0.9600000000000001,DIAGNOSTIC,false
artifacts/postmortem/fault_root_fold_analysis.json,re2ob.fault.mem.z2.MRR,0.9,DIAGNOSTIC,false
artifacts/postmortem/fault_root_fold_analysis.json,re2ob.fault.mem.z2.cases,15,DIAGNOSTIC,false
artifacts/postmortem/fault_root_fold_analysis.json,re2ob.fault.mem.z2.mean_root_rank,1.2,DIAGNOSTIC,false
artifacts/postmortem/fault_root_fold_analysis.json,re2ob.fault.mem.z2_minus_z1.AC@1,0.0,DIAGNOSTIC,false
artifacts/postmortem/fault_root_fold_analysis.json,re2ob.fault.mem.z2_minus_z1.Avg@5,0.040000000000000036,DIAGNOSTIC,false
artifacts/postmortem/fault_root_fold_analysis.json,re2ob.fault.mem.z2_minus_z1.mean_root_rank,-0.19999999999999996,DIAGNOSTIC,false
artifacts/postmortem/fault_root_fold_analysis.json,re2ob.fault.mem.z3.AC@1,0.8666666666666667,DIAGNOSTIC,false
artifacts/postmortem/fault_root_fold_analysis.json,re2ob.fault.mem.z3.AC@3,0.9333333333333333,DIAGNOSTIC,false
artifacts/postmortem/fault_root_fold_analysis.json,re2ob.fault.mem.z3.AC@5,1.0,DIAGNOSTIC,false
artifacts/postmortem/fault_root_fold_analysis.json,re2ob.fault.mem.z3.Avg@5,0.9333333333333333,DIAGNOSTIC,false
artifacts/postmortem/fault_root_fold_analysis.json,re2ob.fault.mem.z3.MRR,0.9055555555555556,DIAGNOSTIC,false
artifacts/postmortem/fault_root_fold_analysis.json,re2ob.fault.mem.z3.cases,15,DIAGNOSTIC,false
artifacts/postmortem/fault_root_fold_analysis.json,re2ob.fault.mem.z3.mean_root_rank,1.3333333333333333,DIAGNOSTIC,false
artifacts/postmortem/fault_root_fold_analysis.json,re2ob.fault.mem.z3_minus_z1.AC@1,0.06666666666666665,DIAGNOSTIC,false
artifacts/postmortem/fault_root_fold_analysis.json,re2ob.fault.mem.z3_minus_z1.Avg@5,0.013333333333333308,DIAGNOSTIC,false
artifacts/postmortem/fault_root_fold_analysis.json,re2ob.fault.mem.z3_minus_z1.mean_root_rank,-0.06666666666666665,DIAGNOSTIC,false
artifacts/postmortem/fault_root_fold_analysis.json,re2ob.fault.socket.z1.AC@1,0.8666666666666667,DIAGNOSTIC,false
artifacts/postmortem/fault_root_fold_analysis.json,re2ob.fault.socket.z1.AC@3,0.9333333333333333,DIAGNOSTIC,false
artifacts/postmortem/fault_root_fold_analysis.json,re2ob.fault.socket.z1.AC@5,1.0,DIAGNOSTIC,false
artifacts/postmortem/fault_root_fold_analysis.json,re2ob.fault.socket.z1.Avg@5,0.9466666666666668,DIAGNOSTIC,false
artifacts/postmortem/fault_root_fold_analysis.json,re2ob.fault.socket.z1.MRR,0.9166666666666666,DIAGNOSTIC,false
artifacts/postmortem/fault_root_fold_analysis.json,re2ob.fault.socket.z1.cases,15,DIAGNOSTIC,false
artifacts/postmortem/fault_root_fold_analysis.json,re2ob.fault.socket.z1.mean_root_rank,1.2666666666666666,DIAGNOSTIC,false
artifacts/postmortem/fault_root_fold_analysis.json,re2ob.fault.socket.z2.AC@1,0.8666666666666667,DIAGNOSTIC,false
artifacts/postmortem/fault_root_fold_analysis.json,re2ob.fault.socket.z2.AC@3,1.0,DIAGNOSTIC,false
artifacts/postmortem/fault_root_fold_analysis.json,re2ob.fault.socket.z2.AC@5,1.0,DIAGNOSTIC,false
artifacts/postmortem/fault_root_fold_analysis.json,re2ob.fault.socket.z2.Avg@5,0.9733333333333334,DIAGNOSTIC,false
artifacts/postmortem/fault_root_fold_analysis.json,re2ob.fault.socket.z2.MRR,0.9333333333333333,DIAGNOSTIC,false
artifacts/postmortem/fault_root_fold_analysis.json,re2ob.fault.socket.z2.cases,15,DIAGNOSTIC,false
artifacts/postmortem/fault_root_fold_analysis.json,re2ob.fault.socket.z2.mean_root_rank,1.1333333333333333,DIAGNOSTIC,false
artifacts/postmortem/fault_root_fold_analysis.json,re2ob.fault.socket.z2_minus_z1.AC@1,0.0,DIAGNOSTIC,false
artifacts/postmortem/fault_root_fold_analysis.json,re2ob.fault.socket.z2_minus_z1.Avg@5,0.026666666666666616,DIAGNOSTIC,false
artifacts/postmortem/fault_root_fold_analysis.json,re2ob.fault.socket.z2_minus_z1.mean_root_rank,-0.1333333333333333,DIAGNOSTIC,false
artifacts/postmortem/fault_root_fold_analysis.json,re2ob.fault.socket.z3.AC@1,0.8666666666666667,DIAGNOSTIC,false
artifacts/postmortem/fault_root_fold_analysis.json,re2ob.fault.socket.z3.AC@3,1.0,DIAGNOSTIC,false
artifacts/postmortem/fault_root_fold_analysis.json,re2ob.fault.socket.z3.AC@5,1.0,DIAGNOSTIC,false
artifacts/postmortem/fault_root_fold_analysis.json,re2ob.fault.socket.z3.Avg@5,0.9733333333333334,DIAGNOSTIC,false
artifacts/postmortem/fault_root_fold_analysis.json,re2ob.fault.socket.z3.MRR,0.9333333333333333,DIAGNOSTIC,false
artifacts/postmortem/fault_root_fold_analysis.json,re2ob.fault.socket.z3.cases,15,DIAGNOSTIC,false
artifacts/postmortem/fault_root_fold_analysis.json,re2ob.fault.socket.z3.mean_root_rank,1.1333333333333333,DIAGNOSTIC,false
artifacts/postmortem/fault_root_fold_analysis.json,re2ob.fault.socket.z3_minus_z1.AC@1,0.0,DIAGNOSTIC,false
artifacts/postmortem/fault_root_fold_analysis.json,re2ob.fault.socket.z3_minus_z1.Avg@5,0.026666666666666616,DIAGNOSTIC,false
artifacts/postmortem/fault_root_fold_analysis.json,re2ob.fault.socket.z3_minus_z1.mean_root_rank,-0.1333333333333333,DIAGNOSTIC,false
artifacts/postmortem/fault_root_fold_analysis.json,re2ob.fold.0.z1.AC@1,0.7666666666666667,DIAGNOSTIC,false
artifacts/postmortem/fault_root_fold_analysis.json,re2ob.fold.0.z1.AC@3,0.9,DIAGNOSTIC,false
artifacts/postmortem/fault_root_fold_analysis.json,re2ob.fold.0.z1.AC@5,0.9666666666666667,DIAGNOSTIC,false
artifacts/postmortem/fault_root_fold_analysis.json,re2ob.fold.0.z1.Avg@5,0.88,DIAGNOSTIC,false
artifacts/postmortem/fault_root_fold_analysis.json,re2ob.fold.0.z1.MRR,0.837037037037037,DIAGNOSTIC,false
artifacts/postmortem/fault_root_fold_analysis.json,re2ob.fold.0.z1.cases,30,DIAGNOSTIC,false
artifacts/postmortem/fault_root_fold_analysis.json,re2ob.fold.0.z1.mean_root_rank,1.7,DIAGNOSTIC,false
artifacts/postmortem/fault_root_fold_analysis.json,re2ob.fold.0.z2.AC@1,0.8666666666666667,DIAGNOSTIC,false
artifacts/postmortem/fault_root_fold_analysis.json,re2ob.fold.0.z2.AC@3,0.9666666666666667,DIAGNOSTIC,false
artifacts/postmortem/fault_root_fold_analysis.json,re2ob.fold.0.z2.AC@5,0.9666666666666667,DIAGNOSTIC,false
artifacts/postmortem/fault_root_fold_analysis.json,re2ob.fold.0.z2.Avg@5,0.9400000000000001,DIAGNOSTIC,false
artifacts/postmortem/fault_root_fold_analysis.json,re2ob.fold.0.z2.MRR,0.9148148148148147,DIAGNOSTIC,false
artifacts/postmortem/fault_root_fold_analysis.json,re2ob.fold.0.z2.cases,30,DIAGNOSTIC,false
artifacts/postmortem/fault_root_fold_analysis.json,re2ob.fold.0.z2.mean_root_rank,1.4,DIAGNOSTIC,false
artifacts/postmortem/fault_root_fold_analysis.json,re2ob.fold.0.z2_minus_z1.AC@1,0.09999999999999998,DIAGNOSTIC,false
artifacts/postmortem/fault_root_fold_analysis.json,re2ob.fold.0.z2_minus_z1.Avg@5,0.06000000000000005,DIAGNOSTIC,false
artifacts/postmortem/fault_root_fold_analysis.json,re2ob.fold.0.z2_minus_z1.mean_root_rank,-0.30000000000000004,DIAGNOSTIC,false
artifacts/postmortem/fault_root_fold_analysis.json,re2ob.fold.0.z3.AC@1,0.8,DIAGNOSTIC,false
artifacts/postmortem/fault_root_fold_analysis.json,re2ob.fold.0.z3.AC@3,0.9666666666666667,DIAGNOSTIC,false
artifacts/postmortem/fault_root_fold_analysis.json,re2ob.fold.0.z3.AC@5,1.0,DIAGNOSTIC,false
artifacts/postmortem/fault_root_fold_analysis.json,re2ob.fold.0.z3.Avg@5,0.9266666666666666,DIAGNOSTIC,false
artifacts/postmortem/fault_root_fold_analysis.json,re2ob.fold.0.z3.MRR,0.8749999999999999,DIAGNOSTIC,false
artifacts/postmortem/fault_root_fold_analysis.json,re2ob.fold.0.z3.cases,30,DIAGNOSTIC,false
artifacts/postmortem/fault_root_fold_analysis.json,re2ob.fold.0.z3.mean_root_rank,1.3666666666666667,DIAGNOSTIC,false
artifacts/postmortem/fault_root_fold_analysis.json,re2ob.fold.0.z3_minus_z1.AC@1,0.033333333333333326,DIAGNOSTIC,false
artifacts/postmortem/fault_root_fold_analysis.json,re2ob.fold.0.z3_minus_z1.Avg@5,0.046666666666666634,DIAGNOSTIC,false
artifacts/postmortem/fault_root_fold_analysis.json,re2ob.fold.0.z3_minus_z1.mean_root_rank,-0.33333333333333326,DIAGNOSTIC,false
artifacts/postmortem/fault_root_fold_analysis.json,re2ob.fold.1.z1.AC@1,0.8666666666666667,DIAGNOSTIC,false
artifacts/postmortem/fault_root_fold_analysis.json,re2ob.fold.1.z1.AC@3,1.0,DIAGNOSTIC,false
artifacts/postmortem/fault_root_fold_analysis.json,re2ob.fold.1.z1.AC@5,1.0,DIAGNOSTIC,false
artifacts/postmortem/fault_root_fold_analysis.json,re2ob.fold.1.z1.Avg@5,0.9600000000000001,DIAGNOSTIC,false
artifacts/postmortem/fault_root_fold_analysis.json,re2ob.fold.1.z1.MRR,0.9222222222222222,DIAGNOSTIC,false
artifacts/postmortem/fault_root_fold_analysis.json,re2ob.fold.1.z1.cases,30,DIAGNOSTIC,false
artifacts/postmortem/fault_root_fold_analysis.json,re2ob.fold.1.z1.mean_root_rank,1.2,DIAGNOSTIC,false
artifacts/postmortem/fault_root_fold_analysis.json,re2ob.fold.1.z2.AC@1,0.8333333333333334,DIAGNOSTIC,false
artifacts/postmortem/fault_root_fold_analysis.json,re2ob.fold.1.z2.AC@3,1.0,DIAGNOSTIC,false
artifacts/postmortem/fault_root_fold_analysis.json,re2ob.fold.1.z2.AC@5,1.0,DIAGNOSTIC,false
artifacts/postmortem/fault_root_fold_analysis.json,re2ob.fold.1.z2.Avg@5,0.9533333333333334,DIAGNOSTIC,false
artifacts/postmortem/fault_root_fold_analysis.json,re2ob.fold.1.z2.MRR,0.9055555555555554,DIAGNOSTIC,false
artifacts/postmortem/fault_root_fold_analysis.json,re2ob.fold.1.z2.cases,30,DIAGNOSTIC,false
artifacts/postmortem/fault_root_fold_analysis.json,re2ob.fold.1.z2.mean_root_rank,1.2333333333333334,DIAGNOSTIC,false
artifacts/postmortem/fault_root_fold_analysis.json,re2ob.fold.1.z2_minus_z1.AC@1,-0.033333333333333326,DIAGNOSTIC,false
artifacts/postmortem/fault_root_fold_analysis.json,re2ob.fold.1.z2_minus_z1.Avg@5,-0.00666666666666671,DIAGNOSTIC,false
artifacts/postmortem/fault_root_fold_analysis.json,re2ob.fold.1.z2_minus_z1.mean_root_rank,0.03333333333333344,DIAGNOSTIC,false
artifacts/postmortem/fault_root_fold_analysis.json,re2ob.fold.1.z3.AC@1,0.8666666666666667,DIAGNOSTIC,false
artifacts/postmortem/fault_root_fold_analysis.json,re2ob.fold.1.z3.AC@3,0.9666666666666667,DIAGNOSTIC,false
artifacts/postmortem/fault_root_fold_analysis.json,re2ob.fold.1.z3.AC@5,1.0,DIAGNOSTIC,false
artifacts/postmortem/fault_root_fold_analysis.json,re2ob.fold.1.z3.Avg@5,0.9599999999999999,DIAGNOSTIC,false
artifacts/postmortem/fault_root_fold_analysis.json,re2ob.fold.1.z3.MRR,0.925,DIAGNOSTIC,false
artifacts/postmortem/fault_root_fold_analysis.json,re2ob.fold.1.z3.cases,30,DIAGNOSTIC,false
artifacts/postmortem/fault_root_fold_analysis.json,re2ob.fold.1.z3.mean_root_rank,1.2,DIAGNOSTIC,false
artifacts/postmortem/fault_root_fold_analysis.json,re2ob.fold.1.z3_minus_z1.AC@1,0.0,DIAGNOSTIC,false
artifacts/postmortem/fault_root_fold_analysis.json,re2ob.fold.1.z3_minus_z1.Avg@5,-2.220446049250313e-16,DIAGNOSTIC,false
artifacts/postmortem/fault_root_fold_analysis.json,re2ob.fold.1.z3_minus_z1.mean_root_rank,0.0,DIAGNOSTIC,false
artifacts/postmortem/fault_root_fold_analysis.json,re2ob.fold.2.z1.AC@1,0.9,DIAGNOSTIC,false
artifacts/postmortem/fault_root_fold_analysis.json,re2ob.fold.2.z1.AC@3,0.9666666666666667,DIAGNOSTIC,false
artifacts/postmortem/fault_root_fold_analysis.json,re2ob.fold.2.z1.AC@5,0.9666666666666667,DIAGNOSTIC,false
artifacts/postmortem/fault_root_fold_analysis.json,re2ob.fold.2.z1.Avg@5,0.9400000000000001,DIAGNOSTIC,false
artifacts/postmortem/fault_root_fold_analysis.json,re2ob.fold.2.z1.MRR,0.9277777777777777,DIAGNOSTIC,false
artifacts/postmortem/fault_root_fold_analysis.json,re2ob.fold.2.z1.cases,30,DIAGNOSTIC,false
artifacts/postmortem/fault_root_fold_analysis.json,re2ob.fold.2.z1.mean_root_rank,1.3,DIAGNOSTIC,false
artifacts/postmortem/fault_root_fold_analysis.json,re2ob.fold.2.z2.AC@1,0.8666666666666667,DIAGNOSTIC,false
artifacts/postmortem/fault_root_fold_analysis.json,re2ob.fold.2.z2.AC@3,1.0,DIAGNOSTIC,false
artifacts/postmortem/fault_root_fold_analysis.json,re2ob.fold.2.z2.AC@5,1.0,DIAGNOSTIC,false
artifacts/postmortem/fault_root_fold_analysis.json,re2ob.fold.2.z2.Avg@5,0.9666666666666667,DIAGNOSTIC,false
artifacts/postmortem/fault_root_fold_analysis.json,re2ob.fold.2.z2.MRR,0.9277777777777778,DIAGNOSTIC,false
artifacts/postmortem/fault_root_fold_analysis.json,re2ob.fold.2.z2.cases,30,DIAGNOSTIC,false
artifacts/postmortem/fault_root_fold_analysis.json,re2ob.fold.2.z2.mean_root_rank,1.1666666666666667,DIAGNOSTIC,false
artifacts/postmortem/fault_root_fold_analysis.json,re2ob.fold.2.z2_minus_z1.AC@1,-0.033333333333333326,DIAGNOSTIC,false
artifacts/postmortem/fault_root_fold_analysis.json,re2ob.fold.2.z2_minus_z1.Avg@5,0.026666666666666616,DIAGNOSTIC,false
artifacts/postmortem/fault_root_fold_analysis.json,re2ob.fold.2.z2_minus_z1.mean_root_rank,-0.1333333333333333,DIAGNOSTIC,false
artifacts/postmortem/fault_root_fold_analysis.json,re2ob.fold.2.z3.AC@1,0.8666666666666667,DIAGNOSTIC,false
artifacts/postmortem/fault_root_fold_analysis.json,re2ob.fold.2.z3.AC@3,0.9666666666666667,DIAGNOSTIC,false
artifacts/postmortem/fault_root_fold_analysis.json,re2ob.fold.2.z3.AC@5,0.9666666666666667,DIAGNOSTIC,false
artifacts/postmortem/fault_root_fold_analysis.json,re2ob.fold.2.z3.Avg@5,0.9333333333333335,DIAGNOSTIC,false
artifacts/postmortem/fault_root_fold_analysis.json,re2ob.fold.2.z3.MRR,0.9111111111111111,DIAGNOSTIC,false
artifacts/postmortem/fault_root_fold_analysis.json,re2ob.fold.2.z3.cases,30,DIAGNOSTIC,false
artifacts/postmortem/fault_root_fold_analysis.json,re2ob.fold.2.z3.mean_root_rank,1.3333333333333333,DIAGNOSTIC,false
artifacts/postmortem/fault_root_fold_analysis.json,re2ob.fold.2.z3_minus_z1.AC@1,-0.033333333333333326,DIAGNOSTIC,false
artifacts/postmortem/fault_root_fold_analysis.json,re2ob.fold.2.z3_minus_z1.Avg@5,-0.006666666666666599,DIAGNOSTIC,false
artifacts/postmortem/fault_root_fold_analysis.json,re2ob.fold.2.z3_minus_z1.mean_root_rank,0.033333333333333215,DIAGNOSTIC,false
artifacts/postmortem/fault_root_fold_analysis.json,re2ob.root.checkoutservice.z1.AC@1,0.8333333333333334,DIAGNOSTIC,false
artifacts/postmortem/fault_root_fold_analysis.json,re2ob.root.checkoutservice.z1.AC@3,1.0,DIAGNOSTIC,false
artifacts/postmortem/fault_root_fold_analysis.json,re2ob.root.checkoutservice.z1.AC@5,1.0,DIAGNOSTIC,false
artifacts/postmortem/fault_root_fold_analysis.json,re2ob.root.checkoutservice.z1.Avg@5,0.9333333333333333,DIAGNOSTIC,false
artifacts/postmortem/fault_root_fold_analysis.json,re2ob.root.checkoutservice.z1.MRR,0.8888888888888888,DIAGNOSTIC,false
artifacts/postmortem/fault_root_fold_analysis.json,re2ob.root.checkoutservice.z1.cases,18,DIAGNOSTIC,false
artifacts/postmortem/fault_root_fold_analysis.json,re2ob.root.checkoutservice.z1.mean_root_rank,1.3333333333333333,DIAGNOSTIC,false
artifacts/postmortem/fault_root_fold_analysis.json,re2ob.root.checkoutservice.z2.AC@1,0.8333333333333334,DIAGNOSTIC,false
artifacts/postmortem/fault_root_fold_analysis.json,re2ob.root.checkoutservice.z2.AC@3,1.0,DIAGNOSTIC,false
artifacts/postmortem/fault_root_fold_analysis.json,re2ob.root.checkoutservice.z2.AC@5,1.0,DIAGNOSTIC,false
artifacts/postmortem/fault_root_fold_analysis.json,re2ob.root.checkoutservice.z2.Avg@5,0.9444444444444444,DIAGNOSTIC,false
artifacts/postmortem/fault_root_fold_analysis.json,re2ob.root.checkoutservice.z2.MRR,0.898148148148148,DIAGNOSTIC,false
artifacts/postmortem/fault_root_fold_analysis.json,re2ob.root.checkoutservice.z2.cases,18,DIAGNOSTIC,false
artifacts/postmortem/fault_root_fold_analysis.json,re2ob.root.checkoutservice.z2.mean_root_rank,1.2777777777777777,DIAGNOSTIC,false
artifacts/postmortem/fault_root_fold_analysis.json,re2ob.root.checkoutservice.z2_minus_z1.AC@1,0.0,DIAGNOSTIC,false
artifacts/postmortem/fault_root_fold_analysis.json,re2ob.root.checkoutservice.z2_minus_z1.Avg@5,0.011111111111111072,DIAGNOSTIC,false
artifacts/postmortem/fault_root_fold_analysis.json,re2ob.root.checkoutservice.z2_minus_z1.mean_root_rank,-0.05555555555555558,DIAGNOSTIC,false
artifacts/postmortem/fault_root_fold_analysis.json,re2ob.root.checkoutservice.z3.AC@1,0.7777777777777778,DIAGNOSTIC,false
artifacts/postmortem/fault_root_fold_analysis.json,re2ob.root.checkoutservice.z3.AC@3,1.0,DIAGNOSTIC,false
artifacts/postmortem/fault_root_fold_analysis.json,re2ob.root.checkoutservice.z3.AC@5,1.0,DIAGNOSTIC,false
artifacts/postmortem/fault_root_fold_analysis.json,re2ob.root.checkoutservice.z3.Avg@5,0.9444444444444444,DIAGNOSTIC,false
artifacts/postmortem/fault_root_fold_analysis.json,re2ob.root.checkoutservice.z3.MRR,0.8796296296296295,DIAGNOSTIC,false
artifacts/postmortem/fault_root_fold_analysis.json,re2ob.root.checkoutservice.z3.cases,18,DIAGNOSTIC,false
artifacts/postmortem/fault_root_fold_analysis.json,re2ob.root.checkoutservice.z3.mean_root_rank,1.2777777777777777,DIAGNOSTIC,false
artifacts/postmortem/fault_root_fold_analysis.json,re2ob.root.checkoutservice.z3_minus_z1.AC@1,-0.05555555555555558,DIAGNOSTIC,false
artifacts/postmortem/fault_root_fold_analysis.json,re2ob.root.checkoutservice.z3_minus_z1.Avg@5,0.011111111111111072,DIAGNOSTIC,false
artifacts/postmortem/fault_root_fold_analysis.json,re2ob.root.checkoutservice.z3_minus_z1.mean_root_rank,-0.05555555555555558,DIAGNOSTIC,false
artifacts/postmortem/fault_root_fold_analysis.json,re2ob.root.currencyservice.z1.AC@1,0.5,DIAGNOSTIC,false
artifacts/postmortem/fault_root_fold_analysis.json,re2ob.root.currencyservice.z1.AC@3,0.8333333333333334,DIAGNOSTIC,false
artifacts/postmortem/fault_root_fold_analysis.json,re2ob.root.currencyservice.z1.AC@5,0.8888888888888888,DIAGNOSTIC,false
artifacts/postmortem/fault_root_fold_analysis.json,re2ob.root.currencyservice.z1.Avg@5,0.7444444444444444,DIAGNOSTIC,false
artifacts/postmortem/fault_root_fold_analysis.json,re2ob.root.currencyservice.z1.MRR,0.6589506172839505,DIAGNOSTIC,false
artifacts/postmortem/fault_root_fold_analysis.json,re2ob.root.currencyservice.z1.cases,18,DIAGNOSTIC,false
artifacts/postmortem/fault_root_fold_analysis.json,re2ob.root.currencyservice.z1.mean_root_rank,2.4444444444444446,DIAGNOSTIC,false
artifacts/postmortem/fault_root_fold_analysis.json,re2ob.root.currencyservice.z2.AC@1,0.5,DIAGNOSTIC,false
artifacts/postmortem/fault_root_fold_analysis.json,re2ob.root.currencyservice.z2.AC@3,0.9444444444444444,DIAGNOSTIC,false
artifacts/postmortem/fault_root_fold_analysis.json,re2ob.root.currencyservice.z2.AC@5,0.9444444444444444,DIAGNOSTIC,false
artifacts/postmortem/fault_root_fold_analysis.json,re2ob.root.currencyservice.z2.Avg@5,0.8333333333333334,DIAGNOSTIC,false
artifacts/postmortem/fault_root_fold_analysis.json,re2ob.root.currencyservice.z2.MRR,0.7098765432098766,DIAGNOSTIC,false
artifacts/postmortem/fault_root_fold_analysis.json,re2ob.root.currencyservice.z2.cases,18,DIAGNOSTIC,false
artifacts/postmortem/fault_root_fold_analysis.json,re2ob.root.currencyservice.z2.mean_root_rank,2.0,DIAGNOSTIC,false
artifacts/postmortem/fault_root_fold_analysis.json,re2ob.root.currencyservice.z2_minus_z1.AC@1,0.0,DIAGNOSTIC,false
artifacts/postmortem/fault_root_fold_analysis.json,re2ob.root.currencyservice.z2_minus_z1.Avg@5,0.08888888888888902,DIAGNOSTIC,false
artifacts/postmortem/fault_root_fold_analysis.json,re2ob.root.currencyservice.z2_minus_z1.mean_root_rank,-0.44444444444444464,DIAGNOSTIC,false
artifacts/postmortem/fault_root_fold_analysis.json,re2ob.root.currencyservice.z3.AC@1,0.5,DIAGNOSTIC,false
artifacts/postmortem/fault_root_fold_analysis.json,re2ob.root.currencyservice.z3.AC@3,0.8333333333333334,DIAGNOSTIC,false
artifacts/postmortem/fault_root_fold_analysis.json,re2ob.root.currencyservice.z3.AC@5,0.9444444444444444,DIAGNOSTIC,false
artifacts/postmortem/fault_root_fold_analysis.json,re2ob.root.currencyservice.z3.Avg@5,0.7666666666666667,DIAGNOSTIC,false
artifacts/postmortem/fault_root_fold_analysis.json,re2ob.root.currencyservice.z3.MRR,0.6666666666666666,DIAGNOSTIC,false
artifacts/postmortem/fault_root_fold_analysis.json,re2ob.root.currencyservice.z3.cases,18,DIAGNOSTIC,false
artifacts/postmortem/fault_root_fold_analysis.json,re2ob.root.currencyservice.z3.mean_root_rank,2.1666666666666665,DIAGNOSTIC,false
artifacts/postmortem/fault_root_fold_analysis.json,re2ob.root.currencyservice.z3_minus_z1.AC@1,0.0,DIAGNOSTIC,false
artifacts/postmortem/fault_root_fold_analysis.json,re2ob.root.currencyservice.z3_minus_z1.Avg@5,0.022222222222222365,DIAGNOSTIC,false
artifacts/postmortem/fault_root_fold_analysis.json,re2ob.root.currencyservice.z3_minus_z1.mean_root_rank,-0.2777777777777781,DIAGNOSTIC,false
artifacts/postmortem/fault_root_fold_analysis.json,re2ob.root.emailservice.z1.AC@1,1.0,DIAGNOSTIC,false
artifacts/postmortem/fault_root_fold_analysis.json,re2ob.root.emailservice.z1.AC@3,1.0,DIAGNOSTIC,false
artifacts/postmortem/fault_root_fold_analysis.json,re2ob.root.emailservice.z1.AC@5,1.0,DIAGNOSTIC,false
artifacts/postmortem/fault_root_fold_analysis.json,re2ob.root.emailservice.z1.Avg@5,1.0,DIAGNOSTIC,false
artifacts/postmortem/fault_root_fold_analysis.json,re2ob.root.emailservice.z1.MRR,1.0,DIAGNOSTIC,false
artifacts/postmortem/fault_root_fold_analysis.json,re2ob.root.emailservice.z1.cases,18,DIAGNOSTIC,false
artifacts/postmortem/fault_root_fold_analysis.json,re2ob.root.emailservice.z1.mean_root_rank,1.0,DIAGNOSTIC,false
artifacts/postmortem/fault_root_fold_analysis.json,re2ob.root.emailservice.z2.AC@1,1.0,DIAGNOSTIC,false
artifacts/postmortem/fault_root_fold_analysis.json,re2ob.root.emailservice.z2.AC@3,1.0,DIAGNOSTIC,false
artifacts/postmortem/fault_root_fold_analysis.json,re2ob.root.emailservice.z2.AC@5,1.0,DIAGNOSTIC,false
artifacts/postmortem/fault_root_fold_analysis.json,re2ob.root.emailservice.z2.Avg@5,1.0,DIAGNOSTIC,false
artifacts/postmortem/fault_root_fold_analysis.json,re2ob.root.emailservice.z2.MRR,1.0,DIAGNOSTIC,false
artifacts/postmortem/fault_root_fold_analysis.json,re2ob.root.emailservice.z2.cases,18,DIAGNOSTIC,false
artifacts/postmortem/fault_root_fold_analysis.json,re2ob.root.emailservice.z2.mean_root_rank,1.0,DIAGNOSTIC,false
artifacts/postmortem/fault_root_fold_analysis.json,re2ob.root.emailservice.z2_minus_z1.AC@1,0.0,DIAGNOSTIC,false
artifacts/postmortem/fault_root_fold_analysis.json,re2ob.root.emailservice.z2_minus_z1.Avg@5,0.0,DIAGNOSTIC,false
artifacts/postmortem/fault_root_fold_analysis.json,re2ob.root.emailservice.z2_minus_z1.mean_root_rank,0.0,DIAGNOSTIC,false
artifacts/postmortem/fault_root_fold_analysis.json,re2ob.root.emailservice.z3.AC@1,1.0,DIAGNOSTIC,false
artifacts/postmortem/fault_root_fold_analysis.json,re2ob.root.emailservice.z3.AC@3,1.0,DIAGNOSTIC,false
artifacts/postmortem/fault_root_fold_analysis.json,re2ob.root.emailservice.z3.AC@5,1.0,DIAGNOSTIC,false
artifacts/postmortem/fault_root_fold_analysis.json,re2ob.root.emailservice.z3.Avg@5,1.0,DIAGNOSTIC,false
artifacts/postmortem/fault_root_fold_analysis.json,re2ob.root.emailservice.z3.MRR,1.0,DIAGNOSTIC,false
artifacts/postmortem/fault_root_fold_analysis.json,re2ob.root.emailservice.z3.cases,18,DIAGNOSTIC,false
artifacts/postmortem/fault_root_fold_analysis.json,re2ob.root.emailservice.z3.mean_root_rank,1.0,DIAGNOSTIC,false
artifacts/postmortem/fault_root_fold_analysis.json,re2ob.root.emailservice.z3_minus_z1.AC@1,0.0,DIAGNOSTIC,false
artifacts/postmortem/fault_root_fold_analysis.json,re2ob.root.emailservice.z3_minus_z1.Avg@5,0.0,DIAGNOSTIC,false
artifacts/postmortem/fault_root_fold_analysis.json,re2ob.root.emailservice.z3_minus_z1.mean_root_rank,0.0,DIAGNOSTIC,false
artifacts/postmortem/fault_root_fold_analysis.json,re2ob.root.productcatalogservice.z1.AC@1,0.9444444444444444,DIAGNOSTIC,false
artifacts/postmortem/fault_root_fold_analysis.json,re2ob.root.productcatalogservice.z1.AC@3,1.0,DIAGNOSTIC,false
artifacts/postmortem/fault_root_fold_analysis.json,re2ob.root.productcatalogservice.z1.AC@5,1.0,DIAGNOSTIC,false
artifacts/postmortem/fault_root_fold_analysis.json,re2ob.root.productcatalogservice.z1.Avg@5,0.9888888888888889,DIAGNOSTIC,false
artifacts/postmortem/fault_root_fold_analysis.json,re2ob.root.productcatalogservice.z1.MRR,0.9722222222222222,DIAGNOSTIC,false
artifacts/postmortem/fault_root_fold_analysis.json,re2ob.root.productcatalogservice.z1.cases,18,DIAGNOSTIC,false
artifacts/postmortem/fault_root_fold_analysis.json,re2ob.root.productcatalogservice.z1.mean_root_rank,1.0555555555555556,DIAGNOSTIC,false
artifacts/postmortem/fault_root_fold_analysis.json,re2ob.root.productcatalogservice.z2.AC@1,1.0,DIAGNOSTIC,false
artifacts/postmortem/fault_root_fold_analysis.json,re2ob.root.productcatalogservice.z2.AC@3,1.0,DIAGNOSTIC,false
artifacts/postmortem/fault_root_fold_analysis.json,re2ob.root.productcatalogservice.z2.AC@5,1.0,DIAGNOSTIC,false
artifacts/postmortem/fault_root_fold_analysis.json,re2ob.root.productcatalogservice.z2.Avg@5,1.0,DIAGNOSTIC,false
artifacts/postmortem/fault_root_fold_analysis.json,re2ob.root.productcatalogservice.z2.MRR,1.0,DIAGNOSTIC,false
artifacts/postmortem/fault_root_fold_analysis.json,re2ob.root.productcatalogservice.z2.cases,18,DIAGNOSTIC,false
artifacts/postmortem/fault_root_fold_analysis.json,re2ob.root.productcatalogservice.z2.mean_root_rank,1.0,DIAGNOSTIC,false
artifacts/postmortem/fault_root_fold_analysis.json,re2ob.root.productcatalogservice.z2_minus_z1.AC@1,0.05555555555555558,DIAGNOSTIC,false
artifacts/postmortem/fault_root_fold_analysis.json,re2ob.root.productcatalogservice.z2_minus_z1.Avg@5,0.011111111111111072,DIAGNOSTIC,false
artifacts/postmortem/fault_root_fold_analysis.json,re2ob.root.productcatalogservice.z2_minus_z1.mean_root_rank,-0.05555555555555558,DIAGNOSTIC,false
artifacts/postmortem/fault_root_fold_analysis.json,re2ob.root.productcatalogservice.z3.AC@1,1.0,DIAGNOSTIC,false
artifacts/postmortem/fault_root_fold_analysis.json,re2ob.root.productcatalogservice.z3.AC@3,1.0,DIAGNOSTIC,false
artifacts/postmortem/fault_root_fold_analysis.json,re2ob.root.productcatalogservice.z3.AC@5,1.0,DIAGNOSTIC,false
artifacts/postmortem/fault_root_fold_analysis.json,re2ob.root.productcatalogservice.z3.Avg@5,1.0,DIAGNOSTIC,false
artifacts/postmortem/fault_root_fold_analysis.json,re2ob.root.productcatalogservice.z3.MRR,1.0,DIAGNOSTIC,false
artifacts/postmortem/fault_root_fold_analysis.json,re2ob.root.productcatalogservice.z3.cases,18,DIAGNOSTIC,false
artifacts/postmortem/fault_root_fold_analysis.json,re2ob.root.productcatalogservice.z3.mean_root_rank,1.0,DIAGNOSTIC,false
artifacts/postmortem/fault_root_fold_analysis.json,re2ob.root.productcatalogservice.z3_minus_z1.AC@1,0.05555555555555558,DIAGNOSTIC,false
artifacts/postmortem/fault_root_fold_analysis.json,re2ob.root.productcatalogservice.z3_minus_z1.Avg@5,0.011111111111111072,DIAGNOSTIC,false
artifacts/postmortem/fault_root_fold_analysis.json,re2ob.root.productcatalogservice.z3_minus_z1.mean_root_rank,-0.05555555555555558,DIAGNOSTIC,false
artifacts/postmortem/fault_root_fold_analysis.json,re2ob.root.recommendationservice.z1.AC@1,0.9444444444444444,DIAGNOSTIC,false
artifacts/postmortem/fault_root_fold_analysis.json,re2ob.root.recommendationservice.z1.AC@3,0.9444444444444444,DIAGNOSTIC,false
artifacts/postmortem/fault_root_fold_analysis.json,re2ob.root.recommendationservice.z1.AC@5,1.0,DIAGNOSTIC,false
artifacts/postmortem/fault_root_fold_analysis.json,re2ob.root.recommendationservice.z1.Avg@5,0.9666666666666666,DIAGNOSTIC,false
artifacts/postmortem/fault_root_fold_analysis.json,re2ob.root.recommendationservice.z1.MRR,0.9583333333333334,DIAGNOSTIC,false
artifacts/postmortem/fault_root_fold_analysis.json,re2ob.root.recommendationservice.z1.cases,18,DIAGNOSTIC,false
artifacts/postmortem/fault_root_fold_analysis.json,re2ob.root.recommendationservice.z1.mean_root_rank,1.1666666666666667,DIAGNOSTIC,false
artifacts/postmortem/fault_root_fold_analysis.json,re2ob.root.recommendationservice.z2.AC@1,0.9444444444444444,DIAGNOSTIC,false
artifacts/postmortem/fault_root_fold_analysis.json,re2ob.root.recommendationservice.z2.AC@3,1.0,DIAGNOSTIC,false
artifacts/postmortem/fault_root_fold_analysis.json,re2ob.root.recommendationservice.z2.AC@5,1.0,DIAGNOSTIC,false
artifacts/postmortem/fault_root_fold_analysis.json,re2ob.root.recommendationservice.z2.Avg@5,0.9888888888888889,DIAGNOSTIC,false
artifacts/postmortem/fault_root_fold_analysis.json,re2ob.root.recommendationservice.z2.MRR,0.9722222222222222,DIAGNOSTIC,false
artifacts/postmortem/fault_root_fold_analysis.json,re2ob.root.recommendationservice.z2.cases,18,DIAGNOSTIC,false
artifacts/postmortem/fault_root_fold_analysis.json,re2ob.root.recommendationservice.z2.mean_root_rank,1.0555555555555556,DIAGNOSTIC,false
artifacts/postmortem/fault_root_fold_analysis.json,re2ob.root.recommendationservice.z2_minus_z1.AC@1,0.0,DIAGNOSTIC,false
artifacts/postmortem/fault_root_fold_analysis.json,re2ob.root.recommendationservice.z2_minus_z1.Avg@5,0.022222222222222365,DIAGNOSTIC,false
artifacts/postmortem/fault_root_fold_analysis.json,re2ob.root.recommendationservice.z2_minus_z1.mean_root_rank,-0.11111111111111116,DIAGNOSTIC,false
artifacts/postmortem/fault_root_fold_analysis.json,re2ob.root.recommendationservice.z3.AC@1,0.9444444444444444,DIAGNOSTIC,false
artifacts/postmortem/fault_root_fold_analysis.json,re2ob.root.recommendationservice.z3.AC@3,1.0,DIAGNOSTIC,false
artifacts/postmortem/fault_root_fold_analysis.json,re2ob.root.recommendationservice.z3.AC@5,1.0,DIAGNOSTIC,false
artifacts/postmortem/fault_root_fold_analysis.json,re2ob.root.recommendationservice.z3.Avg@5,0.9888888888888889,DIAGNOSTIC,false
artifacts/postmortem/fault_root_fold_analysis.json,re2ob.root.recommendationservice.z3.MRR,0.9722222222222222,DIAGNOSTIC,false
artifacts/postmortem/fault_root_fold_analysis.json,re2ob.root.recommendationservice.z3.cases,18,DIAGNOSTIC,false
artifacts/postmortem/fault_root_fold_analysis.json,re2ob.root.recommendationservice.z3.mean_root_rank,1.0555555555555556,DIAGNOSTIC,false
artifacts/postmortem/fault_root_fold_analysis.json,re2ob.root.recommendationservice.z3_minus_z1.AC@1,0.0,DIAGNOSTIC,false
artifacts/postmortem/fault_root_fold_analysis.json,re2ob.root.recommendationservice.z3_minus_z1.Avg@5,0.022222222222222365,DIAGNOSTIC,false
artifacts/postmortem/fault_root_fold_analysis.json,re2ob.root.recommendationservice.z3_minus_z1.mean_root_rank,-0.11111111111111116,DIAGNOSTIC,false
artifacts/postmortem/fault_root_fold_analysis.json,re2tt.fault.cpu.z1.AC@1,0.5333333333333333,DIAGNOSTIC,false
artifacts/postmortem/fault_root_fold_analysis.json,re2tt.fault.cpu.z1.AC@3,0.7333333333333333,DIAGNOSTIC,false
artifacts/postmortem/fault_root_fold_analysis.json,re2tt.fault.cpu.z1.AC@5,0.8,DIAGNOSTIC,false
artifacts/postmortem/fault_root_fold_analysis.json,re2tt.fault.cpu.z1.Avg@5,0.7066666666666668,DIAGNOSTIC,false
artifacts/postmortem/fault_root_fold_analysis.json,re2tt.fault.cpu.z1.MRR,0.6706349206349207,DIAGNOSTIC,false
artifacts/postmortem/fault_root_fold_analysis.json,re2tt.fault.cpu.z1.cases,15,DIAGNOSTIC,false
artifacts/postmortem/fault_root_fold_analysis.json,re2tt.fault.cpu.z1.mean_root_rank,2.533333333333333,DIAGNOSTIC,false
artifacts/postmortem/fault_root_fold_analysis.json,re2tt.fault.cpu.z2.AC@1,0.8666666666666667,DIAGNOSTIC,false
artifacts/postmortem/fault_root_fold_analysis.json,re2tt.fault.cpu.z2.AC@3,1.0,DIAGNOSTIC,false
artifacts/postmortem/fault_root_fold_analysis.json,re2tt.fault.cpu.z2.AC@5,1.0,DIAGNOSTIC,false
artifacts/postmortem/fault_root_fold_analysis.json,re2tt.fault.cpu.z2.Avg@5,0.9733333333333333,DIAGNOSTIC,false
artifacts/postmortem/fault_root_fold_analysis.json,re2tt.fault.cpu.z2.MRR,0.9333333333333333,DIAGNOSTIC,false
artifacts/postmortem/fault_root_fold_analysis.json,re2tt.fault.cpu.z2.cases,15,DIAGNOSTIC,false
artifacts/postmortem/fault_root_fold_analysis.json,re2tt.fault.cpu.z2.mean_root_rank,1.1333333333333333,DIAGNOSTIC,false
artifacts/postmortem/fault_root_fold_analysis.json,re2tt.fault.cpu.z2_minus_z1.AC@1,0.33333333333333337,DIAGNOSTIC,false
artifacts/postmortem/fault_root_fold_analysis.json,re2tt.fault.cpu.z2_minus_z1.Avg@5,0.2666666666666665,DIAGNOSTIC,false
artifacts/postmortem/fault_root_fold_analysis.json,re2tt.fault.cpu.z2_minus_z1.mean_root_rank,-1.4,DIAGNOSTIC,false
artifacts/postmortem/fault_root_fold_analysis.json,re2tt.fault.cpu.z3.AC@1,0.6666666666666666,DIAGNOSTIC,false
artifacts/postmortem/fault_root_fold_analysis.json,re2tt.fault.cpu.z3.AC@3,0.8,DIAGNOSTIC,false
artifacts/postmortem/fault_root_fold_analysis.json,re2tt.fault.cpu.z3.AC@5,0.8666666666666667,DIAGNOSTIC,false
artifacts/postmortem/fault_root_fold_analysis.json,re2tt.fault.cpu.z3.Avg@5,0.7866666666666667,DIAGNOSTIC,false
artifacts/postmortem/fault_root_fold_analysis.json,re2tt.fault.cpu.z3.MRR,0.7557164404223227,DIAGNOSTIC,false
artifacts/postmortem/fault_root_fold_analysis.json,re2tt.fault.cpu.z3.cases,15,DIAGNOSTIC,false
artifacts/postmortem/fault_root_fold_analysis.json,re2tt.fault.cpu.z3.mean_root_rank,3.2666666666666666,DIAGNOSTIC,false
artifacts/postmortem/fault_root_fold_analysis.json,re2tt.fault.cpu.z3_minus_z1.AC@1,0.1333333333333333,DIAGNOSTIC,false
artifacts/postmortem/fault_root_fold_analysis.json,re2tt.fault.cpu.z3_minus_z1.Avg@5,0.07999999999999996,DIAGNOSTIC,false
artifacts/postmortem/fault_root_fold_analysis.json,re2tt.fault.cpu.z3_minus_z1.mean_root_rank,0.7333333333333334,DIAGNOSTIC,false
artifacts/postmortem/fault_root_fold_analysis.json,re2tt.fault.delay.z1.AC@1,0.4,DIAGNOSTIC,false
artifacts/postmortem/fault_root_fold_analysis.json,re2tt.fault.delay.z1.AC@3,0.7333333333333333,DIAGNOSTIC,false
artifacts/postmortem/fault_root_fold_analysis.json,re2tt.fault.delay.z1.AC@5,0.8666666666666667,DIAGNOSTIC,false
artifacts/postmortem/fault_root_fold_analysis.json,re2tt.fault.delay.z1.Avg@5,0.6799999999999999,DIAGNOSTIC,false
artifacts/postmortem/fault_root_fold_analysis.json,re2tt.fault.delay.z1.MRR,0.5871717171717172,DIAGNOSTIC,false
artifacts/postmortem/fault_root_fold_analysis.json,re2tt.fault.delay.z1.cases,15,DIAGNOSTIC,false
artifacts/postmortem/fault_root_fold_analysis.json,re2tt.fault.delay.z1.mean_root_rank,3.2,DIAGNOSTIC,false
artifacts/postmortem/fault_root_fold_analysis.json,re2tt.fault.delay.z2.AC@1,0.3333333333333333,DIAGNOSTIC,false
artifacts/postmortem/fault_root_fold_analysis.json,re2tt.fault.delay.z2.AC@3,0.5333333333333333,DIAGNOSTIC,false
artifacts/postmortem/fault_root_fold_analysis.json,re2tt.fault.delay.z2.AC@5,0.8666666666666667,DIAGNOSTIC,false
artifacts/postmortem/fault_root_fold_analysis.json,re2tt.fault.delay.z2.Avg@5,0.6,DIAGNOSTIC,false
artifacts/postmortem/fault_root_fold_analysis.json,re2tt.fault.delay.z2.MRR,0.5093112116641528,DIAGNOSTIC,false
artifacts/postmortem/fault_root_fold_analysis.json,re2tt.fault.delay.z2.cases,15,DIAGNOSTIC,false
artifacts/postmortem/fault_root_fold_analysis.json,re2tt.fault.delay.z2.mean_root_rank,5.333333333333333,DIAGNOSTIC,false
artifacts/postmortem/fault_root_fold_analysis.json,re2tt.fault.delay.z2_minus_z1.AC@1,-0.06666666666666671,DIAGNOSTIC,false
artifacts/postmortem/fault_root_fold_analysis.json,re2tt.fault.delay.z2_minus_z1.Avg@5,-0.07999999999999996,DIAGNOSTIC,false
artifacts/postmortem/fault_root_fold_analysis.json,re2tt.fault.delay.z2_minus_z1.mean_root_rank,2.133333333333333,DIAGNOSTIC,false
artifacts/postmortem/fault_root_fold_analysis.json,re2tt.fault.delay.z3.AC@1,0.4666666666666667,DIAGNOSTIC,false
artifacts/postmortem/fault_root_fold_analysis.json,re2tt.fault.delay.z3.AC@3,0.6,DIAGNOSTIC,false
artifacts/postmortem/fault_root_fold_analysis.json,re2tt.fault.delay.z3.AC@5,0.7333333333333333,DIAGNOSTIC,false
artifacts/postmortem/fault_root_fold_analysis.json,re2tt.fault.delay.z3.Avg@5,0.6133333333333333,DIAGNOSTIC,false
artifacts/postmortem/fault_root_fold_analysis.json,re2tt.fault.delay.z3.MRR,0.5800383141762453,DIAGNOSTIC,false
artifacts/postmortem/fault_root_fold_analysis.json,re2tt.fault.delay.z3.cases,15,DIAGNOSTIC,false
artifacts/postmortem/fault_root_fold_analysis.json,re2tt.fault.delay.z3.mean_root_rank,8.0,DIAGNOSTIC,false
artifacts/postmortem/fault_root_fold_analysis.json,re2tt.fault.delay.z3_minus_z1.AC@1,0.06666666666666665,DIAGNOSTIC,false
artifacts/postmortem/fault_root_fold_analysis.json,re2tt.fault.delay.z3_minus_z1.Avg@5,-0.06666666666666665,DIAGNOSTIC,false
artifacts/postmortem/fault_root_fold_analysis.json,re2tt.fault.delay.z3_minus_z1.mean_root_rank,4.8,DIAGNOSTIC,false
artifacts/postmortem/fault_root_fold_analysis.json,re2tt.fault.disk.z1.AC@1,1.0,DIAGNOSTIC,false
artifacts/postmortem/fault_root_fold_analysis.json,re2tt.fault.disk.z1.AC@3,1.0,DIAGNOSTIC,false
artifacts/postmortem/fault_root_fold_analysis.json,re2tt.fault.disk.z1.AC@5,1.0,DIAGNOSTIC,false
artifacts/postmortem/fault_root_fold_analysis.json,re2tt.fault.disk.z1.Avg@5,1.0,DIAGNOSTIC,false
artifacts/postmortem/fault_root_fold_analysis.json,re2tt.fault.disk.z1.MRR,1.0,DIAGNOSTIC,false
artifacts/postmortem/fault_root_fold_analysis.json,re2tt.fault.disk.z1.cases,15,DIAGNOSTIC,false
artifacts/postmortem/fault_root_fold_analysis.json,re2tt.fault.disk.z1.mean_root_rank,1.0,DIAGNOSTIC,false
artifacts/postmortem/fault_root_fold_analysis.json,re2tt.fault.disk.z2.AC@1,1.0,DIAGNOSTIC,false
artifacts/postmortem/fault_root_fold_analysis.json,re2tt.fault.disk.z2.AC@3,1.0,DIAGNOSTIC,false
artifacts/postmortem/fault_root_fold_analysis.json,re2tt.fault.disk.z2.AC@5,1.0,DIAGNOSTIC,false
artifacts/postmortem/fault_root_fold_analysis.json,re2tt.fault.disk.z2.Avg@5,1.0,DIAGNOSTIC,false
artifacts/postmortem/fault_root_fold_analysis.json,re2tt.fault.disk.z2.MRR,1.0,DIAGNOSTIC,false
artifacts/postmortem/fault_root_fold_analysis.json,re2tt.fault.disk.z2.cases,15,DIAGNOSTIC,false
artifacts/postmortem/fault_root_fold_analysis.json,re2tt.fault.disk.z2.mean_root_rank,1.0,DIAGNOSTIC,false
artifacts/postmortem/fault_root_fold_analysis.json,re2tt.fault.disk.z2_minus_z1.AC@1,0.0,DIAGNOSTIC,false
artifacts/postmortem/fault_root_fold_analysis.json,re2tt.fault.disk.z2_minus_z1.Avg@5,0.0,DIAGNOSTIC,false
artifacts/postmortem/fault_root_fold_analysis.json,re2tt.fault.disk.z2_minus_z1.mean_root_rank,0.0,DIAGNOSTIC,false
artifacts/postmortem/fault_root_fold_analysis.json,re2tt.fault.disk.z3.AC@1,1.0,DIAGNOSTIC,false
artifacts/postmortem/fault_root_fold_analysis.json,re2tt.fault.disk.z3.AC@3,1.0,DIAGNOSTIC,false
artifacts/postmortem/fault_root_fold_analysis.json,re2tt.fault.disk.z3.AC@5,1.0,DIAGNOSTIC,false
artifacts/postmortem/fault_root_fold_analysis.json,re2tt.fault.disk.z3.Avg@5,1.0,DIAGNOSTIC,false
artifacts/postmortem/fault_root_fold_analysis.json,re2tt.fault.disk.z3.MRR,1.0,DIAGNOSTIC,false
artifacts/postmortem/fault_root_fold_analysis.json,re2tt.fault.disk.z3.cases,15,DIAGNOSTIC,false
artifacts/postmortem/fault_root_fold_analysis.json,re2tt.fault.disk.z3.mean_root_rank,1.0,DIAGNOSTIC,false
artifacts/postmortem/fault_root_fold_analysis.json,re2tt.fault.disk.z3_minus_z1.AC@1,0.0,DIAGNOSTIC,false
artifacts/postmortem/fault_root_fold_analysis.json,re2tt.fault.disk.z3_minus_z1.Avg@5,0.0,DIAGNOSTIC,false
artifacts/postmortem/fault_root_fold_analysis.json,re2tt.fault.disk.z3_minus_z1.mean_root_rank,0.0,DIAGNOSTIC,false
artifacts/postmortem/fault_root_fold_analysis.json,re2tt.fault.loss.z1.AC@1,0.26666666666666666,DIAGNOSTIC,false
artifacts/postmortem/fault_root_fold_analysis.json,re2tt.fault.loss.z1.AC@3,0.6,DIAGNOSTIC,false
artifacts/postmortem/fault_root_fold_analysis.json,re2tt.fault.loss.z1.AC@5,0.7333333333333333,DIAGNOSTIC,false
artifacts/postmortem/fault_root_fold_analysis.json,re2tt.fault.loss.z1.Avg@5,0.5466666666666666,DIAGNOSTIC,false
artifacts/postmortem/fault_root_fold_analysis.json,re2tt.fault.loss.z1.MRR,0.4692085039143862,DIAGNOSTIC,false
artifacts/postmortem/fault_root_fold_analysis.json,re2tt.fault.loss.z1.cases,15,DIAGNOSTIC,false
artifacts/postmortem/fault_root_fold_analysis.json,re2tt.fault.loss.z1.mean_root_rank,4.6,DIAGNOSTIC,false
artifacts/postmortem/fault_root_fold_analysis.json,re2tt.fault.loss.z2.AC@1,0.3333333333333333,DIAGNOSTIC,false
artifacts/postmortem/fault_root_fold_analysis.json,re2tt.fault.loss.z2.AC@3,0.6666666666666666,DIAGNOSTIC,false
artifacts/postmortem/fault_root_fold_analysis.json,re2tt.fault.loss.z2.AC@5,0.8666666666666667,DIAGNOSTIC,false
artifacts/postmortem/fault_root_fold_analysis.json,re2tt.fault.loss.z2.Avg@5,0.6266666666666667,DIAGNOSTIC,false
artifacts/postmortem/fault_root_fold_analysis.json,re2tt.fault.loss.z2.MRR,0.5245221445221444,DIAGNOSTIC,false
artifacts/postmortem/fault_root_fold_analysis.json,re2tt.fault.loss.z2.cases,15,DIAGNOSTIC,false
artifacts/postmortem/fault_root_fold_analysis.json,re2tt.fault.loss.z2.mean_root_rank,3.6666666666666665,DIAGNOSTIC,false
artifacts/postmortem/fault_root_fold_analysis.json,re2tt.fault.loss.z2_minus_z1.AC@1,0.06666666666666665,DIAGNOSTIC,false
artifacts/postmortem/fault_root_fold_analysis.json,re2tt.fault.loss.z2_minus_z1.Avg@5,0.08000000000000007,DIAGNOSTIC,false
artifacts/postmortem/fault_root_fold_analysis.json,re2tt.fault.loss.z2_minus_z1.mean_root_rank,-0.9333333333333331,DIAGNOSTIC,false
artifacts/postmortem/fault_root_fold_analysis.json,re2tt.fault.loss.z3.AC@1,0.4,DIAGNOSTIC,false
artifacts/postmortem/fault_root_fold_analysis.json,re2tt.fault.loss.z3.AC@3,0.6666666666666666,DIAGNOSTIC,false
artifacts/postmortem/fault_root_fold_analysis.json,re2tt.fault.loss.z3.AC@5,0.7333333333333333,DIAGNOSTIC,false
artifacts/postmortem/fault_root_fold_analysis.json,re2tt.fault.loss.z3.Avg@5,0.6133333333333333,DIAGNOSTIC,false
artifacts/postmortem/fault_root_fold_analysis.json,re2tt.fault.loss.z3.MRR,0.552405341310265,DIAGNOSTIC,false
artifacts/postmortem/fault_root_fold_analysis.json,re2tt.fault.loss.z3.cases,15,DIAGNOSTIC,false
artifacts/postmortem/fault_root_fold_analysis.json,re2tt.fault.loss.z3.mean_root_rank,7.8,DIAGNOSTIC,false
artifacts/postmortem/fault_root_fold_analysis.json,re2tt.fault.loss.z3_minus_z1.AC@1,0.13333333333333336,DIAGNOSTIC,false
artifacts/postmortem/fault_root_fold_analysis.json,re2tt.fault.loss.z3_minus_z1.Avg@5,0.06666666666666665,DIAGNOSTIC,false
artifacts/postmortem/fault_root_fold_analysis.json,re2tt.fault.loss.z3_minus_z1.mean_root_rank,3.2,DIAGNOSTIC,false
artifacts/postmortem/fault_root_fold_analysis.json,re2tt.fault.mem.z1.AC@1,0.7333333333333333,DIAGNOSTIC,false
artifacts/postmortem/fault_root_fold_analysis.json,re2tt.fault.mem.z1.AC@3,0.8,DIAGNOSTIC,false
artifacts/postmortem/fault_root_fold_analysis.json,re2tt.fault.mem.z1.AC@5,0.8,DIAGNOSTIC,false
artifacts/postmortem/fault_root_fold_analysis.json,re2tt.fault.mem.z1.Avg@5,0.7866666666666667,DIAGNOSTIC,false
artifacts/postmortem/fault_root_fold_analysis.json,re2tt.fault.mem.z1.MRR,0.7902645502645503,DIAGNOSTIC,false
artifacts/postmortem/fault_root_fold_analysis.json,re2tt.fault.mem.z1.cases,15,DIAGNOSTIC,false
artifacts/postmortem/fault_root_fold_analysis.json,re2tt.fault.mem.z1.mean_root_rank,2.6,DIAGNOSTIC,false
artifacts/postmortem/fault_root_fold_analysis.json,re2tt.fault.mem.z2.AC@1,0.6666666666666666,DIAGNOSTIC,false
artifacts/postmortem/fault_root_fold_analysis.json,re2tt.fault.mem.z2.AC@3,0.9333333333333333,DIAGNOSTIC,false
artifacts/postmortem/fault_root_fold_analysis.json,re2tt.fault.mem.z2.AC@5,1.0,DIAGNOSTIC,false
artifacts/postmortem/fault_root_fold_analysis.json,re2tt.fault.mem.z2.Avg@5,0.8800000000000001,DIAGNOSTIC,false
artifacts/postmortem/fault_root_fold_analysis.json,re2tt.fault.mem.z2.MRR,0.7944444444444444,DIAGNOSTIC,false
artifacts/postmortem/fault_root_fold_analysis.json,re2tt.fault.mem.z2.cases,15,DIAGNOSTIC,false
artifacts/postmortem/fault_root_fold_analysis.json,re2tt.fault.mem.z2.mean_root_rank,1.6,DIAGNOSTIC,false
artifacts/postmortem/fault_root_fold_analysis.json,re2tt.fault.mem.z2_minus_z1.AC@1,-0.06666666666666665,DIAGNOSTIC,false
artifacts/postmortem/fault_root_fold_analysis.json,re2tt.fault.mem.z2_minus_z1.Avg@5,0.09333333333333338,DIAGNOSTIC,false
artifacts/postmortem/fault_root_fold_analysis.json,re2tt.fault.mem.z2_minus_z1.mean_root_rank,-1.0,DIAGNOSTIC,false
artifacts/postmortem/fault_root_fold_analysis.json,re2tt.fault.mem.z3.AC@1,0.2,DIAGNOSTIC,false
artifacts/postmortem/fault_root_fold_analysis.json,re2tt.fault.mem.z3.AC@3,0.5333333333333333,DIAGNOSTIC,false
artifacts/postmortem/fault_root_fold_analysis.json,re2tt.fault.mem.z3.AC@5,0.6,DIAGNOSTIC,false
artifacts/postmortem/fault_root_fold_analysis.json,re2tt.fault.mem.z3.Avg@5,0.4666666666666666,DIAGNOSTIC,false
artifacts/postmortem/fault_root_fold_analysis.json,re2tt.fault.mem.z3.MRR,0.405928785928786,DIAGNOSTIC,false
artifacts/postmortem/fault_root_fold_analysis.json,re2tt.fault.mem.z3.cases,15,DIAGNOSTIC,false
artifacts/postmortem/fault_root_fold_analysis.json,re2tt.fault.mem.z3.mean_root_rank,6.866666666666666,DIAGNOSTIC,false
artifacts/postmortem/fault_root_fold_analysis.json,re2tt.fault.mem.z3_minus_z1.AC@1,-0.5333333333333332,DIAGNOSTIC,false
artifacts/postmortem/fault_root_fold_analysis.json,re2tt.fault.mem.z3_minus_z1.Avg@5,-0.3200000000000001,DIAGNOSTIC,false
artifacts/postmortem/fault_root_fold_analysis.json,re2tt.fault.mem.z3_minus_z1.mean_root_rank,4.266666666666666,DIAGNOSTIC,false
artifacts/postmortem/fault_root_fold_analysis.json,re2tt.fault.socket.z1.AC@1,0.5333333333333333,DIAGNOSTIC,false
artifacts/postmortem/fault_root_fold_analysis.json,re2tt.fault.socket.z1.AC@3,0.8666666666666667,DIAGNOSTIC,false
artifacts/postmortem/fault_root_fold_analysis.json,re2tt.fault.socket.z1.AC@5,1.0,DIAGNOSTIC,false
artifacts/postmortem/fault_root_fold_analysis.json,re2tt.fault.socket.z1.Avg@5,0.8400000000000002,DIAGNOSTIC,false
artifacts/postmortem/fault_root_fold_analysis.json,re2tt.fault.socket.z1.MRR,0.7222222222222221,DIAGNOSTIC,false
artifacts/postmortem/fault_root_fold_analysis.json,re2tt.fault.socket.z1.cases,15,DIAGNOSTIC,false
artifacts/postmortem/fault_root_fold_analysis.json,re2tt.fault.socket.z1.mean_root_rank,1.8,DIAGNOSTIC,false
artifacts/postmortem/fault_root_fold_analysis.json,re2tt.fault.socket.z2.AC@1,1.0,DIAGNOSTIC,false
artifacts/postmortem/fault_root_fold_analysis.json,re2tt.fault.socket.z2.AC@3,1.0,DIAGNOSTIC,false
artifacts/postmortem/fault_root_fold_analysis.json,re2tt.fault.socket.z2.AC@5,1.0,DIAGNOSTIC,false
artifacts/postmortem/fault_root_fold_analysis.json,re2tt.fault.socket.z2.Avg@5,1.0,DIAGNOSTIC,false
artifacts/postmortem/fault_root_fold_analysis.json,re2tt.fault.socket.z2.MRR,1.0,DIAGNOSTIC,false
artifacts/postmortem/fault_root_fold_analysis.json,re2tt.fault.socket.z2.cases,15,DIAGNOSTIC,false
artifacts/postmortem/fault_root_fold_analysis.json,re2tt.fault.socket.z2.mean_root_rank,1.0,DIAGNOSTIC,false
artifacts/postmortem/fault_root_fold_analysis.json,re2tt.fault.socket.z2_minus_z1.AC@1,0.4666666666666667,DIAGNOSTIC,false
artifacts/postmortem/fault_root_fold_analysis.json,re2tt.fault.socket.z2_minus_z1.Avg@5,0.1599999999999998,DIAGNOSTIC,false
artifacts/postmortem/fault_root_fold_analysis.json,re2tt.fault.socket.z2_minus_z1.mean_root_rank,-0.8,DIAGNOSTIC,false
artifacts/postmortem/fault_root_fold_analysis.json,re2tt.fault.socket.z3.AC@1,0.6,DIAGNOSTIC,false
artifacts/postmortem/fault_root_fold_analysis.json,re2tt.fault.socket.z3.AC@3,0.8,DIAGNOSTIC,false
artifacts/postmortem/fault_root_fold_analysis.json,re2tt.fault.socket.z3.AC@5,0.8,DIAGNOSTIC,false
artifacts/postmortem/fault_root_fold_analysis.json,re2tt.fault.socket.z3.Avg@5,0.7466666666666666,DIAGNOSTIC,false
artifacts/postmortem/fault_root_fold_analysis.json,re2tt.fault.socket.z3.MRR,0.7116666666666667,DIAGNOSTIC,false
artifacts/postmortem/fault_root_fold_analysis.json,re2tt.fault.socket.z3.cases,15,DIAGNOSTIC,false
artifacts/postmortem/fault_root_fold_analysis.json,re2tt.fault.socket.z3.mean_root_rank,3.3333333333333335,DIAGNOSTIC,false
artifacts/postmortem/fault_root_fold_analysis.json,re2tt.fault.socket.z3_minus_z1.AC@1,0.06666666666666665,DIAGNOSTIC,false
artifacts/postmortem/fault_root_fold_analysis.json,re2tt.fault.socket.z3_minus_z1.Avg@5,-0.0933333333333336,DIAGNOSTIC,false
artifacts/postmortem/fault_root_fold_analysis.json,re2tt.fault.socket.z3_minus_z1.mean_root_rank,1.5333333333333334,DIAGNOSTIC,false
artifacts/postmortem/fault_root_fold_analysis.json,re2tt.fold.0.z1.AC@1,0.6333333333333333,DIAGNOSTIC,false
artifacts/postmortem/fault_root_fold_analysis.json,re2tt.fold.0.z1.AC@3,0.8,DIAGNOSTIC,false
artifacts/postmortem/fault_root_fold_analysis.json,re2tt.fold.0.z1.AC@5,0.9,DIAGNOSTIC,false
artifacts/postmortem/fault_root_fold_analysis.json,re2tt.fold.0.z1.Avg@5,0.7866666666666667,DIAGNOSTIC,false
artifacts/postmortem/fault_root_fold_analysis.json,re2tt.fold.0.z1.MRR,0.7429100529100529,DIAGNOSTIC,false
artifacts/postmortem/fault_root_fold_analysis.json,re2tt.fold.0.z1.cases,30,DIAGNOSTIC,false
artifacts/postmortem/fault_root_fold_analysis.json,re2tt.fold.0.z1.mean_root_rank,2.2,DIAGNOSTIC,false
artifacts/postmortem/fault_root_fold_analysis.json,re2tt.fold.0.z2.AC@1,0.7,DIAGNOSTIC,false
artifacts/postmortem/fault_root_fold_analysis.json,re2tt.fold.0.z2.AC@3,0.8666666666666667,DIAGNOSTIC,false
artifacts/postmortem/fault_root_fold_analysis.json,re2tt.fold.0.z2.AC@5,1.0,DIAGNOSTIC,false
artifacts/postmortem/fault_root_fold_analysis.json,re2tt.fold.0.z2.Avg@5,0.8666666666666667,DIAGNOSTIC,false
artifacts/postmortem/fault_root_fold_analysis.json,re2tt.fold.0.z2.MRR,0.8038888888888888,DIAGNOSTIC,false
artifacts/postmortem/fault_root_fold_analysis.json,re2tt.fold.0.z2.cases,30,DIAGNOSTIC,false
artifacts/postmortem/fault_root_fold_analysis.json,re2tt.fold.0.z2.mean_root_rank,1.6666666666666667,DIAGNOSTIC,false
artifacts/postmortem/fault_root_fold_analysis.json,re2tt.fold.0.z2_minus_z1.AC@1,0.06666666666666665,DIAGNOSTIC,false
artifacts/postmortem/fault_root_fold_analysis.json,re2tt.fold.0.z2_minus_z1.Avg@5,0.07999999999999996,DIAGNOSTIC,false
artifacts/postmortem/fault_root_fold_analysis.json,re2tt.fold.0.z2_minus_z1.mean_root_rank,-0.5333333333333334,DIAGNOSTIC,false
artifacts/postmortem/fault_root_fold_analysis.json,re2tt.fold.0.z3.AC@1,0.6,DIAGNOSTIC,false
artifacts/postmortem/fault_root_fold_analysis.json,re2tt.fold.0.z3.AC@3,0.7333333333333333,DIAGNOSTIC,false
artifacts/postmortem/fault_root_fold_analysis.json,re2tt.fold.0.z3.AC@5,0.8333333333333334,DIAGNOSTIC,false
artifacts/postmortem/fault_root_fold_analysis.json,re2tt.fold.0.z3.Avg@5,0.7333333333333333,DIAGNOSTIC,false
artifacts/postmortem/fault_root_fold_analysis.json,re2tt.fold.0.z3.MRR,0.7048458121987534,DIAGNOSTIC,false
artifacts/postmortem/fault_root_fold_analysis.json,re2tt.fold.0.z3.cases,30,DIAGNOSTIC,false
artifacts/postmortem/fault_root_fold_analysis.json,re2tt.fold.0.z3.mean_root_rank,3.9,DIAGNOSTIC,false
artifacts/postmortem/fault_root_fold_analysis.json,re2tt.fold.0.z3_minus_z1.AC@1,-0.033333333333333326,DIAGNOSTIC,false
artifacts/postmortem/fault_root_fold_analysis.json,re2tt.fold.0.z3_minus_z1.Avg@5,-0.053333333333333455,DIAGNOSTIC,false
artifacts/postmortem/fault_root_fold_analysis.json,re2tt.fold.0.z3_minus_z1.mean_root_rank,1.6999999999999997,DIAGNOSTIC,false
artifacts/postmortem/fault_root_fold_analysis.json,re2tt.fold.1.z1.AC@1,0.5666666666666667,DIAGNOSTIC,false
artifacts/postmortem/fault_root_fold_analysis.json,re2tt.fold.1.z1.AC@3,0.7666666666666667,DIAGNOSTIC,false
artifacts/postmortem/fault_root_fold_analysis.json,re2tt.fold.1.z1.AC@5,0.8333333333333334,DIAGNOSTIC,false
artifacts/postmortem/fault_root_fold_analysis.json,re2tt.fold.1.z1.Avg@5,0.7333333333333333,DIAGNOSTIC,false
artifacts/postmortem/fault_root_fold_analysis.json,re2tt.fold.1.z1.MRR,0.6934271284271284,DIAGNOSTIC,false
artifacts/postmortem/fault_root_fold_analysis.json,re2tt.fold.1.z1.cases,30,DIAGNOSTIC,false
artifacts/postmortem/fault_root_fold_analysis.json,re2tt.fold.1.z1.mean_root_rank,2.6,DIAGNOSTIC,false
artifacts/postmortem/fault_root_fold_analysis.json,re2tt.fold.1.z2.AC@1,0.6333333333333333,DIAGNOSTIC,false
artifacts/postmortem/fault_root_fold_analysis.json,re2tt.fold.1.z2.AC@3,0.8333333333333334,DIAGNOSTIC,false
artifacts/postmortem/fault_root_fold_analysis.json,re2tt.fold.1.z2.AC@5,0.9,DIAGNOSTIC,false
artifacts/postmortem/fault_root_fold_analysis.json,re2tt.fold.1.z2.Avg@5,0.7933333333333333,DIAGNOSTIC,false
artifacts/postmortem/fault_root_fold_analysis.json,re2tt.fold.1.z2.MRR,0.738241464417935,DIAGNOSTIC,false
artifacts/postmortem/fault_root_fold_analysis.json,re2tt.fold.1.z2.cases,30,DIAGNOSTIC,false
artifacts/postmortem/fault_root_fold_analysis.json,re2tt.fold.1.z2.mean_root_rank,3.3666666666666667,DIAGNOSTIC,false
artifacts/postmortem/fault_root_fold_analysis.json,re2tt.fold.1.z2_minus_z1.AC@1,0.06666666666666665,DIAGNOSTIC,false
artifacts/postmortem/fault_root_fold_analysis.json,re2tt.fold.1.z2_minus_z1.Avg@5,0.06000000000000005,DIAGNOSTIC,false
artifacts/postmortem/fault_root_fold_analysis.json,re2tt.fold.1.z2_minus_z1.mean_root_rank,0.7666666666666666,DIAGNOSTIC,false
artifacts/postmortem/fault_root_fold_analysis.json,re2tt.fold.1.z3.AC@1,0.6,DIAGNOSTIC,false
artifacts/postmortem/fault_root_fold_analysis.json,re2tt.fold.1.z3.AC@3,0.7,DIAGNOSTIC,false
artifacts/postmortem/fault_root_fold_analysis.json,re2tt.fold.1.z3.AC@5,0.7333333333333333,DIAGNOSTIC,false
artifacts/postmortem/fault_root_fold_analysis.json,re2tt.fold.1.z3.Avg@5,0.68,DIAGNOSTIC,false
artifacts/postmortem/fault_root_fold_analysis.json,re2tt.fold.1.z3.MRR,0.6762378935487945,DIAGNOSTIC,false
artifacts/postmortem/fault_root_fold_analysis.json,re2tt.fold.1.z3.cases,30,DIAGNOSTIC,false
artifacts/postmortem/fault_root_fold_analysis.json,re2tt.fold.1.z3.mean_root_rank,6.0,DIAGNOSTIC,false
artifacts/postmortem/fault_root_fold_analysis.json,re2tt.fold.1.z3_minus_z1.AC@1,0.033333333333333326,DIAGNOSTIC,false
artifacts/postmortem/fault_root_fold_analysis.json,re2tt.fold.1.z3_minus_z1.Avg@5,-0.05333333333333323,DIAGNOSTIC,false
artifacts/postmortem/fault_root_fold_analysis.json,re2tt.fold.1.z3_minus_z1.mean_root_rank,3.4,DIAGNOSTIC,false
artifacts/postmortem/fault_root_fold_analysis.json,re2tt.fold.2.z1.AC@1,0.5333333333333333,DIAGNOSTIC,false
artifacts/postmortem/fault_root_fold_analysis.json,re2tt.fold.2.z1.AC@3,0.8,DIAGNOSTIC,false
artifacts/postmortem/fault_root_fold_analysis.json,re2tt.fold.2.z1.AC@5,0.8666666666666667,DIAGNOSTIC,false
artifacts/postmortem/fault_root_fold_analysis.json,re2tt.fold.2.z1.Avg@5,0.76,DIAGNOSTIC,false
artifacts/postmortem/fault_root_fold_analysis.json,re2tt.fold.2.z1.MRR,0.6834137757667169,DIAGNOSTIC,false
artifacts/postmortem/fault_root_fold_analysis.json,re2tt.fold.2.z1.cases,30,DIAGNOSTIC,false
artifacts/postmortem/fault_root_fold_analysis.json,re2tt.fold.2.z1.mean_root_rank,3.066666666666667,DIAGNOSTIC,false
artifacts/postmortem/fault_root_fold_analysis.json,re2tt.fold.2.z2.AC@1,0.7666666666666667,DIAGNOSTIC,false
artifacts/postmortem/fault_root_fold_analysis.json,re2tt.fold.2.z2.AC@3,0.8666666666666667,DIAGNOSTIC,false
artifacts/postmortem/fault_root_fold_analysis.json,re2tt.fold.2.z2.AC@5,0.9666666666666667,DIAGNOSTIC,false
artifacts/postmortem/fault_root_fold_analysis.json,re2tt.fold.2.z2.Avg@5,0.88,DIAGNOSTIC,false
artifacts/postmortem/fault_root_fold_analysis.json,re2tt.fold.2.z2.MRR,0.8386752136752136,DIAGNOSTIC,false
artifacts/postmortem/fault_root_fold_analysis.json,re2tt.fold.2.z2.cases,30,DIAGNOSTIC,false
artifacts/postmortem/fault_root_fold_analysis.json,re2tt.fold.2.z2.mean_root_rank,1.8333333333333333,DIAGNOSTIC,false
artifacts/postmortem/fault_root_fold_analysis.json,re2tt.fold.2.z2_minus_z1.AC@1,0.2333333333333334,DIAGNOSTIC,false
artifacts/postmortem/fault_root_fold_analysis.json,re2tt.fold.2.z2_minus_z1.Avg@5,0.12,DIAGNOSTIC,false
artifacts/postmortem/fault_root_fold_analysis.json,re2tt.fold.2.z2_minus_z1.mean_root_rank,-1.2333333333333336,DIAGNOSTIC,false
artifacts/postmortem/fault_root_fold_analysis.json,re2tt.fold.2.z3.AC@1,0.4666666666666667,DIAGNOSTIC,false
artifacts/postmortem/fault_root_fold_analysis.json,re2tt.fold.2.z3.AC@3,0.7666666666666667,DIAGNOSTIC,false
artifacts/postmortem/fault_root_fold_analysis.json,re2tt.fold.2.z3.AC@5,0.8,DIAGNOSTIC,false
artifacts/postmortem/fault_root_fold_analysis.json,re2tt.fold.2.z3.Avg@5,0.7000000000000001,DIAGNOSTIC,false
artifacts/postmortem/fault_root_fold_analysis.json,re2tt.fold.2.z3.MRR,0.6217940685045948,DIAGNOSTIC,false
artifacts/postmortem/fault_root_fold_analysis.json,re2tt.fold.2.z3.cases,30,DIAGNOSTIC,false
artifacts/postmortem/fault_root_fold_analysis.json,re2tt.fold.2.z3.mean_root_rank,5.233333333333333,DIAGNOSTIC,false
artifacts/postmortem/fault_root_fold_analysis.json,re2tt.fold.2.z3_minus_z1.AC@1,-0.06666666666666665,DIAGNOSTIC,false
artifacts/postmortem/fault_root_fold_analysis.json,re2tt.fold.2.z3_minus_z1.Avg@5,-0.05999999999999994,DIAGNOSTIC,false
artifacts/postmortem/fault_root_fold_analysis.json,re2tt.fold.2.z3_minus_z1.mean_root_rank,2.1666666666666665,DIAGNOSTIC,false
artifacts/postmortem/fault_root_fold_analysis.json,re2tt.root.ts-auth-service.z1.AC@1,0.7222222222222222,DIAGNOSTIC,false
artifacts/postmortem/fault_root_fold_analysis.json,re2tt.root.ts-auth-service.z1.AC@3,0.8333333333333334,DIAGNOSTIC,false
artifacts/postmortem/fault_root_fold_analysis.json,re2tt.root.ts-auth-service.z1.AC@5,0.8333333333333334,DIAGNOSTIC,false
artifacts/postmortem/fault_root_fold_analysis.json,re2tt.root.ts-auth-service.z1.Avg@5,0.8111111111111111,DIAGNOSTIC,false
artifacts/postmortem/fault_root_fold_analysis.json,re2tt.root.ts-auth-service.z1.MRR,0.7916518122400475,DIAGNOSTIC,false
artifacts/postmortem/fault_root_fold_analysis.json,re2tt.root.ts-auth-service.z1.cases,18,DIAGNOSTIC,false
artifacts/postmortem/fault_root_fold_analysis.json,re2tt.root.ts-auth-service.z1.mean_root_rank,3.0555555555555554,DIAGNOSTIC,false
artifacts/postmortem/fault_root_fold_analysis.json,re2tt.root.ts-auth-service.z2.AC@1,0.7222222222222222,DIAGNOSTIC,false
artifacts/postmortem/fault_root_fold_analysis.json,re2tt.root.ts-auth-service.z2.AC@3,0.7777777777777778,DIAGNOSTIC,false
artifacts/postmortem/fault_root_fold_analysis.json,re2tt.root.ts-auth-service.z2.AC@5,0.8333333333333334,DIAGNOSTIC,false
artifacts/postmortem/fault_root_fold_analysis.json,re2tt.root.ts-auth-service.z2.Avg@5,0.7888888888888889,DIAGNOSTIC,false
artifacts/postmortem/fault_root_fold_analysis.json,re2tt.root.ts-auth-service.z2.MRR,0.7740698843640019,DIAGNOSTIC,false
artifacts/postmortem/fault_root_fold_analysis.json,re2tt.root.ts-auth-service.z2.cases,18,DIAGNOSTIC,false
artifacts/postmortem/fault_root_fold_analysis.json,re2tt.root.ts-auth-service.z2.mean_root_rank,4.388888888888889,DIAGNOSTIC,false
artifacts/postmortem/fault_root_fold_analysis.json,re2tt.root.ts-auth-service.z2_minus_z1.AC@1,0.0,DIAGNOSTIC,false
artifacts/postmortem/fault_root_fold_analysis.json,re2tt.root.ts-auth-service.z2_minus_z1.Avg@5,-0.022222222222222254,DIAGNOSTIC,false
artifacts/postmortem/fault_root_fold_analysis.json,re2tt.root.ts-auth-service.z2_minus_z1.mean_root_rank,1.333333333333334,DIAGNOSTIC,false
artifacts/postmortem/fault_root_fold_analysis.json,re2tt.root.ts-auth-service.z3.AC@1,0.4444444444444444,DIAGNOSTIC,false
artifacts/postmortem/fault_root_fold_analysis.json,re2tt.root.ts-auth-service.z3.AC@3,0.6111111111111112,DIAGNOSTIC,false
artifacts/postmortem/fault_root_fold_analysis.json,re2tt.root.ts-auth-service.z3.AC@5,0.6111111111111112,DIAGNOSTIC,false
artifacts/postmortem/fault_root_fold_analysis.json,re2tt.root.ts-auth-service.z3.Avg@5,0.5666666666666668,DIAGNOSTIC,false
artifacts/postmortem/fault_root_fold_analysis.json,re2tt.root.ts-auth-service.z3.MRR,0.5492382776865535,DIAGNOSTIC,false
artifacts/postmortem/fault_root_fold_analysis.json,re2tt.root.ts-auth-service.z3.cases,18,DIAGNOSTIC,false
artifacts/postmortem/fault_root_fold_analysis.json,re2tt.root.ts-auth-service.z3.mean_root_rank,9.722222222222221,DIAGNOSTIC,false
artifacts/postmortem/fault_root_fold_analysis.json,re2tt.root.ts-auth-service.z3_minus_z1.AC@1,-0.2777777777777778,DIAGNOSTIC,false
artifacts/postmortem/fault_root_fold_analysis.json,re2tt.root.ts-auth-service.z3_minus_z1.Avg@5,-0.24444444444444435,DIAGNOSTIC,false
artifacts/postmortem/fault_root_fold_analysis.json,re2tt.root.ts-auth-service.z3_minus_z1.mean_root_rank,6.666666666666666,DIAGNOSTIC,false
artifacts/postmortem/fault_root_fold_analysis.json,re2tt.root.ts-order-service.z1.AC@1,0.8888888888888888,DIAGNOSTIC,false
artifacts/postmortem/fault_root_fold_analysis.json,re2tt.root.ts-order-service.z1.AC@3,1.0,DIAGNOSTIC,false
artifacts/postmortem/fault_root_fold_analysis.json,re2tt.root.ts-order-service.z1.AC@5,1.0,DIAGNOSTIC,false
artifacts/postmortem/fault_root_fold_analysis.json,re2tt.root.ts-order-service.z1.Avg@5,0.9777777777777779,DIAGNOSTIC,false
artifacts/postmortem/fault_root_fold_analysis.json,re2tt.root.ts-order-service.z1.MRR,0.9444444444444444,DIAGNOSTIC,false
artifacts/postmortem/fault_root_fold_analysis.json,re2tt.root.ts-order-service.z1.cases,18,DIAGNOSTIC,false
artifacts/postmortem/fault_root_fold_analysis.json,re2tt.root.ts-order-service.z1.mean_root_rank,1.1111111111111112,DIAGNOSTIC,false
artifacts/postmortem/fault_root_fold_analysis.json,re2tt.root.ts-order-service.z2.AC@1,0.8333333333333334,DIAGNOSTIC,false
artifacts/postmortem/fault_root_fold_analysis.json,re2tt.root.ts-order-service.z2.AC@3,0.9444444444444444,DIAGNOSTIC,false
artifacts/postmortem/fault_root_fold_analysis.json,re2tt.root.ts-order-service.z2.AC@5,1.0,DIAGNOSTIC,false
artifacts/postmortem/fault_root_fold_analysis.json,re2tt.root.ts-order-service.z2.Avg@5,0.911111111111111,DIAGNOSTIC,false
artifacts/postmortem/fault_root_fold_analysis.json,re2tt.root.ts-order-service.z2.MRR,0.8814814814814815,DIAGNOSTIC,false
artifacts/postmortem/fault_root_fold_analysis.json,re2tt.root.ts-order-service.z2.cases,18,DIAGNOSTIC,false
artifacts/postmortem/fault_root_fold_analysis.json,re2tt.root.ts-order-service.z2.mean_root_rank,1.4444444444444444,DIAGNOSTIC,false
artifacts/postmortem/fault_root_fold_analysis.json,re2tt.root.ts-order-service.z2_minus_z1.AC@1,-0.05555555555555547,DIAGNOSTIC,false
artifacts/postmortem/fault_root_fold_analysis.json,re2tt.root.ts-order-service.z2_minus_z1.Avg@5,-0.06666666666666687,DIAGNOSTIC,false
artifacts/postmortem/fault_root_fold_analysis.json,re2tt.root.ts-order-service.z2_minus_z1.mean_root_rank,0.33333333333333326,DIAGNOSTIC,false
artifacts/postmortem/fault_root_fold_analysis.json,re2tt.root.ts-order-service.z3.AC@1,0.5555555555555556,DIAGNOSTIC,false
artifacts/postmortem/fault_root_fold_analysis.json,re2tt.root.ts-order-service.z3.AC@3,0.8333333333333334,DIAGNOSTIC,false
artifacts/postmortem/fault_root_fold_analysis.json,re2tt.root.ts-order-service.z3.AC@5,0.8888888888888888,DIAGNOSTIC,false
artifacts/postmortem/fault_root_fold_analysis.json,re2tt.root.ts-order-service.z3.Avg@5,0.7777777777777778,DIAGNOSTIC,false
artifacts/postmortem/fault_root_fold_analysis.json,re2tt.root.ts-order-service.z3.MRR,0.7024882467606925,DIAGNOSTIC,false
artifacts/postmortem/fault_root_fold_analysis.json,re2tt.root.ts-order-service.z3.cases,18,DIAGNOSTIC,false
artifacts/postmortem/fault_root_fold_analysis.json,re2tt.root.ts-order-service.z3.mean_root_rank,3.4444444444444446,DIAGNOSTIC,false
artifacts/postmortem/fault_root_fold_analysis.json,re2tt.root.ts-order-service.z3_minus_z1.AC@1,-0.33333333333333326,DIAGNOSTIC,false
artifacts/postmortem/fault_root_fold_analysis.json,re2tt.root.ts-order-service.z3_minus_z1.Avg@5,-0.20000000000000007,DIAGNOSTIC,false
artifacts/postmortem/fault_root_fold_analysis.json,re2tt.root.ts-order-service.z3_minus_z1.mean_root_rank,2.3333333333333335,DIAGNOSTIC,false
artifacts/postmortem/fault_root_fold_analysis.json,re2tt.root.ts-route-service.z1.AC@1,0.4444444444444444,DIAGNOSTIC,false
artifacts/postmortem/fault_root_fold_analysis.json,re2tt.root.ts-route-service.z1.AC@3,0.8333333333333334,DIAGNOSTIC,false
artifacts/postmortem/fault_root_fold_analysis.json,re2tt.root.ts-route-service.z1.AC@5,0.8888888888888888,DIAGNOSTIC,false
artifacts/postmortem/fault_root_fold_analysis.json,re2tt.root.ts-route-service.z1.Avg@5,0.7444444444444445,DIAGNOSTIC,false
artifacts/postmortem/fault_root_fold_analysis.json,re2tt.root.ts-route-service.z1.MRR,0.6421957671957672,DIAGNOSTIC,false
artifacts/postmortem/fault_root_fold_analysis.json,re2tt.root.ts-route-service.z1.cases,18,DIAGNOSTIC,false
artifacts/postmortem/fault_root_fold_analysis.json,re2tt.root.ts-route-service.z1.mean_root_rank,2.3333333333333335,DIAGNOSTIC,false
artifacts/postmortem/fault_root_fold_analysis.json,re2tt.root.ts-route-service.z2.AC@1,0.6666666666666666,DIAGNOSTIC,false
artifacts/postmortem/fault_root_fold_analysis.json,re2tt.root.ts-route-service.z2.AC@3,0.8888888888888888,DIAGNOSTIC,false
artifacts/postmortem/fault_root_fold_analysis.json,re2tt.root.ts-route-service.z2.AC@5,1.0,DIAGNOSTIC,false
artifacts/postmortem/fault_root_fold_analysis.json,re2tt.root.ts-route-service.z2.Avg@5,0.8777777777777778,DIAGNOSTIC,false
artifacts/postmortem/fault_root_fold_analysis.json,re2tt.root.ts-route-service.z2.MRR,0.7962962962962963,DIAGNOSTIC,false
artifacts/postmortem/fault_root_fold_analysis.json,re2tt.root.ts-route-service.z2.cases,18,DIAGNOSTIC,false
artifacts/postmortem/fault_root_fold_analysis.json,re2tt.root.ts-route-service.z2.mean_root_rank,1.6111111111111112,DIAGNOSTIC,false
artifacts/postmortem/fault_root_fold_analysis.json,re2tt.root.ts-route-service.z2_minus_z1.AC@1,0.2222222222222222,DIAGNOSTIC,false
artifacts/postmortem/fault_root_fold_analysis.json,re2tt.root.ts-route-service.z2_minus_z1.Avg@5,0.1333333333333333,DIAGNOSTIC,false
artifacts/postmortem/fault_root_fold_analysis.json,re2tt.root.ts-route-service.z2_minus_z1.mean_root_rank,-0.7222222222222223,DIAGNOSTIC,false
artifacts/postmortem/fault_root_fold_analysis.json,re2tt.root.ts-route-service.z3.AC@1,0.5,DIAGNOSTIC,false
artifacts/postmortem/fault_root_fold_analysis.json,re2tt.root.ts-route-service.z3.AC@3,0.6111111111111112,DIAGNOSTIC,false
artifacts/postmortem/fault_root_fold_analysis.json,re2tt.root.ts-route-service.z3.AC@5,0.7777777777777778,DIAGNOSTIC,false
artifacts/postmortem/fault_root_fold_analysis.json,re2tt.root.ts-route-service.z3.Avg@5,0.6222222222222222,DIAGNOSTIC,false
artifacts/postmortem/fault_root_fold_analysis.json,re2tt.root.ts-route-service.z3.MRR,0.6067009317009316,DIAGNOSTIC,false
artifacts/postmortem/fault_root_fold_analysis.json,re2tt.root.ts-route-service.z3.cases,18,DIAGNOSTIC,false
artifacts/postmortem/fault_root_fold_analysis.json,re2tt.root.ts-route-service.z3.mean_root_rank,5.0,DIAGNOSTIC,false
artifacts/postmortem/fault_root_fold_analysis.json,re2tt.root.ts-route-service.z3_minus_z1.AC@1,0.05555555555555558,DIAGNOSTIC,false
artifacts/postmortem/fault_root_fold_analysis.json,re2tt.root.ts-route-service.z3_minus_z1.Avg@5,-0.12222222222222223,DIAGNOSTIC,false
artifacts/postmortem/fault_root_fold_analysis.json,re2tt.root.ts-route-service.z3_minus_z1.mean_root_rank,2.6666666666666665,DIAGNOSTIC,false
artifacts/postmortem/fault_root_fold_analysis.json,re2tt.root.ts-train-service.z1.AC@1,0.3333333333333333,DIAGNOSTIC,false
artifacts/postmortem/fault_root_fold_analysis.json,re2tt.root.ts-train-service.z1.AC@3,0.3888888888888889,DIAGNOSTIC,false
artifacts/postmortem/fault_root_fold_analysis.json,re2tt.root.ts-train-service.z1.AC@5,0.6111111111111112,DIAGNOSTIC,false
artifacts/postmortem/fault_root_fold_analysis.json,re2tt.root.ts-train-service.z1.Avg@5,0.43333333333333335,DIAGNOSTIC,false
artifacts/postmortem/fault_root_fold_analysis.json,re2tt.root.ts-train-service.z1.MRR,0.4509225342558676,DIAGNOSTIC,false
artifacts/postmortem/fault_root_fold_analysis.json,re2tt.root.ts-train-service.z1.cases,18,DIAGNOSTIC,false
artifacts/postmortem/fault_root_fold_analysis.json,re2tt.root.ts-train-service.z1.mean_root_rank,4.777777777777778,DIAGNOSTIC,false
artifacts/postmortem/fault_root_fold_analysis.json,re2tt.root.ts-train-service.z2.AC@1,0.6111111111111112,DIAGNOSTIC,false
artifacts/postmortem/fault_root_fold_analysis.json,re2tt.root.ts-train-service.z2.AC@3,0.9444444444444444,DIAGNOSTIC,false
artifacts/postmortem/fault_root_fold_analysis.json,re2tt.root.ts-train-service.z2.AC@5,1.0,DIAGNOSTIC,false
artifacts/postmortem/fault_root_fold_analysis.json,re2tt.root.ts-train-service.z2.Avg@5,0.8777777777777778,DIAGNOSTIC,false
artifacts/postmortem/fault_root_fold_analysis.json,re2tt.root.ts-train-service.z2.MRR,0.7731481481481481,DIAGNOSTIC,false
artifacts/postmortem/fault_root_fold_analysis.json,re2tt.root.ts-train-service.z2.cases,18,DIAGNOSTIC,false
artifacts/postmortem/fault_root_fold_analysis.json,re2tt.root.ts-train-service.z2.mean_root_rank,1.6111111111111112,DIAGNOSTIC,false
artifacts/postmortem/fault_root_fold_analysis.json,re2tt.root.ts-train-service.z2_minus_z1.AC@1,0.27777777777777785,DIAGNOSTIC,false
artifacts/postmortem/fault_root_fold_analysis.json,re2tt.root.ts-train-service.z2_minus_z1.Avg@5,0.4444444444444444,DIAGNOSTIC,false
artifacts/postmortem/fault_root_fold_analysis.json,re2tt.root.ts-train-service.z2_minus_z1.mean_root_rank,-3.1666666666666665,DIAGNOSTIC,false
artifacts/postmortem/fault_root_fold_analysis.json,re2tt.root.ts-train-service.z3.AC@1,0.7222222222222222,DIAGNOSTIC,false
artifacts/postmortem/fault_root_fold_analysis.json,re2tt.root.ts-train-service.z3.AC@3,0.9444444444444444,DIAGNOSTIC,false
artifacts/postmortem/fault_root_fold_analysis.json,re2tt.root.ts-train-service.z3.AC@5,1.0,DIAGNOSTIC,false
artifacts/postmortem/fault_root_fold_analysis.json,re2tt.root.ts-train-service.z3.Avg@5,0.911111111111111,DIAGNOSTIC,false
artifacts/postmortem/fault_root_fold_analysis.json,re2tt.root.ts-train-service.z3.MRR,0.8379629629629629,DIAGNOSTIC,false
artifacts/postmortem/fault_root_fold_analysis.json,re2tt.root.ts-train-service.z3.cases,18,DIAGNOSTIC,false
artifacts/postmortem/fault_root_fold_analysis.json,re2tt.root.ts-train-service.z3.mean_root_rank,1.4444444444444444,DIAGNOSTIC,false
artifacts/postmortem/fault_root_fold_analysis.json,re2tt.root.ts-train-service.z3_minus_z1.AC@1,0.3888888888888889,DIAGNOSTIC,false
artifacts/postmortem/fault_root_fold_analysis.json,re2tt.root.ts-train-service.z3_minus_z1.Avg@5,0.47777777777777763,DIAGNOSTIC,false
artifacts/postmortem/fault_root_fold_analysis.json,re2tt.root.ts-train-service.z3_minus_z1.mean_root_rank,-3.333333333333333,DIAGNOSTIC,false
artifacts/postmortem/fault_root_fold_analysis.json,re2tt.root.ts-travel-service.z1.AC@1,0.5,DIAGNOSTIC,false
artifacts/postmortem/fault_root_fold_analysis.json,re2tt.root.ts-travel-service.z1.AC@3,0.8888888888888888,DIAGNOSTIC,false
artifacts/postmortem/fault_root_fold_analysis.json,re2tt.root.ts-travel-service.z1.AC@5,1.0,DIAGNOSTIC,false
artifacts/postmortem/fault_root_fold_analysis.json,re2tt.root.ts-travel-service.z1.Avg@5,0.8333333333333334,DIAGNOSTIC,false
artifacts/postmortem/fault_root_fold_analysis.json,re2tt.root.ts-travel-service.z1.MRR,0.7037037037037037,DIAGNOSTIC,false
artifacts/postmortem/fault_root_fold_analysis.json,re2tt.root.ts-travel-service.z1.cases,18,DIAGNOSTIC,false
artifacts/postmortem/fault_root_fold_analysis.json,re2tt.root.ts-travel-service.z1.mean_root_rank,1.8333333333333333,DIAGNOSTIC,false
artifacts/postmortem/fault_root_fold_analysis.json,re2tt.root.ts-travel-service.z2.AC@1,0.6666666666666666,DIAGNOSTIC,false
artifacts/postmortem/fault_root_fold_analysis.json,re2tt.root.ts-travel-service.z2.AC@3,0.7222222222222222,DIAGNOSTIC,false
artifacts/postmortem/fault_root_fold_analysis.json,re2tt.root.ts-travel-service.z2.AC@5,0.9444444444444444,DIAGNOSTIC,false
artifacts/postmortem/fault_root_fold_analysis.json,re2tt.root.ts-travel-service.z2.Avg@5,0.7777777777777778,DIAGNOSTIC,false
artifacts/postmortem/fault_root_fold_analysis.json,re2tt.root.ts-travel-service.z2.MRR,0.743013468013468,DIAGNOSTIC,false
artifacts/postmortem/fault_root_fold_analysis.json,re2tt.root.ts-travel-service.z2.cases,18,DIAGNOSTIC,false
artifacts/postmortem/fault_root_fold_analysis.json,re2tt.root.ts-travel-service.z2.mean_root_rank,2.388888888888889,DIAGNOSTIC,false
artifacts/postmortem/fault_root_fold_analysis.json,re2tt.root.ts-travel-service.z2_minus_z1.AC@1,0.16666666666666663,DIAGNOSTIC,false
artifacts/postmortem/fault_root_fold_analysis.json,re2tt.root.ts-travel-service.z2_minus_z1.Avg@5,-0.05555555555555558,DIAGNOSTIC,false
artifacts/postmortem/fault_root_fold_analysis.json,re2tt.root.ts-travel-service.z2_minus_z1.mean_root_rank,0.5555555555555556,DIAGNOSTIC,false
artifacts/postmortem/fault_root_fold_analysis.json,re2tt.root.ts-travel-service.z3.AC@1,0.5555555555555556,DIAGNOSTIC,false
artifacts/postmortem/fault_root_fold_analysis.json,re2tt.root.ts-travel-service.z3.AC@3,0.6666666666666666,DIAGNOSTIC,false
artifacts/postmortem/fault_root_fold_analysis.json,re2tt.root.ts-travel-service.z3.AC@5,0.6666666666666666,DIAGNOSTIC,false
artifacts/postmortem/fault_root_fold_analysis.json,re2tt.root.ts-travel-service.z3.Avg@5,0.6444444444444444,DIAGNOSTIC,false
artifacts/postmortem/fault_root_fold_analysis.json,re2tt.root.ts-travel-service.z3.MRR,0.6417392046424305,DIAGNOSTIC,false
artifacts/postmortem/fault_root_fold_analysis.json,re2tt.root.ts-travel-service.z3.cases,18,DIAGNOSTIC,false
artifacts/postmortem/fault_root_fold_analysis.json,re2tt.root.ts-travel-service.z3.mean_root_rank,5.611111111111111,DIAGNOSTIC,false
artifacts/postmortem/fault_root_fold_analysis.json,re2tt.root.ts-travel-service.z3_minus_z1.AC@1,0.05555555555555558,DIAGNOSTIC,false
artifacts/postmortem/fault_root_fold_analysis.json,re2tt.root.ts-travel-service.z3_minus_z1.Avg@5,-0.188888888888889,DIAGNOSTIC,false
artifacts/postmortem/fault_root_fold_analysis.json,re2tt.root.ts-travel-service.z3_minus_z1.mean_root_rank,3.7777777777777777,DIAGNOSTIC,false
artifacts/postmortem/mi_subset_analysis.json,re2ob.MI-1.z1.AC@1,0.803030303030303,DIAGNOSTIC,false
artifacts/postmortem/mi_subset_analysis.json,re2ob.MI-1.z1.AC@3,0.9393939393939394,DIAGNOSTIC,false
artifacts/postmortem/mi_subset_analysis.json,re2ob.MI-1.z1.AC@5,0.9696969696969697,DIAGNOSTIC,false
artifacts/postmortem/mi_subset_analysis.json,re2ob.MI-1.z1.Avg@5,0.9030303030303031,DIAGNOSTIC,false
artifacts/postmortem/mi_subset_analysis.json,re2ob.MI-1.z1.MRR,0.8653198653198653,DIAGNOSTIC,false
artifacts/postmortem/mi_subset_analysis.json,re2ob.MI-1.z1.cases,66,DIAGNOSTIC,false
artifacts/postmortem/mi_subset_analysis.json,re2ob.MI-1.z1.mean_root_rank,1.5303030303030303,DIAGNOSTIC,false
artifacts/postmortem/mi_subset_analysis.json,re2ob.MI-1.z2.AC@1,0.8181818181818182,DIAGNOSTIC,false
artifacts/postmortem/mi_subset_analysis.json,re2ob.MI-1.z2.AC@3,0.9848484848484849,DIAGNOSTIC,false
artifacts/postmortem/mi_subset_analysis.json,re2ob.MI-1.z2.AC@5,0.9848484848484849,DIAGNOSTIC,false
artifacts/postmortem/mi_subset_analysis.json,re2ob.MI-1.z2.Avg@5,0.9424242424242424,DIAGNOSTIC,false
artifacts/postmortem/mi_subset_analysis.json,re2ob.MI-1.z2.MRR,0.8956228956228957,DIAGNOSTIC,false
artifacts/postmortem/mi_subset_analysis.json,re2ob.MI-1.z2.cases,66,DIAGNOSTIC,false
artifacts/postmortem/mi_subset_analysis.json,re2ob.MI-1.z2.mean_root_rank,1.3333333333333333,DIAGNOSTIC,false
artifacts/postmortem/mi_subset_analysis.json,re2ob.MI-1.z2_minus_z1.AC@1,0.015151515151515249,DIAGNOSTIC,false
artifacts/postmortem/mi_subset_analysis.json,re2ob.MI-1.z2_minus_z1.Avg@5,0.039393939393939315,DIAGNOSTIC,false
artifacts/postmortem/mi_subset_analysis.json,re2ob.MI-1.z2_minus_z1.mean_root_rank,-0.19696969696969702,DIAGNOSTIC,false
artifacts/postmortem/mi_subset_analysis.json,re2ob.MI-1.z3.AC@1,0.7878787878787878,DIAGNOSTIC,false
artifacts/postmortem/mi_subset_analysis.json,re2ob.MI-1.z3.AC@3,0.9545454545454546,DIAGNOSTIC,false
artifacts/postmortem/mi_subset_analysis.json,re2ob.MI-1.z3.AC@5,0.9848484848484849,DIAGNOSTIC,false
artifacts/postmortem/mi_subset_analysis.json,re2ob.MI-1.z3.Avg@5,0.9181818181818182,DIAGNOSTIC,false
artifacts/postmortem/mi_subset_analysis.json,re2ob.MI-1.z3.MRR,0.8686868686868687,DIAGNOSTIC,false
artifacts/postmortem/mi_subset_analysis.json,re2ob.MI-1.z3.cases,66,DIAGNOSTIC,false
artifacts/postmortem/mi_subset_analysis.json,re2ob.MI-1.z3.mean_root_rank,1.4090909090909092,DIAGNOSTIC,false
artifacts/postmortem/mi_subset_analysis.json,re2ob.MI-3.z1.AC@1,0.6,DIAGNOSTIC,false
artifacts/postmortem/mi_subset_analysis.json,re2ob.MI-3.z1.AC@3,0.88,DIAGNOSTIC,false
artifacts/postmortem/mi_subset_analysis.json,re2ob.MI-3.z1.AC@5,0.92,DIAGNOSTIC,false
artifacts/postmortem/mi_subset_analysis.json,re2ob.MI-3.z1.Avg@5,0.8,DIAGNOSTIC,false
artifacts/postmortem/mi_subset_analysis.json,re2ob.MI-3.z1.MRR,0.7277777777777775,DIAGNOSTIC,false
artifacts/postmortem/mi_subset_analysis.json,re2ob.MI-3.z1.cases,25,DIAGNOSTIC,false
artifacts/postmortem/mi_subset_analysis.json,re2ob.MI-3.z1.mean_root_rank,2.12,DIAGNOSTIC,false
artifacts/postmortem/mi_subset_analysis.json,re2ob.MI-3.z2.AC@1,0.56,DIAGNOSTIC,false
artifacts/postmortem/mi_subset_analysis.json,re2ob.MI-3.z2.AC@3,0.96,DIAGNOSTIC,false
artifacts/postmortem/mi_subset_analysis.json,re2ob.MI-3.z2.AC@5,0.96,DIAGNOSTIC,false
artifacts/postmortem/mi_subset_analysis.json,re2ob.MI-3.z2.Avg@5,0.8560000000000001,DIAGNOSTIC,false
artifacts/postmortem/mi_subset_analysis.json,re2ob.MI-3.z2.MRR,0.7444444444444442,DIAGNOSTIC,false
artifacts/postmortem/mi_subset_analysis.json,re2ob.MI-3.z2.cases,25,DIAGNOSTIC,false
artifacts/postmortem/mi_subset_analysis.json,re2ob.MI-3.z2.mean_root_rank,1.84,DIAGNOSTIC,false
artifacts/postmortem/mi_subset_analysis.json,re2ob.MI-3.z2_minus_z1.AC@1,-0.039999999999999925,DIAGNOSTIC,false
artifacts/postmortem/mi_subset_analysis.json,re2ob.MI-3.z2_minus_z1.Avg@5,0.05600000000000005,DIAGNOSTIC,false
artifacts/postmortem/mi_subset_analysis.json,re2ob.MI-3.z2_minus_z1.mean_root_rank,-0.28,DIAGNOSTIC,false
artifacts/postmortem/mi_subset_analysis.json,re2ob.MI-3.z3.AC@1,0.56,DIAGNOSTIC,false
artifacts/postmortem/mi_subset_analysis.json,re2ob.MI-3.z3.AC@3,0.88,DIAGNOSTIC,false
artifacts/postmortem/mi_subset_analysis.json,re2ob.MI-3.z3.AC@5,0.96,DIAGNOSTIC,false
artifacts/postmortem/mi_subset_analysis.json,re2ob.MI-3.z3.Avg@5,0.8080000000000002,DIAGNOSTIC,false
artifacts/postmortem/mi_subset_analysis.json,re2ob.MI-3.z3.MRR,0.7133333333333333,DIAGNOSTIC,false
artifacts/postmortem/mi_subset_analysis.json,re2ob.MI-3.z3.cases,25,DIAGNOSTIC,false
artifacts/postmortem/mi_subset_analysis.json,re2ob.MI-3.z3.mean_root_rank,1.96,DIAGNOSTIC,false
artifacts/postmortem/mi_subset_analysis.json,re2ob.non-MI-1.z1.AC@1,0.9583333333333334,DIAGNOSTIC,false
artifacts/postmortem/mi_subset_analysis.json,re2ob.non-MI-1.z1.AC@3,1.0,DIAGNOSTIC,false
artifacts/postmortem/mi_subset_analysis.json,re2ob.non-MI-1.z1.AC@5,1.0,DIAGNOSTIC,false
artifacts/postmortem/mi_subset_analysis.json,re2ob.non-MI-1.z1.Avg@5,0.9916666666666667,DIAGNOSTIC,false
artifacts/postmortem/mi_subset_analysis.json,re2ob.non-MI-1.z1.MRR,0.9791666666666666,DIAGNOSTIC,false
artifacts/postmortem/mi_subset_analysis.json,re2ob.non-MI-1.z1.cases,24,DIAGNOSTIC,false
artifacts/postmortem/mi_subset_analysis.json,re2ob.non-MI-1.z1.mean_root_rank,1.0416666666666667,DIAGNOSTIC,false
artifacts/postmortem/mi_subset_analysis.json,re2ob.non-MI-1.z2.AC@1,0.9583333333333334,DIAGNOSTIC,false
artifacts/postmortem/mi_subset_analysis.json,re2ob.non-MI-1.z2.AC@3,1.0,DIAGNOSTIC,false
artifacts/postmortem/mi_subset_analysis.json,re2ob.non-MI-1.z2.AC@5,1.0,DIAGNOSTIC,false
artifacts/postmortem/mi_subset_analysis.json,re2ob.non-MI-1.z2.Avg@5,0.9833333333333334,DIAGNOSTIC,false
artifacts/postmortem/mi_subset_analysis.json,re2ob.non-MI-1.z2.MRR,0.9722222222222222,DIAGNOSTIC,false
artifacts/postmortem/mi_subset_analysis.json,re2ob.non-MI-1.z2.cases,24,DIAGNOSTIC,false
artifacts/postmortem/mi_subset_analysis.json,re2ob.non-MI-1.z2.mean_root_rank,1.0833333333333333,DIAGNOSTIC,false
artifacts/postmortem/mi_subset_analysis.json,re2ob.non-MI-1.z2_minus_z1.AC@1,0.0,DIAGNOSTIC,false
artifacts/postmortem/mi_subset_analysis.json,re2ob.non-MI-1.z2_minus_z1.Avg@5,-0.008333333333333304,DIAGNOSTIC,false
artifacts/postmortem/mi_subset_analysis.json,re2ob.non-MI-1.z2_minus_z1.mean_root_rank,0.04166666666666652,DIAGNOSTIC,false
artifacts/postmortem/mi_subset_analysis.json,re2ob.non-MI-1.z3.AC@1,1.0,DIAGNOSTIC,false
artifacts/postmortem/mi_subset_analysis.json,re2ob.non-MI-1.z3.AC@3,1.0,DIAGNOSTIC,false
artifacts/postmortem/mi_subset_analysis.json,re2ob.non-MI-1.z3.AC@5,1.0,DIAGNOSTIC,false
artifacts/postmortem/mi_subset_analysis.json,re2ob.non-MI-1.z3.Avg@5,1.0,DIAGNOSTIC,false
artifacts/postmortem/mi_subset_analysis.json,re2ob.non-MI-1.z3.MRR,1.0,DIAGNOSTIC,false
artifacts/postmortem/mi_subset_analysis.json,re2ob.non-MI-1.z3.cases,24,DIAGNOSTIC,false
artifacts/postmortem/mi_subset_analysis.json,re2ob.non-MI-1.z3.mean_root_rank,1.0,DIAGNOSTIC,false
artifacts/postmortem/mi_subset_analysis.json,re2ob.non-MI-3.z1.AC@1,0.9384615384615385,DIAGNOSTIC,false
artifacts/postmortem/mi_subset_analysis.json,re2ob.non-MI-3.z1.AC@3,0.9846153846153847,DIAGNOSTIC,false
artifacts/postmortem/mi_subset_analysis.json,re2ob.non-MI-3.z1.AC@5,1.0,DIAGNOSTIC,false
artifacts/postmortem/mi_subset_analysis.json,re2ob.non-MI-3.z1.Avg@5,0.9753846153846154,DIAGNOSTIC,false
artifacts/postmortem/mi_subset_analysis.json,re2ob.non-MI-3.z1.MRR,0.9602564102564102,DIAGNOSTIC,false
artifacts/postmortem/mi_subset_analysis.json,re2ob.non-MI-3.z1.cases,65,DIAGNOSTIC,false
artifacts/postmortem/mi_subset_analysis.json,re2ob.non-MI-3.z1.mean_root_rank,1.123076923076923,DIAGNOSTIC,false
artifacts/postmortem/mi_subset_analysis.json,re2ob.non-MI-3.z2.AC@1,0.9692307692307692,DIAGNOSTIC,false
artifacts/postmortem/mi_subset_analysis.json,re2ob.non-MI-3.z2.AC@3,1.0,DIAGNOSTIC,false
artifacts/postmortem/mi_subset_analysis.json,re2ob.non-MI-3.z2.AC@5,1.0,DIAGNOSTIC,false
artifacts/postmortem/mi_subset_analysis.json,re2ob.non-MI-3.z2.Avg@5,0.9907692307692308,DIAGNOSTIC,false
artifacts/postmortem/mi_subset_analysis.json,re2ob.non-MI-3.z2.MRR,0.982051282051282,DIAGNOSTIC,false
artifacts/postmortem/mi_subset_analysis.json,re2ob.non-MI-3.z2.cases,65,DIAGNOSTIC,false
artifacts/postmortem/mi_subset_analysis.json,re2ob.non-MI-3.z2.mean_root_rank,1.0461538461538462,DIAGNOSTIC,false
artifacts/postmortem/mi_subset_analysis.json,re2ob.non-MI-3.z2_minus_z1.AC@1,0.03076923076923077,DIAGNOSTIC,false
artifacts/postmortem/mi_subset_analysis.json,re2ob.non-MI-3.z2_minus_z1.Avg@5,0.015384615384615441,DIAGNOSTIC,false
artifacts/postmortem/mi_subset_analysis.json,re2ob.non-MI-3.z2_minus_z1.mean_root_rank,-0.07692307692307687,DIAGNOSTIC,false
artifacts/postmortem/mi_subset_analysis.json,re2ob.non-MI-3.z3.AC@1,0.9538461538461539,DIAGNOSTIC,false
artifacts/postmortem/mi_subset_analysis.json,re2ob.non-MI-3.z3.AC@3,1.0,DIAGNOSTIC,false
artifacts/postmortem/mi_subset_analysis.json,re2ob.non-MI-3.z3.AC@5,1.0,DIAGNOSTIC,false
artifacts/postmortem/mi_subset_analysis.json,re2ob.non-MI-3.z3.Avg@5,0.9907692307692308,DIAGNOSTIC,false
artifacts/postmortem/mi_subset_analysis.json,re2ob.non-MI-3.z3.MRR,0.9769230769230769,DIAGNOSTIC,false
artifacts/postmortem/mi_subset_analysis.json,re2ob.non-MI-3.z3.cases,65,DIAGNOSTIC,false
artifacts/postmortem/mi_subset_analysis.json,re2ob.non-MI-3.z3.mean_root_rank,1.0461538461538462,DIAGNOSTIC,false
artifacts/postmortem/mi_subset_analysis.json,re2tt.MI-1.z1.AC@1,0.5777777777777777,DIAGNOSTIC,false
artifacts/postmortem/mi_subset_analysis.json,re2tt.MI-1.z1.AC@3,0.7888888888888889,DIAGNOSTIC,false
artifacts/postmortem/mi_subset_analysis.json,re2tt.MI-1.z1.AC@5,0.8666666666666667,DIAGNOSTIC,false
artifacts/postmortem/mi_subset_analysis.json,re2tt.MI-1.z1.Avg@5,0.76,DIAGNOSTIC,false
artifacts/postmortem/mi_subset_analysis.json,re2tt.MI-1.z1.MRR,0.706583652367966,DIAGNOSTIC,false
artifacts/postmortem/mi_subset_analysis.json,re2tt.MI-1.z1.cases,90,DIAGNOSTIC,false
artifacts/postmortem/mi_subset_analysis.json,re2tt.MI-1.z1.mean_root_rank,2.6222222222222222,DIAGNOSTIC,false
artifacts/postmortem/mi_subset_analysis.json,re2tt.MI-1.z2.AC@1,0.7,DIAGNOSTIC,false
artifacts/postmortem/mi_subset_analysis.json,re2tt.MI-1.z2.AC@3,0.8555555555555555,DIAGNOSTIC,false
artifacts/postmortem/mi_subset_analysis.json,re2tt.MI-1.z2.AC@5,0.9555555555555556,DIAGNOSTIC,false
artifacts/postmortem/mi_subset_analysis.json,re2tt.MI-1.z2.Avg@5,0.8466666666666667,DIAGNOSTIC,false
artifacts/postmortem/mi_subset_analysis.json,re2tt.MI-1.z2.MRR,0.7936018556606792,DIAGNOSTIC,false
artifacts/postmortem/mi_subset_analysis.json,re2tt.MI-1.z2.cases,90,DIAGNOSTIC,false
artifacts/postmortem/mi_subset_analysis.json,re2tt.MI-1.z2.mean_root_rank,2.2888888888888888,DIAGNOSTIC,false
artifacts/postmortem/mi_subset_analysis.json,re2tt.MI-1.z2_minus_z1.AC@1,0.12222222222222223,DIAGNOSTIC,false
artifacts/postmortem/mi_subset_analysis.json,re2tt.MI-1.z2_minus_z1.Avg@5,0.08666666666666667,DIAGNOSTIC,false
artifacts/postmortem/mi_subset_analysis.json,re2tt.MI-1.z2_minus_z1.mean_root_rank,-0.3333333333333335,DIAGNOSTIC,false
artifacts/postmortem/mi_subset_analysis.json,re2tt.MI-1.z3.AC@1,0.5555555555555556,DIAGNOSTIC,false
artifacts/postmortem/mi_subset_analysis.json,re2tt.MI-1.z3.AC@3,0.7333333333333333,DIAGNOSTIC,false
artifacts/postmortem/mi_subset_analysis.json,re2tt.MI-1.z3.AC@5,0.7888888888888889,DIAGNOSTIC,false
artifacts/postmortem/mi_subset_analysis.json,re2tt.MI-1.z3.Avg@5,0.7044444444444444,DIAGNOSTIC,false
artifacts/postmortem/mi_subset_analysis.json,re2tt.MI-1.z3.MRR,0.6676259247507143,DIAGNOSTIC,false
artifacts/postmortem/mi_subset_analysis.json,re2tt.MI-1.z3.cases,90,DIAGNOSTIC,false
artifacts/postmortem/mi_subset_analysis.json,re2tt.MI-1.z3.mean_root_rank,5.044444444444444,DIAGNOSTIC,false
artifacts/postmortem/mi_subset_analysis.json,re2tt.MI-3.z1.AC@1,0.6,DIAGNOSTIC,false
artifacts/postmortem/mi_subset_analysis.json,re2tt.MI-3.z1.AC@3,0.8235294117647058,DIAGNOSTIC,false
artifacts/postmortem/mi_subset_analysis.json,re2tt.MI-3.z1.AC@5,0.8823529411764706,DIAGNOSTIC,false
artifacts/postmortem/mi_subset_analysis.json,re2tt.MI-3.z1.Avg@5,0.7835294117647058,DIAGNOSTIC,false
artifacts/postmortem/mi_subset_analysis.json,re2tt.MI-3.z1.MRR,0.7279146881569027,DIAGNOSTIC,false
artifacts/postmortem/mi_subset_analysis.json,re2tt.MI-3.z1.cases,85,DIAGNOSTIC,false
artifacts/postmortem/mi_subset_analysis.json,re2tt.MI-3.z1.mean_root_rank,2.4352941176470586,DIAGNOSTIC,false
artifacts/postmortem/mi_subset_analysis.json,re2tt.MI-3.z2.AC@1,0.7058823529411765,DIAGNOSTIC,false
artifacts/postmortem/mi_subset_analysis.json,re2tt.MI-3.z2.AC@3,0.8470588235294118,DIAGNOSTIC,false
artifacts/postmortem/mi_subset_analysis.json,re2tt.MI-3.z2.AC@5,0.9529411764705882,DIAGNOSTIC,false
artifacts/postmortem/mi_subset_analysis.json,re2tt.MI-3.z2.Avg@5,0.8447058823529413,DIAGNOSTIC,false
artifacts/postmortem/mi_subset_analysis.json,re2tt.MI-3.z2.MRR,0.7951862785426799,DIAGNOSTIC,false
artifacts/postmortem/mi_subset_analysis.json,re2tt.MI-3.z2.cases,85,DIAGNOSTIC,false
artifacts/postmortem/mi_subset_analysis.json,re2tt.MI-3.z2.mean_root_rank,2.3294117647058825,DIAGNOSTIC,false
artifacts/postmortem/mi_subset_analysis.json,re2tt.MI-3.z2_minus_z1.AC@1,0.10588235294117654,DIAGNOSTIC,false
artifacts/postmortem/mi_subset_analysis.json,re2tt.MI-3.z2_minus_z1.Avg@5,0.0611764705882355,DIAGNOSTIC,false
artifacts/postmortem/mi_subset_analysis.json,re2tt.MI-3.z2_minus_z1.mean_root_rank,-0.1058823529411761,DIAGNOSTIC,false
artifacts/postmortem/mi_subset_analysis.json,re2tt.MI-3.z3.AC@1,0.5294117647058824,DIAGNOSTIC,false
artifacts/postmortem/mi_subset_analysis.json,re2tt.MI-3.z3.AC@3,0.7176470588235294,DIAGNOSTIC,false
artifacts/postmortem/mi_subset_analysis.json,re2tt.MI-3.z3.AC@5,0.7764705882352941,DIAGNOSTIC,false
artifacts/postmortem/mi_subset_analysis.json,re2tt.MI-3.z3.Avg@5,0.6870588235294116,DIAGNOSTIC,false
artifacts/postmortem/mi_subset_analysis.json,re2tt.MI-3.z3.MRR,0.6480745085595798,DIAGNOSTIC,false
artifacts/postmortem/mi_subset_analysis.json,re2tt.MI-3.z3.cases,85,DIAGNOSTIC,false
artifacts/postmortem/mi_subset_analysis.json,re2tt.MI-3.z3.mean_root_rank,5.2823529411764705,DIAGNOSTIC,false
artifacts/postmortem/mi_subset_analysis.json,re2tt.non-MI-1.z1.cases,0,DIAGNOSTIC,false
artifacts/postmortem/mi_subset_analysis.json,re2tt.non-MI-1.z1.status,NOT_AVAILABLE_ZERO_CASES,DIAGNOSTIC,false
artifacts/postmortem/mi_subset_analysis.json,re2tt.non-MI-1.z2.cases,0,DIAGNOSTIC,false
artifacts/postmortem/mi_subset_analysis.json,re2tt.non-MI-1.z2.status,NOT_AVAILABLE_ZERO_CASES,DIAGNOSTIC,false
artifacts/postmortem/mi_subset_analysis.json,re2tt.non-MI-1.z2_minus_z1.AC@1,,DIAGNOSTIC,false
artifacts/postmortem/mi_subset_analysis.json,re2tt.non-MI-1.z2_minus_z1.Avg@5,,DIAGNOSTIC,false
artifacts/postmortem/mi_subset_analysis.json,re2tt.non-MI-1.z2_minus_z1.mean_root_rank,,DIAGNOSTIC,false
artifacts/postmortem/mi_subset_analysis.json,re2tt.non-MI-1.z3.cases,0,DIAGNOSTIC,false
artifacts/postmortem/mi_subset_analysis.json,re2tt.non-MI-1.z3.status,NOT_AVAILABLE_ZERO_CASES,DIAGNOSTIC,false
artifacts/postmortem/mi_subset_analysis.json,re2tt.non-MI-3.z1.AC@1,0.2,DIAGNOSTIC,false
artifacts/postmortem/mi_subset_analysis.json,re2tt.non-MI-3.z1.AC@3,0.2,DIAGNOSTIC,false
artifacts/postmortem/mi_subset_analysis.json,re2tt.non-MI-3.z1.AC@5,0.6,DIAGNOSTIC,false
artifacts/postmortem/mi_subset_analysis.json,re2tt.non-MI-3.z1.Avg@5,0.36,DIAGNOSTIC,false
artifacts/postmortem/mi_subset_analysis.json,re2tt.non-MI-3.z1.MRR,0.34395604395604396,DIAGNOSTIC,false
artifacts/postmortem/mi_subset_analysis.json,re2tt.non-MI-3.z1.cases,5,DIAGNOSTIC,false
artifacts/postmortem/mi_subset_analysis.json,re2tt.non-MI-3.z1.mean_root_rank,5.8,DIAGNOSTIC,false
artifacts/postmortem/mi_subset_analysis.json,re2tt.non-MI-3.z2.AC@1,0.6,DIAGNOSTIC,false
artifacts/postmortem/mi_subset_analysis.json,re2tt.non-MI-3.z2.AC@3,1.0,DIAGNOSTIC,false
artifacts/postmortem/mi_subset_analysis.json,re2tt.non-MI-3.z2.AC@5,1.0,DIAGNOSTIC,false
artifacts/postmortem/mi_subset_analysis.json,re2tt.non-MI-3.z2.Avg@5,0.8800000000000001,DIAGNOSTIC,false
artifacts/postmortem/mi_subset_analysis.json,re2tt.non-MI-3.z2.MRR,0.7666666666666666,DIAGNOSTIC,false
artifacts/postmortem/mi_subset_analysis.json,re2tt.non-MI-3.z2.cases,5,DIAGNOSTIC,false
artifacts/postmortem/mi_subset_analysis.json,re2tt.non-MI-3.z2.mean_root_rank,1.6,DIAGNOSTIC,false
artifacts/postmortem/mi_subset_analysis.json,re2tt.non-MI-3.z2_minus_z1.AC@1,0.39999999999999997,DIAGNOSTIC,false
artifacts/postmortem/mi_subset_analysis.json,re2tt.non-MI-3.z2_minus_z1.Avg@5,0.5200000000000001,DIAGNOSTIC,false
artifacts/postmortem/mi_subset_analysis.json,re2tt.non-MI-3.z2_minus_z1.mean_root_rank,-4.199999999999999,DIAGNOSTIC,false
artifacts/postmortem/mi_subset_analysis.json,re2tt.non-MI-3.z3.AC@1,1.0,DIAGNOSTIC,false
artifacts/postmortem/mi_subset_analysis.json,re2tt.non-MI-3.z3.AC@3,1.0,DIAGNOSTIC,false
artifacts/postmortem/mi_subset_analysis.json,re2tt.non-MI-3.z3.AC@5,1.0,DIAGNOSTIC,false
artifacts/postmortem/mi_subset_analysis.json,re2tt.non-MI-3.z3.Avg@5,1.0,DIAGNOSTIC,false
artifacts/postmortem/mi_subset_analysis.json,re2tt.non-MI-3.z3.MRR,1.0,DIAGNOSTIC,false
artifacts/postmortem/mi_subset_analysis.json,re2tt.non-MI-3.z3.cases,5,DIAGNOSTIC,false
artifacts/postmortem/mi_subset_analysis.json,re2tt.non-MI-3.z3.mean_root_rank,1.0,DIAGNOSTIC,false
artifacts/postmortem/z2_vs_z1_bootstrap.json,datasets.re2ob.AC@1.ci95,"[-0.05555555555555555,0.07777777777777778]",DIAGNOSTIC,false
artifacts/postmortem/z2_vs_z1_bootstrap.json,datasets.re2ob.AC@1.fault_stratified,true,DIAGNOSTIC,false
artifacts/postmortem/z2_vs_z1_bootstrap.json,datasets.re2ob.AC@1.point_delta,0.011111111111111112,DIAGNOSTIC,false
artifacts/postmortem/z2_vs_z1_bootstrap.json,datasets.re2ob.AC@1.resamples,10000,DIAGNOSTIC,false
artifacts/postmortem/z2_vs_z1_bootstrap.json,datasets.re2ob.AC@1.seed,20260826,DIAGNOSTIC,false
artifacts/postmortem/z2_vs_z1_bootstrap.json,datasets.re2ob.Avg@5.ci95,"[1.2335811384723962e-18,0.05777777777777778]",DIAGNOSTIC,false
artifacts/postmortem/z2_vs_z1_bootstrap.json,datasets.re2ob.Avg@5.fault_stratified,true,DIAGNOSTIC,false
artifacts/postmortem/z2_vs_z1_bootstrap.json,datasets.re2ob.Avg@5.point_delta,0.026666666666666672,DIAGNOSTIC,false
artifacts/postmortem/z2_vs_z1_bootstrap.json,datasets.re2ob.Avg@5.resamples,10000,DIAGNOSTIC,false
artifacts/postmortem/z2_vs_z1_bootstrap.json,datasets.re2ob.Avg@5.seed,20260826,DIAGNOSTIC,false
artifacts/postmortem/z2_vs_z1_bootstrap.json,datasets.re2tt.AC@1.ci95,"[0.03333333333333333,0.2111111111111111]",DIAGNOSTIC,false
artifacts/postmortem/z2_vs_z1_bootstrap.json,datasets.re2tt.AC@1.fault_stratified,true,DIAGNOSTIC,false
artifacts/postmortem/z2_vs_z1_bootstrap.json,datasets.re2tt.AC@1.point_delta,0.12222222222222222,DIAGNOSTIC,false
artifacts/postmortem/z2_vs_z1_bootstrap.json,datasets.re2tt.AC@1.resamples,10000,DIAGNOSTIC,false
artifacts/postmortem/z2_vs_z1_bootstrap.json,datasets.re2tt.AC@1.seed,20260826,DIAGNOSTIC,false
artifacts/postmortem/z2_vs_z1_bootstrap.json,datasets.re2tt.Avg@5.ci95,"[0.019999999999999987,0.1577777777777778]",DIAGNOSTIC,false
artifacts/postmortem/z2_vs_z1_bootstrap.json,datasets.re2tt.Avg@5.fault_stratified,true,DIAGNOSTIC,false
artifacts/postmortem/z2_vs_z1_bootstrap.json,datasets.re2tt.Avg@5.point_delta,0.08666666666666667,DIAGNOSTIC,false
artifacts/postmortem/z2_vs_z1_bootstrap.json,datasets.re2tt.Avg@5.resamples,10000,DIAGNOSTIC,false
artifacts/postmortem/z2_vs_z1_bootstrap.json,datasets.re2tt.Avg@5.seed,20260826,DIAGNOSTIC,false
artifacts/postmortem/z2_vs_z1_bootstrap.json,resamples,10000,DIAGNOSTIC,false
artifacts/postmortem/z2_vs_z1_bootstrap.json,schema_version,p3_m_z2_vs_z1_bootstrap_v1,DIAGNOSTIC,false
artifacts/postmortem/z2_vs_z1_bootstrap.json,seed,20260826,DIAGNOSTIC,false
artifacts/postmortem/z2_vs_z1_bootstrap.json,status,EXPLORATORY_ONLY,DIAGNOSTIC,false
artifacts/postmortem/z2_vs_z1_bootstrap.json,two_dataset_descriptive_mean.AC@1,0.06666666666666667,DIAGNOSTIC,false
artifacts/postmortem/z2_vs_z1_bootstrap.json,two_dataset_descriptive_mean.Avg@5,0.05666666666666667,DIAGNOSTIC,false
artifacts/p4_g0/metrics/subgroup_diagnostics.json,re2ob.MI.MI-1.A1-A0.AC@1,0.030303030303030304,DIAGNOSTIC,false
artifacts/p4_g0/metrics/subgroup_diagnostics.json,re2ob.MI.MI-1.A1-A0.Avg@5,-0.006060606060606056,DIAGNOSTIC,false
artifacts/p4_g0/metrics/subgroup_diagnostics.json,re2ob.MI.MI-1.A1-A0.cases,66,DIAGNOSTIC,false
artifacts/p4_g0/metrics/subgroup_diagnostics.json,re2ob.MI.MI-1.A1-A0.root_rank,0.045454545454545456,DIAGNOSTIC,false
artifacts/p4_g0/metrics/subgroup_diagnostics.json,re2ob.MI.MI-1.A3-A2.AC@1,-0.045454545454545456,DIAGNOSTIC,false
artifacts/p4_g0/metrics/subgroup_diagnostics.json,re2ob.MI.MI-1.A3-A2.Avg@5,-0.01818181818181818,DIAGNOSTIC,false
artifacts/p4_g0/metrics/subgroup_diagnostics.json,re2ob.MI.MI-1.A3-A2.cases,66,DIAGNOSTIC,false
artifacts/p4_g0/metrics/subgroup_diagnostics.json,re2ob.MI.MI-1.A3-A2.root_rank,0.10606060606060606,DIAGNOSTIC,false
artifacts/p4_g0/metrics/subgroup_diagnostics.json,re2ob.MI.MI-3.A1-A0.AC@1,0.12,DIAGNOSTIC,false
artifacts/p4_g0/metrics/subgroup_diagnostics.json,re2ob.MI.MI-3.A1-A0.Avg@5,8.881784197001253e-18,DIAGNOSTIC,false
artifacts/p4_g0/metrics/subgroup_diagnostics.json,re2ob.MI.MI-3.A1-A0.cases,25,DIAGNOSTIC,false
artifacts/p4_g0/metrics/subgroup_diagnostics.json,re2ob.MI.MI-3.A1-A0.root_rank,0.04,DIAGNOSTIC,false
artifacts/p4_g0/metrics/subgroup_diagnostics.json,re2ob.MI.MI-3.A3-A2.AC@1,-0.04,DIAGNOSTIC,false
artifacts/p4_g0/metrics/subgroup_diagnostics.json,re2ob.MI.MI-3.A3-A2.Avg@5,-0.03200000000000001,DIAGNOSTIC,false
artifacts/p4_g0/metrics/subgroup_diagnostics.json,re2ob.MI.MI-3.A3-A2.cases,25,DIAGNOSTIC,false
artifacts/p4_g0/metrics/subgroup_diagnostics.json,re2ob.MI.MI-3.A3-A2.root_rank,0.2,DIAGNOSTIC,false
artifacts/p4_g0/metrics/subgroup_diagnostics.json,re2ob.MI.non-MI-1.A1-A0.AC@1,-0.041666666666666664,DIAGNOSTIC,false
artifacts/p4_g0/metrics/subgroup_diagnostics.json,re2ob.MI.non-MI-1.A1-A0.Avg@5,4.625929269271485e-18,DIAGNOSTIC,false
artifacts/p4_g0/metrics/subgroup_diagnostics.json,re2ob.MI.non-MI-1.A1-A0.cases,24,DIAGNOSTIC,false
artifacts/p4_g0/metrics/subgroup_diagnostics.json,re2ob.MI.non-MI-1.A1-A0.root_rank,0.0,DIAGNOSTIC,false
artifacts/p4_g0/metrics/subgroup_diagnostics.json,re2ob.MI.non-MI-1.A3-A2.AC@1,0.0,DIAGNOSTIC,false
artifacts/p4_g0/metrics/subgroup_diagnostics.json,re2ob.MI.non-MI-1.A3-A2.Avg@5,0.0,DIAGNOSTIC,false
artifacts/p4_g0/metrics/subgroup_diagnostics.json,re2ob.MI.non-MI-1.A3-A2.cases,24,DIAGNOSTIC,false
artifacts/p4_g0/metrics/subgroup_diagnostics.json,re2ob.MI.non-MI-1.A3-A2.root_rank,0.0,DIAGNOSTIC,false
artifacts/p4_g0/metrics/subgroup_diagnostics.json,re2ob.MI.non-MI-3.A1-A0.AC@1,-0.03076923076923077,DIAGNOSTIC,false
artifacts/p4_g0/metrics/subgroup_diagnostics.json,re2ob.MI.non-MI-3.A1-A0.Avg@5,-0.006153846153846152,DIAGNOSTIC,false
artifacts/p4_g0/metrics/subgroup_diagnostics.json,re2ob.MI.non-MI-3.A1-A0.cases,65,DIAGNOSTIC,false
artifacts/p4_g0/metrics/subgroup_diagnostics.json,re2ob.MI.non-MI-3.A1-A0.root_rank,0.03076923076923077,DIAGNOSTIC,false
artifacts/p4_g0/metrics/subgroup_diagnostics.json,re2ob.MI.non-MI-3.A3-A2.AC@1,-0.03076923076923077,DIAGNOSTIC,false
artifacts/p4_g0/metrics/subgroup_diagnostics.json,re2ob.MI.non-MI-3.A3-A2.Avg@5,-0.006153846153846152,DIAGNOSTIC,false
artifacts/p4_g0/metrics/subgroup_diagnostics.json,re2ob.MI.non-MI-3.A3-A2.cases,65,DIAGNOSTIC,false
artifacts/p4_g0/metrics/subgroup_diagnostics.json,re2ob.MI.non-MI-3.A3-A2.root_rank,0.03076923076923077,DIAGNOSTIC,false
artifacts/p4_g0/metrics/subgroup_diagnostics.json,re2ob.fault.cpu.A1-A0.AC@1,-0.06666666666666667,DIAGNOSTIC,false
artifacts/p4_g0/metrics/subgroup_diagnostics.json,re2ob.fault.cpu.A1-A0.Avg@5,-0.05333333333333333,DIAGNOSTIC,false
artifacts/p4_g0/metrics/subgroup_diagnostics.json,re2ob.fault.cpu.A1-A0.cases,15,DIAGNOSTIC,false
artifacts/p4_g0/metrics/subgroup_diagnostics.json,re2ob.fault.cpu.A1-A0.root_rank,0.26666666666666666,DIAGNOSTIC,false
artifacts/p4_g0/metrics/subgroup_diagnostics.json,re2ob.fault.cpu.A3-A2.AC@1,-0.13333333333333333,DIAGNOSTIC,false
artifacts/p4_g0/metrics/subgroup_diagnostics.json,re2ob.fault.cpu.A3-A2.Avg@5,-0.04,DIAGNOSTIC,false
artifacts/p4_g0/metrics/subgroup_diagnostics.json,re2ob.fault.cpu.A3-A2.cases,15,DIAGNOSTIC,false
artifacts/p4_g0/metrics/subgroup_diagnostics.json,re2ob.fault.cpu.A3-A2.root_rank,0.2,DIAGNOSTIC,false
artifacts/p4_g0/metrics/subgroup_diagnostics.json,re2ob.fault.delay.A1-A0.AC@1,0.0,DIAGNOSTIC,false
artifacts/p4_g0/metrics/subgroup_diagnostics.json,re2ob.fault.delay.A1-A0.Avg@5,-0.013333333333333338,DIAGNOSTIC,false
artifacts/p4_g0/metrics/subgroup_diagnostics.json,re2ob.fault.delay.A1-A0.cases,15,DIAGNOSTIC,false
artifacts/p4_g0/metrics/subgroup_diagnostics.json,re2ob.fault.delay.A1-A0.root_rank,0.06666666666666667,DIAGNOSTIC,false
artifacts/p4_g0/metrics/subgroup_diagnostics.json,re2ob.fault.delay.A3-A2.AC@1,0.0,DIAGNOSTIC,false
artifacts/p4_g0/metrics/subgroup_diagnostics.json,re2ob.fault.delay.A3-A2.Avg@5,0.0,DIAGNOSTIC,false
artifacts/p4_g0/metrics/subgroup_diagnostics.json,re2ob.fault.delay.A3-A2.cases,15,DIAGNOSTIC,false
artifacts/p4_g0/metrics/subgroup_diagnostics.json,re2ob.fault.delay.A3-A2.root_rank,0.0,DIAGNOSTIC,false
artifacts/p4_g0/metrics/subgroup_diagnostics.json,re2ob.fault.disk.A1-A0.AC@1,0.0,DIAGNOSTIC,false
artifacts/p4_g0/metrics/subgroup_diagnostics.json,re2ob.fault.disk.A1-A0.Avg@5,0.0,DIAGNOSTIC,false
artifacts/p4_g0/metrics/subgroup_diagnostics.json,re2ob.fault.disk.A1-A0.cases,15,DIAGNOSTIC,false
artifacts/p4_g0/metrics/subgroup_diagnostics.json,re2ob.fault.disk.A1-A0.root_rank,0.0,DIAGNOSTIC,false
artifacts/p4_g0/metrics/subgroup_diagnostics.json,re2ob.fault.disk.A3-A2.AC@1,-0.06666666666666667,DIAGNOSTIC,false
artifacts/p4_g0/metrics/subgroup_diagnostics.json,re2ob.fault.disk.A3-A2.Avg@5,-0.01333333333333333,DIAGNOSTIC,false
artifacts/p4_g0/metrics/subgroup_diagnostics.json,re2ob.fault.disk.A3-A2.cases,15,DIAGNOSTIC,false
artifacts/p4_g0/metrics/subgroup_diagnostics.json,re2ob.fault.disk.A3-A2.root_rank,0.06666666666666667,DIAGNOSTIC,false
artifacts/p4_g0/metrics/subgroup_diagnostics.json,re2ob.fault.loss.A1-A0.AC@1,0.06666666666666667,DIAGNOSTIC,false
artifacts/p4_g0/metrics/subgroup_diagnostics.json,re2ob.fault.loss.A1-A0.Avg@5,0.026666666666666672,DIAGNOSTIC,false
artifacts/p4_g0/metrics/subgroup_diagnostics.json,re2ob.fault.loss.A1-A0.cases,15,DIAGNOSTIC,false
artifacts/p4_g0/metrics/subgroup_diagnostics.json,re2ob.fault.loss.A1-A0.root_rank,-0.06666666666666667,DIAGNOSTIC,false
artifacts/p4_g0/metrics/subgroup_diagnostics.json,re2ob.fault.loss.A3-A2.AC@1,-0.06666666666666667,DIAGNOSTIC,false
artifacts/p4_g0/metrics/subgroup_diagnostics.json,re2ob.fault.loss.A3-A2.Avg@5,-0.01333333333333333,DIAGNOSTIC,false
artifacts/p4_g0/metrics/subgroup_diagnostics.json,re2ob.fault.loss.A3-A2.cases,15,DIAGNOSTIC,false
artifacts/p4_g0/metrics/subgroup_diagnostics.json,re2ob.fault.loss.A3-A2.root_rank,0.13333333333333333,DIAGNOSTIC,false
artifacts/p4_g0/metrics/subgroup_diagnostics.json,re2ob.fault.mem.A1-A0.AC@1,0.13333333333333333,DIAGNOSTIC,false
artifacts/p4_g0/metrics/subgroup_diagnostics.json,re2ob.fault.mem.A1-A0.Avg@5,0.05333333333333334,DIAGNOSTIC,false
artifacts/p4_g0/metrics/subgroup_diagnostics.json,re2ob.fault.mem.A1-A0.cases,15,DIAGNOSTIC,false
artifacts/p4_g0/metrics/subgroup_diagnostics.json,re2ob.fault.mem.A1-A0.root_rank,-0.26666666666666666,DIAGNOSTIC,false
artifacts/p4_g0/metrics/subgroup_diagnostics.json,re2ob.fault.mem.A3-A2.AC@1,0.06666666666666667,DIAGNOSTIC,false
artifacts/p4_g0/metrics/subgroup_diagnostics.json,re2ob.fault.mem.A3-A2.Avg@5,0.01333333333333333,DIAGNOSTIC,false
artifacts/p4_g0/metrics/subgroup_diagnostics.json,re2ob.fault.mem.A3-A2.cases,15,DIAGNOSTIC,false
artifacts/p4_g0/metrics/subgroup_diagnostics.json,re2ob.fault.mem.A3-A2.root_rank,-0.06666666666666667,DIAGNOSTIC,false
artifacts/p4_g0/metrics/subgroup_diagnostics.json,re2ob.fault.socket.A1-A0.AC@1,-0.06666666666666667,DIAGNOSTIC,false
artifacts/p4_g0/metrics/subgroup_diagnostics.json,re2ob.fault.socket.A1-A0.Avg@5,-0.04,DIAGNOSTIC,false
artifacts/p4_g0/metrics/subgroup_diagnostics.json,re2ob.fault.socket.A1-A0.cases,15,DIAGNOSTIC,false
artifacts/p4_g0/metrics/subgroup_diagnostics.json,re2ob.fault.socket.A1-A0.root_rank,0.2,DIAGNOSTIC,false
artifacts/p4_g0/metrics/subgroup_diagnostics.json,re2ob.fault.socket.A3-A2.AC@1,0.0,DIAGNOSTIC,false
artifacts/p4_g0/metrics/subgroup_diagnostics.json,re2ob.fault.socket.A3-A2.Avg@5,-0.02666666666666667,DIAGNOSTIC,false
artifacts/p4_g0/metrics/subgroup_diagnostics.json,re2ob.fault.socket.A3-A2.cases,15,DIAGNOSTIC,false
artifacts/p4_g0/metrics/subgroup_diagnostics.json,re2ob.fault.socket.A3-A2.root_rank,0.13333333333333333,DIAGNOSTIC,false
artifacts/p4_g0/metrics/subgroup_diagnostics.json,re2ob.fold.0.A1-A0.AC@1,0.06666666666666667,DIAGNOSTIC,false
artifacts/p4_g0/metrics/subgroup_diagnostics.json,re2ob.fold.0.A1-A0.Avg@5,0.02666666666666667,DIAGNOSTIC,false
artifacts/p4_g0/metrics/subgroup_diagnostics.json,re2ob.fold.0.A1-A0.cases,30,DIAGNOSTIC,false
artifacts/p4_g0/metrics/subgroup_diagnostics.json,re2ob.fold.0.A1-A0.root_rank,-0.13333333333333333,DIAGNOSTIC,false
artifacts/p4_g0/metrics/subgroup_diagnostics.json,re2ob.fold.0.A3-A2.AC@1,0.0,DIAGNOSTIC,false
artifacts/p4_g0/metrics/subgroup_diagnostics.json,re2ob.fold.0.A3-A2.Avg@5,0.02,DIAGNOSTIC,false
artifacts/p4_g0/metrics/subgroup_diagnostics.json,re2ob.fold.0.A3-A2.cases,30,DIAGNOSTIC,false
artifacts/p4_g0/metrics/subgroup_diagnostics.json,re2ob.fold.0.A3-A2.root_rank,-0.1,DIAGNOSTIC,false
artifacts/p4_g0/metrics/subgroup_diagnostics.json,re2ob.fold.1.A1-A0.AC@1,0.0,DIAGNOSTIC,false
artifacts/p4_g0/metrics/subgroup_diagnostics.json,re2ob.fold.1.A1-A0.Avg@5,-0.01333333333333333,DIAGNOSTIC,false
artifacts/p4_g0/metrics/subgroup_diagnostics.json,re2ob.fold.1.A1-A0.cases,30,DIAGNOSTIC,false
artifacts/p4_g0/metrics/subgroup_diagnostics.json,re2ob.fold.1.A1-A0.root_rank,0.06666666666666667,DIAGNOSTIC,false
artifacts/p4_g0/metrics/subgroup_diagnostics.json,re2ob.fold.1.A3-A2.AC@1,0.0,DIAGNOSTIC,false
artifacts/p4_g0/metrics/subgroup_diagnostics.json,re2ob.fold.1.A3-A2.Avg@5,-0.020000000000000004,DIAGNOSTIC,false
artifacts/p4_g0/metrics/subgroup_diagnostics.json,re2ob.fold.1.A3-A2.cases,30,DIAGNOSTIC,false
artifacts/p4_g0/metrics/subgroup_diagnostics.json,re2ob.fold.1.A3-A2.root_rank,0.1,DIAGNOSTIC,false
artifacts/p4_g0/metrics/subgroup_diagnostics.json,re2ob.fold.2.A1-A0.AC@1,-0.03333333333333333,DIAGNOSTIC,false
artifacts/p4_g0/metrics/subgroup_diagnostics.json,re2ob.fold.2.A1-A0.Avg@5,-0.02666666666666667,DIAGNOSTIC,false
artifacts/p4_g0/metrics/subgroup_diagnostics.json,re2ob.fold.2.A1-A0.cases,30,DIAGNOSTIC,false
artifacts/p4_g0/metrics/subgroup_diagnostics.json,re2ob.fold.2.A1-A0.root_rank,0.16666666666666666,DIAGNOSTIC,false
artifacts/p4_g0/metrics/subgroup_diagnostics.json,re2ob.fold.2.A3-A2.AC@1,-0.1,DIAGNOSTIC,false
artifacts/p4_g0/metrics/subgroup_diagnostics.json,re2ob.fold.2.A3-A2.Avg@5,-0.039999999999999994,DIAGNOSTIC,false
artifacts/p4_g0/metrics/subgroup_diagnostics.json,re2ob.fold.2.A3-A2.cases,30,DIAGNOSTIC,false
artifacts/p4_g0/metrics/subgroup_diagnostics.json,re2ob.fold.2.A3-A2.root_rank,0.23333333333333334,DIAGNOSTIC,false
artifacts/p4_g0/metrics/subgroup_diagnostics.json,re2ob.root.checkoutservice.A1-A0.AC@1,-0.05555555555555555,DIAGNOSTIC,false
artifacts/p4_g0/metrics/subgroup_diagnostics.json,re2ob.root.checkoutservice.A1-A0.Avg@5,-0.022222222222222223,DIAGNOSTIC,false
artifacts/p4_g0/metrics/subgroup_diagnostics.json,re2ob.root.checkoutservice.A1-A0.cases,18,DIAGNOSTIC,false
artifacts/p4_g0/metrics/subgroup_diagnostics.json,re2ob.root.checkoutservice.A1-A0.root_rank,0.1111111111111111,DIAGNOSTIC,false
artifacts/p4_g0/metrics/subgroup_diagnostics.json,re2ob.root.checkoutservice.A3-A2.AC@1,-0.05555555555555555,DIAGNOSTIC,false
artifacts/p4_g0/metrics/subgroup_diagnostics.json,re2ob.root.checkoutservice.A3-A2.Avg@5,-0.022222222222222223,DIAGNOSTIC,false
artifacts/p4_g0/metrics/subgroup_diagnostics.json,re2ob.root.checkoutservice.A3-A2.cases,18,DIAGNOSTIC,false
artifacts/p4_g0/metrics/subgroup_diagnostics.json,re2ob.root.checkoutservice.A3-A2.root_rank,0.1111111111111111,DIAGNOSTIC,false
artifacts/p4_g0/metrics/subgroup_diagnostics.json,re2ob.root.currencyservice.A1-A0.AC@1,0.16666666666666666,DIAGNOSTIC,false
artifacts/p4_g0/metrics/subgroup_diagnostics.json,re2ob.root.currencyservice.A1-A0.Avg@5,0.011111111111111115,DIAGNOSTIC,false
artifacts/p4_g0/metrics/subgroup_diagnostics.json,re2ob.root.currencyservice.A1-A0.cases,18,DIAGNOSTIC,false
artifacts/p4_g0/metrics/subgroup_diagnostics.json,re2ob.root.currencyservice.A1-A0.root_rank,0.0,DIAGNOSTIC,false
artifacts/p4_g0/metrics/subgroup_diagnostics.json,re2ob.root.currencyservice.A3-A2.AC@1,-0.05555555555555555,DIAGNOSTIC,false
artifacts/p4_g0/metrics/subgroup_diagnostics.json,re2ob.root.currencyservice.A3-A2.Avg@5,-0.03333333333333333,DIAGNOSTIC,false
artifacts/p4_g0/metrics/subgroup_diagnostics.json,re2ob.root.currencyservice.A3-A2.cases,18,DIAGNOSTIC,false
artifacts/p4_g0/metrics/subgroup_diagnostics.json,re2ob.root.currencyservice.A3-A2.root_rank,0.2222222222222222,DIAGNOSTIC,false
artifacts/p4_g0/metrics/subgroup_diagnostics.json,re2ob.root.emailservice.A1-A0.AC@1,0.0,DIAGNOSTIC,false
artifacts/p4_g0/metrics/subgroup_diagnostics.json,re2ob.root.emailservice.A1-A0.Avg@5,0.0,DIAGNOSTIC,false
artifacts/p4_g0/metrics/subgroup_diagnostics.json,re2ob.root.emailservice.A1-A0.cases,18,DIAGNOSTIC,false
artifacts/p4_g0/metrics/subgroup_diagnostics.json,re2ob.root.emailservice.A1-A0.root_rank,0.0,DIAGNOSTIC,false
artifacts/p4_g0/metrics/subgroup_diagnostics.json,re2ob.root.emailservice.A3-A2.AC@1,-0.05555555555555555,DIAGNOSTIC,false
artifacts/p4_g0/metrics/subgroup_diagnostics.json,re2ob.root.emailservice.A3-A2.Avg@5,-0.011111111111111108,DIAGNOSTIC,false
artifacts/p4_g0/metrics/subgroup_diagnostics.json,re2ob.root.emailservice.A3-A2.cases,18,DIAGNOSTIC,false
artifacts/p4_g0/metrics/subgroup_diagnostics.json,re2ob.root.emailservice.A3-A2.root_rank,0.05555555555555555,DIAGNOSTIC,false
artifacts/p4_g0/metrics/subgroup_diagnostics.json,re2ob.root.productcatalogservice.A1-A0.AC@1,-0.05555555555555555,DIAGNOSTIC,false
artifacts/p4_g0/metrics/subgroup_diagnostics.json,re2ob.root.productcatalogservice.A1-A0.Avg@5,-0.011111111111111108,DIAGNOSTIC,false
artifacts/p4_g0/metrics/subgroup_diagnostics.json,re2ob.root.productcatalogservice.A1-A0.cases,18,DIAGNOSTIC,false
artifacts/p4_g0/metrics/subgroup_diagnostics.json,re2ob.root.productcatalogservice.A1-A0.root_rank,0.05555555555555555,DIAGNOSTIC,false
artifacts/p4_g0/metrics/subgroup_diagnostics.json,re2ob.root.productcatalogservice.A3-A2.AC@1,0.0,DIAGNOSTIC,false
artifacts/p4_g0/metrics/subgroup_diagnostics.json,re2ob.root.productcatalogservice.A3-A2.Avg@5,0.0,DIAGNOSTIC,false
artifacts/p4_g0/metrics/subgroup_diagnostics.json,re2ob.root.productcatalogservice.A3-A2.cases,18,DIAGNOSTIC,false
artifacts/p4_g0/metrics/subgroup_diagnostics.json,re2ob.root.productcatalogservice.A3-A2.root_rank,0.0,DIAGNOSTIC,false
artifacts/p4_g0/metrics/subgroup_diagnostics.json,re2ob.root.recommendationservice.A1-A0.AC@1,0.0,DIAGNOSTIC,false
artifacts/p4_g0/metrics/subgroup_diagnostics.json,re2ob.root.recommendationservice.A1-A0.Avg@5,0.0,DIAGNOSTIC,false
artifacts/p4_g0/metrics/subgroup_diagnostics.json,re2ob.root.recommendationservice.A1-A0.cases,18,DIAGNOSTIC,false
artifacts/p4_g0/metrics/subgroup_diagnostics.json,re2ob.root.recommendationservice.A1-A0.root_rank,0.0,DIAGNOSTIC,false
artifacts/p4_g0/metrics/subgroup_diagnostics.json,re2ob.root.recommendationservice.A3-A2.AC@1,0.0,DIAGNOSTIC,false
artifacts/p4_g0/metrics/subgroup_diagnostics.json,re2ob.root.recommendationservice.A3-A2.Avg@5,0.0,DIAGNOSTIC,false
artifacts/p4_g0/metrics/subgroup_diagnostics.json,re2ob.root.recommendationservice.A3-A2.cases,18,DIAGNOSTIC,false
artifacts/p4_g0/metrics/subgroup_diagnostics.json,re2ob.root.recommendationservice.A3-A2.root_rank,0.0,DIAGNOSTIC,false
artifacts/p4_g0/metrics/subgroup_diagnostics.json,re2tt.MI.MI-1.A1-A0.AC@1,0.1,DIAGNOSTIC,false
artifacts/p4_g0/metrics/subgroup_diagnostics.json,re2tt.MI.MI-1.A1-A0.Avg@5,0.06666666666666667,DIAGNOSTIC,false
artifacts/p4_g0/metrics/subgroup_diagnostics.json,re2tt.MI.MI-1.A1-A0.cases,90,DIAGNOSTIC,false
artifacts/p4_g0/metrics/subgroup_diagnostics.json,re2tt.MI.MI-1.A1-A0.root_rank,-0.2111111111111111,DIAGNOSTIC,false
artifacts/p4_g0/metrics/subgroup_diagnostics.json,re2tt.MI.MI-1.A3-A2.AC@1,0.0,DIAGNOSTIC,false
artifacts/p4_g0/metrics/subgroup_diagnostics.json,re2tt.MI.MI-1.A3-A2.Avg@5,0.004444444444444444,DIAGNOSTIC,false
artifacts/p4_g0/metrics/subgroup_diagnostics.json,re2tt.MI.MI-1.A3-A2.cases,90,DIAGNOSTIC,false
artifacts/p4_g0/metrics/subgroup_diagnostics.json,re2tt.MI.MI-1.A3-A2.root_rank,0.03333333333333333,DIAGNOSTIC,false
artifacts/p4_g0/metrics/subgroup_diagnostics.json,re2tt.MI.MI-3.A1-A0.AC@1,0.09411764705882353,DIAGNOSTIC,false
artifacts/p4_g0/metrics/subgroup_diagnostics.json,re2tt.MI.MI-3.A1-A0.Avg@5,0.05647058823529411,DIAGNOSTIC,false
artifacts/p4_g0/metrics/subgroup_diagnostics.json,re2tt.MI.MI-3.A1-A0.cases,85,DIAGNOSTIC,false
artifacts/p4_g0/metrics/subgroup_diagnostics.json,re2tt.MI.MI-3.A1-A0.root_rank,-0.07058823529411765,DIAGNOSTIC,false
artifacts/p4_g0/metrics/subgroup_diagnostics.json,re2tt.MI.MI-3.A3-A2.AC@1,0.011764705882352941,DIAGNOSTIC,false
artifacts/p4_g0/metrics/subgroup_diagnostics.json,re2tt.MI.MI-3.A3-A2.Avg@5,0.007058823529411766,DIAGNOSTIC,false
artifacts/p4_g0/metrics/subgroup_diagnostics.json,re2tt.MI.MI-3.A3-A2.cases,85,DIAGNOSTIC,false
artifacts/p4_g0/metrics/subgroup_diagnostics.json,re2tt.MI.MI-3.A3-A2.root_rank,0.023529411764705882,DIAGNOSTIC,false
artifacts/p4_g0/metrics/subgroup_diagnostics.json,re2tt.MI.non-MI-1.A1-A0.AC@1,,DIAGNOSTIC,false
artifacts/p4_g0/metrics/subgroup_diagnostics.json,re2tt.MI.non-MI-1.A1-A0.Avg@5,,DIAGNOSTIC,false
artifacts/p4_g0/metrics/subgroup_diagnostics.json,re2tt.MI.non-MI-1.A1-A0.cases,0,DIAGNOSTIC,false
artifacts/p4_g0/metrics/subgroup_diagnostics.json,re2tt.MI.non-MI-1.A1-A0.root_rank,,DIAGNOSTIC,false
artifacts/p4_g0/metrics/subgroup_diagnostics.json,re2tt.MI.non-MI-1.A3-A2.AC@1,,DIAGNOSTIC,false
artifacts/p4_g0/metrics/subgroup_diagnostics.json,re2tt.MI.non-MI-1.A3-A2.Avg@5,,DIAGNOSTIC,false
artifacts/p4_g0/metrics/subgroup_diagnostics.json,re2tt.MI.non-MI-1.A3-A2.cases,0,DIAGNOSTIC,false
artifacts/p4_g0/metrics/subgroup_diagnostics.json,re2tt.MI.non-MI-1.A3-A2.root_rank,,DIAGNOSTIC,false
artifacts/p4_g0/metrics/subgroup_diagnostics.json,re2tt.MI.non-MI-3.A1-A0.AC@1,0.2,DIAGNOSTIC,false
artifacts/p4_g0/metrics/subgroup_diagnostics.json,re2tt.MI.non-MI-3.A1-A0.Avg@5,0.24000000000000005,DIAGNOSTIC,false
artifacts/p4_g0/metrics/subgroup_diagnostics.json,re2tt.MI.non-MI-3.A1-A0.cases,5,DIAGNOSTIC,false
artifacts/p4_g0/metrics/subgroup_diagnostics.json,re2tt.MI.non-MI-3.A1-A0.root_rank,-2.6,DIAGNOSTIC,false
artifacts/p4_g0/metrics/subgroup_diagnostics.json,re2tt.MI.non-MI-3.A3-A2.AC@1,-0.2,DIAGNOSTIC,false
artifacts/p4_g0/metrics/subgroup_diagnostics.json,re2tt.MI.non-MI-3.A3-A2.Avg@5,-0.039999999999999994,DIAGNOSTIC,false
artifacts/p4_g0/metrics/subgroup_diagnostics.json,re2tt.MI.non-MI-3.A3-A2.cases,5,DIAGNOSTIC,false
artifacts/p4_g0/metrics/subgroup_diagnostics.json,re2tt.MI.non-MI-3.A3-A2.root_rank,0.2,DIAGNOSTIC,false
artifacts/p4_g0/metrics/subgroup_diagnostics.json,re2tt.fault.cpu.A1-A0.AC@1,0.06666666666666667,DIAGNOSTIC,false
artifacts/p4_g0/metrics/subgroup_diagnostics.json,re2tt.fault.cpu.A1-A0.Avg@5,0.17333333333333334,DIAGNOSTIC,false
artifacts/p4_g0/metrics/subgroup_diagnostics.json,re2tt.fault.cpu.A1-A0.cases,15,DIAGNOSTIC,false
artifacts/p4_g0/metrics/subgroup_diagnostics.json,re2tt.fault.cpu.A1-A0.root_rank,-1.8666666666666667,DIAGNOSTIC,false
artifacts/p4_g0/metrics/subgroup_diagnostics.json,re2tt.fault.cpu.A3-A2.AC@1,0.06666666666666667,DIAGNOSTIC,false
artifacts/p4_g0/metrics/subgroup_diagnostics.json,re2tt.fault.cpu.A3-A2.Avg@5,0.01333333333333333,DIAGNOSTIC,false
artifacts/p4_g0/metrics/subgroup_diagnostics.json,re2tt.fault.cpu.A3-A2.cases,15,DIAGNOSTIC,false
artifacts/p4_g0/metrics/subgroup_diagnostics.json,re2tt.fault.cpu.A3-A2.root_rank,-0.06666666666666667,DIAGNOSTIC,false
artifacts/p4_g0/metrics/subgroup_diagnostics.json,re2tt.fault.delay.A1-A0.AC@1,0.13333333333333333,DIAGNOSTIC,false
artifacts/p4_g0/metrics/subgroup_diagnostics.json,re2tt.fault.delay.A1-A0.Avg@5,0.07999999999999999,DIAGNOSTIC,false
artifacts/p4_g0/metrics/subgroup_diagnostics.json,re2tt.fault.delay.A1-A0.cases,15,DIAGNOSTIC,false
artifacts/p4_g0/metrics/subgroup_diagnostics.json,re2tt.fault.delay.A1-A0.root_rank,0.8,DIAGNOSTIC,false
artifacts/p4_g0/metrics/subgroup_diagnostics.json,re2tt.fault.delay.A3-A2.AC@1,0.06666666666666667,DIAGNOSTIC,false
artifacts/p4_g0/metrics/subgroup_diagnostics.json,re2tt.fault.delay.A3-A2.Avg@5,0.09333333333333334,DIAGNOSTIC,false
artifacts/p4_g0/metrics/subgroup_diagnostics.json,re2tt.fault.delay.A3-A2.cases,15,DIAGNOSTIC,false
artifacts/p4_g0/metrics/subgroup_diagnostics.json,re2tt.fault.delay.A3-A2.root_rank,0.13333333333333333,DIAGNOSTIC,false
artifacts/p4_g0/metrics/subgroup_diagnostics.json,re2tt.fault.disk.A1-A0.AC@1,0.0,DIAGNOSTIC,false
artifacts/p4_g0/metrics/subgroup_diagnostics.json,re2tt.fault.disk.A1-A0.Avg@5,0.0,DIAGNOSTIC,false
artifacts/p4_g0/metrics/subgroup_diagnostics.json,re2tt.fault.disk.A1-A0.cases,15,DIAGNOSTIC,false
artifacts/p4_g0/metrics/subgroup_diagnostics.json,re2tt.fault.disk.A1-A0.root_rank,0.0,DIAGNOSTIC,false
artifacts/p4_g0/metrics/subgroup_diagnostics.json,re2tt.fault.disk.A3-A2.AC@1,0.0,DIAGNOSTIC,false
artifacts/p4_g0/metrics/subgroup_diagnostics.json,re2tt.fault.disk.A3-A2.Avg@5,0.0,DIAGNOSTIC,false
artifacts/p4_g0/metrics/subgroup_diagnostics.json,re2tt.fault.disk.A3-A2.cases,15,DIAGNOSTIC,false
artifacts/p4_g0/metrics/subgroup_diagnostics.json,re2tt.fault.disk.A3-A2.root_rank,0.0,DIAGNOSTIC,false
artifacts/p4_g0/metrics/subgroup_diagnostics.json,re2tt.fault.loss.A1-A0.AC@1,0.0,DIAGNOSTIC,false
artifacts/p4_g0/metrics/subgroup_diagnostics.json,re2tt.fault.loss.A1-A0.Avg@5,-0.05333333333333334,DIAGNOSTIC,false
artifacts/p4_g0/metrics/subgroup_diagnostics.json,re2tt.fault.loss.A1-A0.cases,15,DIAGNOSTIC,false
artifacts/p4_g0/metrics/subgroup_diagnostics.json,re2tt.fault.loss.A1-A0.root_rank,1.2666666666666666,DIAGNOSTIC,false
artifacts/p4_g0/metrics/subgroup_diagnostics.json,re2tt.fault.loss.A3-A2.AC@1,-0.06666666666666667,DIAGNOSTIC,false
artifacts/p4_g0/metrics/subgroup_diagnostics.json,re2tt.fault.loss.A3-A2.Avg@5,-0.02666666666666667,DIAGNOSTIC,false
artifacts/p4_g0/metrics/subgroup_diagnostics.json,re2tt.fault.loss.A3-A2.cases,15,DIAGNOSTIC,false
artifacts/p4_g0/metrics/subgroup_diagnostics.json,re2tt.fault.loss.A3-A2.root_rank,-0.13333333333333333,DIAGNOSTIC,false
artifacts/p4_g0/metrics/subgroup_diagnostics.json,re2tt.fault.mem.A1-A0.AC@1,0.06666666666666667,DIAGNOSTIC,false
artifacts/p4_g0/metrics/subgroup_diagnostics.json,re2tt.fault.mem.A1-A0.Avg@5,0.14666666666666667,DIAGNOSTIC,false
artifacts/p4_g0/metrics/subgroup_diagnostics.json,re2tt.fault.mem.A1-A0.cases,15,DIAGNOSTIC,false
artifacts/p4_g0/metrics/subgroup_diagnostics.json,re2tt.fault.mem.A1-A0.root_rank,-1.2,DIAGNOSTIC,false
artifacts/p4_g0/metrics/subgroup_diagnostics.json,re2tt.fault.mem.A3-A2.AC@1,0.0,DIAGNOSTIC,false
artifacts/p4_g0/metrics/subgroup_diagnostics.json,re2tt.fault.mem.A3-A2.Avg@5,0.013333333333333338,DIAGNOSTIC,false
artifacts/p4_g0/metrics/subgroup_diagnostics.json,re2tt.fault.mem.A3-A2.cases,15,DIAGNOSTIC,false
artifacts/p4_g0/metrics/subgroup_diagnostics.json,re2tt.fault.mem.A3-A2.root_rank,-0.06666666666666667,DIAGNOSTIC,false
artifacts/p4_g0/metrics/subgroup_diagnostics.json,re2tt.fault.socket.A1-A0.AC@1,0.3333333333333333,DIAGNOSTIC,false
artifacts/p4_g0/metrics/subgroup_diagnostics.json,re2tt.fault.socket.A1-A0.Avg@5,0.05333333333333332,DIAGNOSTIC,false
artifacts/p4_g0/metrics/subgroup_diagnostics.json,re2tt.fault.socket.A1-A0.cases,15,DIAGNOSTIC,false
artifacts/p4_g0/metrics/subgroup_diagnostics.json,re2tt.fault.socket.A1-A0.root_rank,-0.26666666666666666,DIAGNOSTIC,false
artifacts/p4_g0/metrics/subgroup_diagnostics.json,re2tt.fault.socket.A3-A2.AC@1,-0.06666666666666667,DIAGNOSTIC,false
artifacts/p4_g0/metrics/subgroup_diagnostics.json,re2tt.fault.socket.A3-A2.Avg@5,-0.06666666666666667,DIAGNOSTIC,false
artifacts/p4_g0/metrics/subgroup_diagnostics.json,re2tt.fault.socket.A3-A2.cases,15,DIAGNOSTIC,false
artifacts/p4_g0/metrics/subgroup_diagnostics.json,re2tt.fault.socket.A3-A2.root_rank,0.3333333333333333,DIAGNOSTIC,false
artifacts/p4_g0/metrics/subgroup_diagnostics.json,re2tt.fold.0.A1-A0.AC@1,0.06666666666666667,DIAGNOSTIC,false
artifacts/p4_g0/metrics/subgroup_diagnostics.json,re2tt.fold.0.A1-A0.Avg@5,0.06666666666666667,DIAGNOSTIC,false
artifacts/p4_g0/metrics/subgroup_diagnostics.json,re2tt.fold.0.A1-A0.cases,30,DIAGNOSTIC,false
artifacts/p4_g0/metrics/subgroup_diagnostics.json,re2tt.fold.0.A1-A0.root_rank,-0.8666666666666667,DIAGNOSTIC,false
artifacts/p4_g0/metrics/subgroup_diagnostics.json,re2tt.fold.0.A3-A2.AC@1,0.0,DIAGNOSTIC,false
artifacts/p4_g0/metrics/subgroup_diagnostics.json,re2tt.fold.0.A3-A2.Avg@5,0.006666666666666665,DIAGNOSTIC,false
artifacts/p4_g0/metrics/subgroup_diagnostics.json,re2tt.fold.0.A3-A2.cases,30,DIAGNOSTIC,false
artifacts/p4_g0/metrics/subgroup_diagnostics.json,re2tt.fold.0.A3-A2.root_rank,0.0,DIAGNOSTIC,false
artifacts/p4_g0/metrics/subgroup_diagnostics.json,re2tt.fold.1.A1-A0.AC@1,0.03333333333333333,DIAGNOSTIC,false
artifacts/p4_g0/metrics/subgroup_diagnostics.json,re2tt.fold.1.A1-A0.Avg@5,0.04666666666666666,DIAGNOSTIC,false
artifacts/p4_g0/metrics/subgroup_diagnostics.json,re2tt.fold.1.A1-A0.cases,30,DIAGNOSTIC,false
artifacts/p4_g0/metrics/subgroup_diagnostics.json,re2tt.fold.1.A1-A0.root_rank,0.6666666666666666,DIAGNOSTIC,false
artifacts/p4_g0/metrics/subgroup_diagnostics.json,re2tt.fold.1.A3-A2.AC@1,-0.03333333333333333,DIAGNOSTIC,false
artifacts/p4_g0/metrics/subgroup_diagnostics.json,re2tt.fold.1.A3-A2.Avg@5,-0.01333333333333333,DIAGNOSTIC,false
artifacts/p4_g0/metrics/subgroup_diagnostics.json,re2tt.fold.1.A3-A2.cases,30,DIAGNOSTIC,false
artifacts/p4_g0/metrics/subgroup_diagnostics.json,re2tt.fold.1.A3-A2.root_rank,0.16666666666666666,DIAGNOSTIC,false
artifacts/p4_g0/metrics/subgroup_diagnostics.json,re2tt.fold.2.A1-A0.AC@1,0.2,DIAGNOSTIC,false
artifacts/p4_g0/metrics/subgroup_diagnostics.json,re2tt.fold.2.A1-A0.Avg@5,0.08666666666666667,DIAGNOSTIC,false
artifacts/p4_g0/metrics/subgroup_diagnostics.json,re2tt.fold.2.A1-A0.cases,30,DIAGNOSTIC,false
artifacts/p4_g0/metrics/subgroup_diagnostics.json,re2tt.fold.2.A1-A0.root_rank,-0.43333333333333335,DIAGNOSTIC,false
artifacts/p4_g0/metrics/subgroup_diagnostics.json,re2tt.fold.2.A3-A2.AC@1,0.03333333333333333,DIAGNOSTIC,false
artifacts/p4_g0/metrics/subgroup_diagnostics.json,re2tt.fold.2.A3-A2.Avg@5,0.02,DIAGNOSTIC,false
artifacts/p4_g0/metrics/subgroup_diagnostics.json,re2tt.fold.2.A3-A2.cases,30,DIAGNOSTIC,false
artifacts/p4_g0/metrics/subgroup_diagnostics.json,re2tt.fold.2.A3-A2.root_rank,-0.06666666666666667,DIAGNOSTIC,false
artifacts/p4_g0/metrics/subgroup_diagnostics.json,re2tt.root.ts-auth-service.A1-A0.AC@1,0.0,DIAGNOSTIC,false
artifacts/p4_g0/metrics/subgroup_diagnostics.json,re2tt.root.ts-auth-service.A1-A0.Avg@5,-0.05555555555555555,DIAGNOSTIC,false
artifacts/p4_g0/metrics/subgroup_diagnostics.json,re2tt.root.ts-auth-service.A1-A0.cases,18,DIAGNOSTIC,false
artifacts/p4_g0/metrics/subgroup_diagnostics.json,re2tt.root.ts-auth-service.A1-A0.root_rank,2.3333333333333335,DIAGNOSTIC,false
artifacts/p4_g0/metrics/subgroup_diagnostics.json,re2tt.root.ts-auth-service.A3-A2.AC@1,0.0,DIAGNOSTIC,false
artifacts/p4_g0/metrics/subgroup_diagnostics.json,re2tt.root.ts-auth-service.A3-A2.Avg@5,-0.011111111111111115,DIAGNOSTIC,false
artifacts/p4_g0/metrics/subgroup_diagnostics.json,re2tt.root.ts-auth-service.A3-A2.cases,18,DIAGNOSTIC,false
artifacts/p4_g0/metrics/subgroup_diagnostics.json,re2tt.root.ts-auth-service.A3-A2.root_rank,0.1111111111111111,DIAGNOSTIC,false
artifacts/p4_g0/metrics/subgroup_diagnostics.json,re2tt.root.ts-order-service.A1-A0.AC@1,-0.05555555555555555,DIAGNOSTIC,false
artifacts/p4_g0/metrics/subgroup_diagnostics.json,re2tt.root.ts-order-service.A1-A0.Avg@5,-0.03333333333333333,DIAGNOSTIC,false
artifacts/p4_g0/metrics/subgroup_diagnostics.json,re2tt.root.ts-order-service.A1-A0.cases,18,DIAGNOSTIC,false
artifacts/p4_g0/metrics/subgroup_diagnostics.json,re2tt.root.ts-order-service.A1-A0.root_rank,0.16666666666666666,DIAGNOSTIC,false
artifacts/p4_g0/metrics/subgroup_diagnostics.json,re2tt.root.ts-order-service.A3-A2.AC@1,0.0,DIAGNOSTIC,false
artifacts/p4_g0/metrics/subgroup_diagnostics.json,re2tt.root.ts-order-service.A3-A2.Avg@5,0.011111111111111108,DIAGNOSTIC,false
artifacts/p4_g0/metrics/subgroup_diagnostics.json,re2tt.root.ts-order-service.A3-A2.cases,18,DIAGNOSTIC,false
artifacts/p4_g0/metrics/subgroup_diagnostics.json,re2tt.root.ts-order-service.A3-A2.root_rank,0.0,DIAGNOSTIC,false
artifacts/p4_g0/metrics/subgroup_diagnostics.json,re2tt.root.ts-route-service.A1-A0.AC@1,0.3333333333333333,DIAGNOSTIC,false
artifacts/p4_g0/metrics/subgroup_diagnostics.json,re2tt.root.ts-route-service.A1-A0.Avg@5,0.1888888888888889,DIAGNOSTIC,false
artifacts/p4_g0/metrics/subgroup_diagnostics.json,re2tt.root.ts-route-service.A1-A0.cases,18,DIAGNOSTIC,false
artifacts/p4_g0/metrics/subgroup_diagnostics.json,re2tt.root.ts-route-service.A1-A0.root_rank,-1.7222222222222223,DIAGNOSTIC,false
artifacts/p4_g0/metrics/subgroup_diagnostics.json,re2tt.root.ts-route-service.A3-A2.AC@1,-0.1111111111111111,DIAGNOSTIC,false
artifacts/p4_g0/metrics/subgroup_diagnostics.json,re2tt.root.ts-route-service.A3-A2.Avg@5,0.01111111111111112,DIAGNOSTIC,false
artifacts/p4_g0/metrics/subgroup_diagnostics.json,re2tt.root.ts-route-service.A3-A2.cases,18,DIAGNOSTIC,false
artifacts/p4_g0/metrics/subgroup_diagnostics.json,re2tt.root.ts-route-service.A3-A2.root_rank,-0.05555555555555555,DIAGNOSTIC,false
artifacts/p4_g0/metrics/subgroup_diagnostics.json,re2tt.root.ts-train-service.A1-A0.AC@1,0.1111111111111111,DIAGNOSTIC,false
artifacts/p4_g0/metrics/subgroup_diagnostics.json,re2tt.root.ts-train-service.A1-A0.Avg@5,0.2888888888888889,DIAGNOSTIC,false
artifacts/p4_g0/metrics/subgroup_diagnostics.json,re2tt.root.ts-train-service.A1-A0.cases,18,DIAGNOSTIC,false
artifacts/p4_g0/metrics/subgroup_diagnostics.json,re2tt.root.ts-train-service.A1-A0.root_rank,-2.3333333333333335,DIAGNOSTIC,false
artifacts/p4_g0/metrics/subgroup_diagnostics.json,re2tt.root.ts-train-service.A3-A2.AC@1,0.05555555555555555,DIAGNOSTIC,false
artifacts/p4_g0/metrics/subgroup_diagnostics.json,re2tt.root.ts-train-service.A3-A2.Avg@5,0.022222222222222223,DIAGNOSTIC,false
artifacts/p4_g0/metrics/subgroup_diagnostics.json,re2tt.root.ts-train-service.A3-A2.cases,18,DIAGNOSTIC,false
artifacts/p4_g0/metrics/subgroup_diagnostics.json,re2tt.root.ts-train-service.A3-A2.root_rank,-0.1111111111111111,DIAGNOSTIC,false
artifacts/p4_g0/metrics/subgroup_diagnostics.json,re2tt.root.ts-travel-service.A1-A0.AC@1,0.1111111111111111,DIAGNOSTIC,false
artifacts/p4_g0/metrics/subgroup_diagnostics.json,re2tt.root.ts-travel-service.A1-A0.Avg@5,-0.05555555555555555,DIAGNOSTIC,false
artifacts/p4_g0/metrics/subgroup_diagnostics.json,re2tt.root.ts-travel-service.A1-A0.cases,18,DIAGNOSTIC,false
artifacts/p4_g0/metrics/subgroup_diagnostics.json,re2tt.root.ts-travel-service.A1-A0.root_rank,0.5,DIAGNOSTIC,false
artifacts/p4_g0/metrics/subgroup_diagnostics.json,re2tt.root.ts-travel-service.A3-A2.AC@1,0.05555555555555555,DIAGNOSTIC,false
artifacts/p4_g0/metrics/subgroup_diagnostics.json,re2tt.root.ts-travel-service.A3-A2.Avg@5,-0.011111111111111115,DIAGNOSTIC,false
artifacts/p4_g0/metrics/subgroup_diagnostics.json,re2tt.root.ts-travel-service.A3-A2.cases,18,DIAGNOSTIC,false
artifacts/p4_g0/metrics/subgroup_diagnostics.json,re2tt.root.ts-travel-service.A3-A2.root_rank,0.2222222222222222,DIAGNOSTIC,false
